/*
 * PS one console texture data (see modeltex.h).
 *
 * Split out of the header it used to live in. It is now referenced from two
 * places - "GPU: Test PlayStation Model" (model_test.c) and the PS Logo Pose
 * tool's model D (xmb_bg.c) - and a `static const` array in a header would
 * give each of them its own copy, quietly costing 32 KB of a 2 MB console for
 * two identical blocks of bytes.
 */

#include "main/model/modeltex.h"

const uint16_t modeltexTextureData[MODELTEX_WIDTH * MODELTEX_HEIGHT]
	__attribute__((aligned(4))) = {
    0x6f7b, 0x6f7b, 0x6f7b, 0x6f7b, 0x6f7b, 0x6f7b, 0x6f7b, 0x6f7b, 0x6f7b, 0x6f7b, 0x6f7b, 0x6f7b, 0x6f7b, 0x6f7b, 0x6f7b, 0x6f7b,
    0x6f7b, 0x6f7b, 0x6f7b, 0x6f7b, 0x6f7b, 0x6f7b, 0x6f7b, 0x6f7b, 0x6f7b, 0x6f7b, 0x6f7b, 0x6f7b, 0x6f7b, 0x6f7b, 0x6f7b, 0x6f7b,
    0x6f7b, 0x6f7b, 0x6f7b, 0x6f7b, 0x6f7b, 0x6f7b, 0x6f7b, 0x6f7b, 0x6f7b, 0x6f7b, 0x6f7b, 0x6f7b, 0x6f7b, 0x6f7b, 0x6f7b, 0x6f7b,
    0x6f7b, 0x6f7b, 0x6f7b, 0x6f7b, 0x6f7b, 0x6f7b, 0x6f7b, 0x6f7b, 0x6f7b, 0x6f7b, 0x6f7b, 0x6f7b, 0x6f7b, 0x6f7b, 0x6f7b, 0x6f7b,
    0x6f7b, 0x6f7b, 0x6f7b, 0x6f7b, 0x6f7b, 0x6f7b, 0x6f7b, 0x6f7b, 0x6f7b, 0x6f7b, 0x6f7b, 0x6f7b, 0x6f7b, 0x6f7b, 0x6f7b, 0x6f7b,
    0x6f7b, 0x6f7b, 0x6f7b, 0x6f7b, 0x6f7b, 0x6f7b, 0x6f7b, 0x6f7b, 0x6f7b, 0x6f7b, 0x6f7b, 0x6f7b, 0x6f7b, 0x6f7b, 0x6f7b, 0x6f7b,
    0x6f7b, 0x6f7b, 0x6f7b, 0x6f7b, 0x6f7b, 0x6f7b, 0x6f7b, 0x6f7b, 0x6f7b, 0x6f7b, 0x6f7b, 0x6f7b, 0x6f7b, 0x6f7b, 0x6f7b, 0x6f7b,
    0x6f7b, 0x6f7b, 0x6f7b, 0x6f7b, 0x6f7b, 0x6f7b, 0x6f7b, 0x6f7b, 0x6f7b, 0x6f7b, 0x6f7b, 0x6f7b, 0x6f7b, 0x6f7b, 0x6f7b, 0x6f7b,
    0x6f7b, 0x6f7b, 0x6f7b, 0x6f7b, 0x6f7b, 0x6f7b, 0x6f7b, 0x6f7b, 0x6f7b, 0x6f7b, 0x6f7b, 0x6f7b, 0x6f7b, 0x6f7b, 0x6f7b, 0x6f7b,
    0x6f7b, 0x6f7b, 0x6f7b, 0x6f7b, 0x6f7b, 0x6318, 0x6f7b, 0x6f7b, 0x6f7b, 0x6f7b, 0x6f7b, 0x6f7b, 0x6f7b, 0x6f7b, 0x6f7b, 0x6f7b,
    0x6f7b, 0x6f7b, 0x6f7b, 0x6f7b, 0x6f7b, 0x6f7b, 0x6f7b, 0x6f7b, 0x6f7b, 0x6f7b, 0x6f7b, 0x6f7b, 0x6f7b, 0x6f7b, 0x6f7b, 0x6f7b,
    0x6f7b, 0x6f7b, 0x6f7b, 0x6f7b, 0x6f7b, 0x6f7b, 0x6f7b, 0x6f7b, 0x6f7b, 0x6f7b, 0x6f7b, 0x6f7b, 0x6f7b, 0x6f7b, 0x6f7b, 0x6f7b,
    0x6f7b, 0x6f7b, 0x6f7b, 0x6f7b, 0x6f7b, 0x6f7b, 0x6f7b, 0x6f7b, 0x6f7b, 0x6f7b, 0x6f7b, 0x6f7b, 0x6f7b, 0x6f7b, 0x6f7b, 0x6f7b,
    0x6f7b, 0x6f7b, 0x6f7b, 0x6f7b, 0x6f7b, 0x6f7b, 0x6f7b, 0x6f7b, 0x6f7b, 0x6f7b, 0x6f7b, 0x6f7b, 0x6f7b, 0x6f7b, 0x6f7b, 0x6f7b,
    0x6f7b, 0x6f7b, 0x6f7b, 0x6f7b, 0x6f7b, 0x6f7b, 0x6f7b, 0x6f7b, 0x6f7b, 0x6f7b, 0x6f7b, 0x6f7b, 0x6f7b, 0x6f7b, 0x6f7b, 0x6f7b,
    0x6f7b, 0x6f7b, 0x6f7b, 0x6f7b, 0x6f7b, 0x6f7b, 0x6f7b, 0x6f7b, 0x6f7b, 0x6f7b, 0x6f7b, 0x6f7b, 0x6f7b, 0x6f7b, 0x6f7b, 0x6f7b,
    0x6f7b, 0x6f7b, 0x6f7b, 0x6f7b, 0x6f7b, 0x6f7b, 0x6f7b, 0x6f7b, 0x6f7b, 0x6f7b, 0x6f7b, 0x6f7b, 0x6f7b, 0x6f7b, 0x6f7b, 0x6f7b,
    0x6f7b, 0x6f7b, 0x6f7b, 0x6f7b, 0x6f7b, 0x6318, 0x6f7b, 0x6f7b, 0x6f7b, 0x6f7b, 0x6f7b, 0x6f7b, 0x6f7b, 0x6f7b, 0x6f7b, 0x6f7b,
    0x6f7b, 0x6f7b, 0x6f7b, 0x6f7b, 0x6f7b, 0x6f7b, 0x6f7b, 0x6f7b, 0x6f7b, 0x6f7b, 0x6f7b, 0x6f7b, 0x6f7b, 0x6f7b, 0x6f7b, 0x6f7b,
    0x6f7b, 0x6f7b, 0x6f7b, 0x6f7b, 0x6f7b, 0x6f7b, 0x6f7b, 0x6f7b, 0x6f7b, 0x6f7b, 0x6f7b, 0x6f7b, 0x6f7b, 0x6f7b, 0x6f7b, 0x6f7b,
    0x6f7b, 0x6f7b, 0x6f7b, 0x6f7b, 0x6f7b, 0x6f7b, 0x6f7b, 0x6f7b, 0x6f7b, 0x6f7b, 0x6f7b, 0x6f7b, 0x6f7b, 0x6f7b, 0x6f7b, 0x6f7b,
    0x6f7b, 0x6f7b, 0x6f7b, 0x6f7b, 0x6f7b, 0x6f7b, 0x6f7b, 0x6f7b, 0x6f7b, 0x6f7b, 0x6f7b, 0x6f7b, 0x6f7b, 0x6f7b, 0x6f7b, 0x6f7b,
    0x6f7b, 0x6f7b, 0x6f7b, 0x6f7b, 0x6f7b, 0x6f7b, 0x6f7b, 0x6f7b, 0x6f7b, 0x6f7b, 0x6f7b, 0x6f7b, 0x6f7b, 0x6f7b, 0x6f7b, 0x6f7b,
    0x6f7b, 0x6f7b, 0x6f7b, 0x6f7b, 0x6f7b, 0x6f7b, 0x6f7b, 0x6f7b, 0x6f7b, 0x6f7b, 0x6f7b, 0x6f7b, 0x6f7b, 0x6f7b, 0x6f7b, 0x6f7b,
    0x6f7b, 0x6f7b, 0x6f7b, 0x6f7b, 0x6f7b, 0x6f7b, 0x6f7b, 0x6f7b, 0x6f7b, 0x6f7b, 0x6f7b, 0x6f7b, 0x6f7b, 0x6f7b, 0x6f7b, 0x6f7b,
    0x6f7b, 0x6f7b, 0x6f7b, 0x6f7b, 0x6f7b, 0x6318, 0x6f7b, 0x6f7b, 0x6f7b, 0x6f7b, 0x6f7b, 0x6f7b, 0x6f7b, 0x6f7b, 0x6f7b, 0x6f7b,
    0x6f7b, 0x6f7b, 0x6f7b, 0x6f7b, 0x6f7b, 0x6f7b, 0x6f7b, 0x6f7b, 0x6f7b, 0x6f7b, 0x6f7b, 0x6f7b, 0x6f7b, 0x6f7b, 0x6f7b, 0x6f7b,
    0x6f7b, 0x6f7b, 0x6f7b, 0x6f7b, 0x6f7b, 0x6f7b, 0x6f7b, 0x6f7b, 0x6f7b, 0x6f7b, 0x6f7b, 0x6f7b, 0x6f7b, 0x6f7b, 0x6f7b, 0x6f7b,
    0x6f7b, 0x6f7b, 0x6f7b, 0x6f7b, 0x6f7b, 0x6f7b, 0x6f7b, 0x6f7b, 0x6f7b, 0x6f7b, 0x6f7b, 0x6f7b, 0x6f7b, 0x6f7b, 0x6f7b, 0x6f7b,
    0x6f7b, 0x6f7b, 0x6f7b, 0x6f7b, 0x6f7b, 0x6f7b, 0x6f7b, 0x6f7b, 0x6f7b, 0x6f7b, 0x6f7b, 0x6f7b, 0x6f7b, 0x6f7b, 0x6f7b, 0x6f7b,
    0x6f7b, 0x6f7b, 0x6f7b, 0x6f7b, 0x6f7b, 0x6f7b, 0x6f7b, 0x6f7b, 0x6f7b, 0x6f7b, 0x6f7b, 0x6f7b, 0x6f7b, 0x6f7b, 0x6f7b, 0x6f7b,
    0x6f7b, 0x6f7b, 0x6f7b, 0x6f7b, 0x6f7b, 0x6f7b, 0x6f7b, 0x6f7b, 0x6f7b, 0x6f7b, 0x6f7b, 0x6f7b, 0x6f7b, 0x6f7b, 0x6f7b, 0x6f7b,
    0x6f7b, 0x6f7b, 0x6f7b, 0x6f7b, 0x6f7b, 0x6f7b, 0x6f7b, 0x6f7b, 0x6f7b, 0x6f7b, 0x6f7b, 0x6f7b, 0x6f7b, 0x6f7b, 0x6f7b, 0x6f7b,
    0x6f7b, 0x6f7b, 0x6f7b, 0x6f7b, 0x6f7b, 0x6318, 0x6f7b, 0x6f7b, 0x6f7b, 0x6f7b, 0x6f7b, 0x6f7b, 0x6f7b, 0x6f7b, 0x6f7b, 0x6f7b,
    0x6f7b, 0x6f7b, 0x6f7b, 0x6f7b, 0x6f7b, 0x6f7b, 0x6f7b, 0x6f7b, 0x6f7b, 0x6f7b, 0x6f7b, 0x6f7b, 0x6f7b, 0x6f7b, 0x6f7b, 0x6f7b,
    0x6f7b, 0x6f7b, 0x6f7b, 0x6f7b, 0x6f7b, 0x6f7b, 0x6f7b, 0x6f7b, 0x6f7b, 0x6f7b, 0x6f7b, 0x6f7b, 0x6f7b, 0x6f7b, 0x6f7b, 0x6f7b,
    0x6f7b, 0x6f7b, 0x6f7b, 0x6f7b, 0x6f7b, 0x6f7b, 0x6f7b, 0x6f7b, 0x6f7b, 0x6f7b, 0x6f7b, 0x6f7b, 0x6f7b, 0x6f7b, 0x6f7b, 0x6f7b,
    0x6f7b, 0x6f7b, 0x6f7b, 0x6f7b, 0x6f7b, 0x6f7b, 0x6f7b, 0x6f7b, 0x6f7b, 0x6f7b, 0x6f7b, 0x6f7b, 0x6f7b, 0x6f7b, 0x6f7b, 0x6f7b,
    0x6f7b, 0x6f7b, 0x6f7b, 0x6f7b, 0x6f7b, 0x6f7b, 0x6f7b, 0x6f7b, 0x6f7b, 0x6f7b, 0x6f7b, 0x6f7b, 0x6f7b, 0x6f7b, 0x6f7b, 0x6f7b,
    0x6f7b, 0x6f7b, 0x6f7b, 0x6f7b, 0x6f7b, 0x6f7b, 0x6f7b, 0x6f7b, 0x6f7b, 0x6f7b, 0x6f7b, 0x6f7b, 0x6f7b, 0x6f7b, 0x6f7b, 0x6f7b,
    0x6f7b, 0x6f7b, 0x6f7b, 0x6f7b, 0x6f7b, 0x6f7b, 0x6f7b, 0x6f7b, 0x6f7b, 0x6f7b, 0x6f7b, 0x6f7b, 0x6f7b, 0x6f7b, 0x6f7b, 0x6f7b,
    0x6f7b, 0x6f7b, 0x6f7b, 0x6f7b, 0x6f7b, 0x6318, 0x6f7b, 0x6f7b, 0x6f7b, 0x6f7b, 0x6f7b, 0x6f7b, 0x6f7b, 0x6f7b, 0x6f7b, 0x6f7b,
    0x6f7b, 0x6f7b, 0x6f7b, 0x6f7b, 0x6f7b, 0x6f7b, 0x6f7b, 0x6f7b, 0x6f7b, 0x6f7b, 0x6f7b, 0x6f7b, 0x6f7b, 0x6f7b, 0x6f7b, 0x6f7b,
    0x6f7b, 0x6f7b, 0x6f7b, 0x6f7b, 0x6f7b, 0x6f7b, 0x6f7b, 0x6f7b, 0x6f7b, 0x6f7b, 0x6f7b, 0x6f7b, 0x6f7b, 0x6f7b, 0x6f7b, 0x6f7b,
    0x6f7b, 0x6f7b, 0x6f7b, 0x6f7b, 0x6f7b, 0x6f7b, 0x6f7b, 0x6f7b, 0x6f7b, 0x6f7b, 0x6f7b, 0x6f7b, 0x6f7b, 0x6f7b, 0x6f7b, 0x6f7b,
    0x6f7b, 0x6f7b, 0x6f7b, 0x6f7b, 0x6f7b, 0x6f7b, 0x6f7b, 0x6f7b, 0x6f7b, 0x6f7b, 0x6f7b, 0x6f7b, 0x6f7b, 0x6f7b, 0x6f7b, 0x6f7b,
    0x6f7b, 0x6f7b, 0x6f7b, 0x6f7b, 0x6f7b, 0x6f7b, 0x6f7b, 0x6f7b, 0x6f7b, 0x6f7b, 0x6f7b, 0x6f7b, 0x6f7b, 0x6f7b, 0x6f7b, 0x6f7b,
    0x6f7b, 0x6f7b, 0x6f7b, 0x6f7b, 0x6f7b, 0x6f7b, 0x6f7b, 0x6f7b, 0x6f7b, 0x6f7b, 0x6f7b, 0x6f7b, 0x6f7b, 0x6f7b, 0x6f7b, 0x6f7b,
    0x6f7b, 0x6f7b, 0x6f7b, 0x6f7b, 0x6f7b, 0x6f7b, 0x6f7b, 0x6f7b, 0x6f7b, 0x6f7b, 0x6f7b, 0x6f7b, 0x6f7b, 0x6f7b, 0x6f7b, 0x6f7b,
    0x6f7b, 0x6f7b, 0x6f7b, 0x6f7b, 0x6f7b, 0x6318, 0x6f7b, 0x6f7b, 0x6f7b, 0x6f7b, 0x6f7b, 0x6f7b, 0x6f7b, 0x6f7b, 0x6f7b, 0x6f7b,
    0x6f7b, 0x6f7b, 0x6f7b, 0x6f7b, 0x6f7b, 0x6f7b, 0x6f7b, 0x6f7b, 0x6f7b, 0x6f7b, 0x6f7b, 0x6f7b, 0x6f7b, 0x6f7b, 0x6f7b, 0x6f7b,
    0x6f7b, 0x6f7b, 0x6f7b, 0x6f7b, 0x6f7b, 0x6f7b, 0x6f7b, 0x6f7b, 0x6f7b, 0x6f7b, 0x6f7b, 0x6f7b, 0x6f7b, 0x6f7b, 0x6f7b, 0x6f7b,
    0x6f7b, 0x6f7b, 0x6f7b, 0x6f7b, 0x6f7b, 0x6f7b, 0x6f7b, 0x6f7b, 0x6f7b, 0x6f7b, 0x6f7b, 0x6f7b, 0x6f7b, 0x6f7b, 0x6f7b, 0x6f7b,
    0x6f7b, 0x6f7b, 0x6f7b, 0x6f7b, 0x6f7b, 0x6f7b, 0x6f7b, 0x6f7b, 0x6f7b, 0x6f7b, 0x6f7b, 0x6f7b, 0x6f7b, 0x6f7b, 0x6f7b, 0x6f7b,
    0x6f7b, 0x6f7b, 0x6f7b, 0x6f7b, 0x6f7b, 0x6f7b, 0x6f7b, 0x6f7b, 0x6f7b, 0x6f7b, 0x6f7b, 0x6f7b, 0x6f7b, 0x6f7b, 0x6f7b, 0x6f7b,
    0x6f7b, 0x6f7b, 0x6f7b, 0x6f7b, 0x6f7b, 0x6f7b, 0x6f7b, 0x6f7b, 0x6f7b, 0x6f7b, 0x6f7b, 0x6f7b, 0x6f7b, 0x6f7b, 0x6f7b, 0x6f7b,
    0x6f7b, 0x6f7b, 0x6f7b, 0x6f7b, 0x6f7b, 0x6f7b, 0x6f7b, 0x6f7b, 0x6f7b, 0x6f7b, 0x6f7b, 0x6f7b, 0x6f7b, 0x6f7b, 0x6f7b, 0x6f7b,
    0x6f7b, 0x6f7b, 0x6f7b, 0x6f7b, 0x6f7b, 0x6318, 0x6f7b, 0x6f7b, 0x6f7b, 0x6f7b, 0x6f7b, 0x6f7b, 0x6f7b, 0x6f7b, 0x6f7b, 0x6f7b,
    0x6f7b, 0x6f7b, 0x6f7b, 0x6f7b, 0x6f7b, 0x6f7b, 0x6f7b, 0x6f7b, 0x6f7b, 0x6f7b, 0x6f7b, 0x6f7b, 0x6f7b, 0x6f7b, 0x6f7b, 0x6f7b,
    0x6f7b, 0x6f7b, 0x6f7b, 0x6f7b, 0x6f7b, 0x6f7b, 0x6f7b, 0x6f7b, 0x6f7b, 0x6f7b, 0x6f7b, 0x6f7b, 0x6f7b, 0x6f7b, 0x6f7b, 0x6f7b,
    0x6f7b, 0x6f7b, 0x6f7b, 0x6f7b, 0x6f7b, 0x6f7b, 0x6f7b, 0x6f7b, 0x6f7b, 0x6f7b, 0x6f7b, 0x6f7b, 0x6f7b, 0x6f7b, 0x6f7b, 0x6f7b,
    0x6f7b, 0x6f7b, 0x6f7b, 0x6f7b, 0x6f7b, 0x6f7b, 0x6f7b, 0x6f7b, 0x6f7b, 0x6f7b, 0x6f7b, 0x6f7b, 0x6f7b, 0x6f7b, 0x6f7b, 0x6f7b,
    0x6f7b, 0x6f7b, 0x6f7b, 0x6f7b, 0x6f7b, 0x6f7b, 0x6f7b, 0x6f7b, 0x6f7b, 0x6f7b, 0x6f7b, 0x6f7b, 0x6f7b, 0x6f7b, 0x6f7b, 0x6f7b,
    0x6f7b, 0x6f7b, 0x6f7b, 0x6f7b, 0x6f7b, 0x6f7b, 0x6f7b, 0x6f7b, 0x6f7b, 0x6f7b, 0x6f7b, 0x6f7b, 0x6f7b, 0x6f7b, 0x6f7b, 0x6f7b,
    0x6f7b, 0x6f7b, 0x6f7b, 0x6f7b, 0x6f7b, 0x6f7b, 0x6f7b, 0x6f7b, 0x6f7b, 0x6f7b, 0x6f7b, 0x6f7b, 0x6f7b, 0x6f7b, 0x6f7b, 0x6f7b,
    0x6f7b, 0x6f7b, 0x6f7b, 0x6f7b, 0x6f7b, 0x6318, 0x6f7b, 0x6f7b, 0x6f7b, 0x6f7b, 0x6f7b, 0x6f7b, 0x6f7b, 0x6f7b, 0x6f7b, 0x6f7b,
    0x6f7b, 0x6f7b, 0x6f7b, 0x6f7b, 0x6f7b, 0x6f7b, 0x6f7b, 0x6f7b, 0x6f7b, 0x6f7b, 0x6f7b, 0x6f7b, 0x6f7b, 0x6f7b, 0x6f7b, 0x6f7b,
    0x6f7b, 0x6f7b, 0x6f7b, 0x6f7b, 0x6f7b, 0x6f7b, 0x6f7b, 0x6f7b, 0x6f7b, 0x6f7b, 0x6f7b, 0x6f7b, 0x6f7b, 0x6f7b, 0x6f7b, 0x6f7b,
    0x6f7b, 0x6f7b, 0x6f7b, 0x6f7b, 0x6f7b, 0x6f7b, 0x6f7b, 0x6f7b, 0x6f7b, 0x6f7b, 0x6f7b, 0x6f7b, 0x6f7b, 0x6f7b, 0x6f7b, 0x6f7b,
    0x6f7b, 0x6f7b, 0x6f7b, 0x6f7b, 0x6f7b, 0x6f7b, 0x6f7b, 0x6f7b, 0x6f7b, 0x6f7b, 0x6f7b, 0x6f7b, 0x6f7b, 0x6f7b, 0x6f7b, 0x6f7b,
    0x6f7b, 0x6f7b, 0x6f7b, 0x6f7b, 0x6f7b, 0x6f7b, 0x6f7b, 0x6f7b, 0x6f7b, 0x6f7b, 0x6f7b, 0x6f7b, 0x6f7b, 0x6f7b, 0x6f7b, 0x6f7b,
    0x6f7b, 0x6f7b, 0x6f7b, 0x6f7b, 0x6f7b, 0x6f7b, 0x6f7b, 0x6f7b, 0x6f7b, 0x6f7b, 0x6f7b, 0x6f7b, 0x6f7b, 0x6f7b, 0x6f7b, 0x6f7b,
    0x6f7b, 0x6f7b, 0x6f7b, 0x6f7b, 0x6f7b, 0x6f7b, 0x6f7b, 0x6f7b, 0x6f7b, 0x6f7b, 0x6f7b, 0x6f7b, 0x6f7b, 0x6f7b, 0x6f7b, 0x6f7b,
    0x6f7b, 0x6f7b, 0x6f7b, 0x6f7b, 0x6f7b, 0x6318, 0x6f7b, 0x6f7b, 0x6f7b, 0x6f7b, 0x6f7b, 0x6f7b, 0x6f7b, 0x6f7b, 0x6f7b, 0x6f7b,
    0x6f7b, 0x6f7b, 0x6f7b, 0x6f7b, 0x6f7b, 0x6f7b, 0x6f7b, 0x6f7b, 0x6f7b, 0x6f7b, 0x6f7b, 0x6f7b, 0x6f7b, 0x6f7b, 0x6f7b, 0x6f7b,
    0x6f7b, 0x6f7b, 0x6f7b, 0x6f7b, 0x6f7b, 0x6f7b, 0x6f7b, 0x6f7b, 0x6f7b, 0x6f7b, 0x6f7b, 0x6f7b, 0x6f7b, 0x6f7b, 0x6f7b, 0x6f7b,
    0x6f7b, 0x6f7b, 0x6f7b, 0x6f7b, 0x6f7b, 0x6f7b, 0x6f7b, 0x6f7b, 0x6f7b, 0x6f7b, 0x6f7b, 0x6f7b, 0x6f7b, 0x6f7b, 0x6f7b, 0x6f7b,
    0x6f7b, 0x6f7b, 0x6f7b, 0x6f7b, 0x6f7b, 0x6f7b, 0x6f7b, 0x6f7b, 0x6f7b, 0x6f7b, 0x6f7b, 0x6f7b, 0x6f7b, 0x6f7b, 0x6f7b, 0x6f7b,
    0x6f7b, 0x6f7b, 0x6f7b, 0x6f7b, 0x6f7b, 0x6f7b, 0x6f7b, 0x6f7b, 0x6f7b, 0x6f7b, 0x6f7b, 0x6f7b, 0x6f7b, 0x6f7b, 0x6f7b, 0x6f7b,
    0x6f7b, 0x6f7b, 0x6f7b, 0x6f7b, 0x6f7b, 0x6f7b, 0x6f7b, 0x6f7b, 0x6f7b, 0x6f7b, 0x6f7b, 0x6f7b, 0x6f7b, 0x6f7b, 0x6f7b, 0x6f7b,
    0x6f7b, 0x6f7b, 0x6f7b, 0x6f7b, 0x6f7b, 0x6f7b, 0x6f7b, 0x6f7b, 0x6f7b, 0x6f7b, 0x6f7b, 0x6f7b, 0x6f7b, 0x6f7b, 0x6f7b, 0x6f7b,
    0x6f7b, 0x6f7b, 0x6f7b, 0x6f7b, 0x6f7b, 0x6318, 0x6f7b, 0x6f7b, 0x6f7b, 0x6f7b, 0x6f7b, 0x6f7b, 0x6f7b, 0x6f7b, 0x6f7b, 0x6f7b,
    0x6f7b, 0x6f7b, 0x6f7b, 0x6f7b, 0x6f7b, 0x6f7b, 0x6f7b, 0x6f7b, 0x6f7b, 0x6f7b, 0x6f7b, 0x6f7b, 0x6f7b, 0x6f7b, 0x6f7b, 0x6f7b,
    0x6f7b, 0x6f7b, 0x6f7b, 0x6f7b, 0x6f7b, 0x6f7b, 0x6f7b, 0x6f7b, 0x6f7b, 0x6f7b, 0x6f7b, 0x6f7b, 0x6f7b, 0x6f7b, 0x6f7b, 0x6f7b,
    0x6f7b, 0x6f7b, 0x6f7b, 0x6f7b, 0x6f7b, 0x6f7b, 0x6f7b, 0x6f7b, 0x6f7b, 0x6f7b, 0x6f7b, 0x6f7b, 0x6f7b, 0x6f7b, 0x6f7b, 0x6f7b,
    0x6f7b, 0x6f7b, 0x6f7b, 0x6f7b, 0x6f7b, 0x6f7b, 0x6f7b, 0x6f7b, 0x6f7b, 0x6f7b, 0x6f7b, 0x6f7b, 0x6f7b, 0x6f7b, 0x6f7b, 0x6f7b,
    0x6f7b, 0x6f7b, 0x6f7b, 0x6f7b, 0x6f7b, 0x6f7b, 0x6f7b, 0x6f7b, 0x6f7b, 0x6f7b, 0x6f7b, 0x6f7b, 0x6f7b, 0x6f7b, 0x6f7b, 0x6f7b,
    0x6f7b, 0x6f7b, 0x6f7b, 0x6f7b, 0x6f7b, 0x6f7b, 0x6f7b, 0x6f7b, 0x6f7b, 0x6f7b, 0x6f7b, 0x6f7b, 0x6f7b, 0x6f7b, 0x6f7b, 0x6f7b,
    0x6f7b, 0x6f7b, 0x6f7b, 0x6f7b, 0x6f7b, 0x6f7b, 0x6f7b, 0x6f7b, 0x6f7b, 0x6f7b, 0x6f7b, 0x6f7b, 0x6f7b, 0x6f7b, 0x6f7b, 0x6f7b,
    0x6f7b, 0x6f7b, 0x6f7b, 0x6f7b, 0x6f7b, 0x6318, 0x6f7b, 0x6f7b, 0x6f7b, 0x6f7b, 0x6f7b, 0x6f7b, 0x6f7b, 0x6f7b, 0x6f7b, 0x6f7b,
    0x6f7b, 0x6f7b, 0x6f7b, 0x6f7b, 0x6f7b, 0x6f7b, 0x6f7b, 0x6f7b, 0x6f7b, 0x6f7b, 0x6f7b, 0x6f7b, 0x6f7b, 0x6f7b, 0x6f7b, 0x6f7b,
    0x6f7b, 0x6f7b, 0x6f7b, 0x6f7b, 0x6f7b, 0x6f7b, 0x6f7b, 0x6f7b, 0x6f7b, 0x6f7b, 0x6f7b, 0x6f7b, 0x6f7b, 0x6f7b, 0x6f7b, 0x6f7b,
    0x6f7b, 0x6f7b, 0x6f7b, 0x6f7b, 0x6f7b, 0x6f7b, 0x6f7b, 0x6f7b, 0x6f7b, 0x6f7b, 0x6f7b, 0x6f7b, 0x6f7b, 0x6f7b, 0x6f7b, 0x6f7b,
    0x6f7b, 0x6f7b, 0x6f7b, 0x6f7b, 0x6f7b, 0x6f7b, 0x6f7b, 0x6f7b, 0x6f7b, 0x6f7b, 0x6f7b, 0x6f7b, 0x6f7b, 0x6f7b, 0x6f7b, 0x6f7b,
    0x6f7b, 0x6f7b, 0x6f7b, 0x6f7b, 0x6f7b, 0x6f7b, 0x6f7b, 0x6f7b, 0x6f7b, 0x6f7b, 0x6f7b, 0x6f7b, 0x6f7b, 0x6f7b, 0x6f7b, 0x6f7b,
    0x6f7b, 0x6f7b, 0x6f7b, 0x6f7b, 0x6f7b, 0x6f7b, 0x6f7b, 0x6f7b, 0x6f7b, 0x6f7b, 0x6f7b, 0x6f7b, 0x6f7b, 0x6f7b, 0x6f7b, 0x6f7b,
    0x6f7b, 0x6f7b, 0x6f7b, 0x6f7b, 0x6f7b, 0x6f7b, 0x6f7b, 0x6f7b, 0x6f7b, 0x6f7b, 0x6f7b, 0x6f7b, 0x6f7b, 0x6f7b, 0x6f7b, 0x6f7b,
    0x6f7b, 0x6f7b, 0x6f7b, 0x6f7b, 0x6f7b, 0x6318, 0x6f7b, 0x6f7b, 0x6f7b, 0x6f7b, 0x6f7b, 0x6f7b, 0x6f7b, 0x6f7b, 0x6f7b, 0x6f7b,
    0x6f7b, 0x6f7b, 0x6f7b, 0x6f7b, 0x6f7b, 0x6f7b, 0x6f7b, 0x6f7b, 0x6f7b, 0x6f7b, 0x6f7b, 0x6f7b, 0x6f7b, 0x6f7b, 0x6f7b, 0x6f7b,
    0x6f7b, 0x6f7b, 0x6f7b, 0x6f7b, 0x6f7b, 0x6f7b, 0x6f7b, 0x6f7b, 0x6f7b, 0x6f7b, 0x6f7b, 0x6f7b, 0x6f7b, 0x6f7b, 0x6f7b, 0x6f7b,
    0x6f7b, 0x6f7b, 0x6f7b, 0x6f7b, 0x6f7b, 0x6f7b, 0x6f7b, 0x6f7b, 0x6f7b, 0x6f7b, 0x6f7b, 0x6f7b, 0x6f7b, 0x6f7b, 0x6f7b, 0x6f7b,
    0x6f7b, 0x6f7b, 0x6f7b, 0x6f7b, 0x6f7b, 0x6f7b, 0x6f7b, 0x6f7b, 0x6f7b, 0x6f7b, 0x6f7b, 0x6f7b, 0x6f7b, 0x6f7b, 0x6f7b, 0x6f7b,
    0x6f7b, 0x6f7b, 0x6f7b, 0x6f7b, 0x6f7b, 0x6f7b, 0x6f7b, 0x6f7b, 0x6f7b, 0x6f7b, 0x6f7b, 0x6f7b, 0x6f7b, 0x6f7b, 0x6f7b, 0x6f7b,
    0x6f7b, 0x6f7b, 0x6f7b, 0x6f7b, 0x6f7b, 0x6f7b, 0x6f7b, 0x6f7b, 0x6f7b, 0x6f7b, 0x6f7b, 0x6f7b, 0x6f7b, 0x6f7b, 0x6f7b, 0x6f7b,
    0x6f7b, 0x6f7b, 0x6f7b, 0x6f7b, 0x6f7b, 0x6f7b, 0x6f7b, 0x6f7b, 0x6f7b, 0x6f7b, 0x6f7b, 0x6f7b, 0x6f7b, 0x6f7b, 0x6f7b, 0x6f7b,
    0x6f7b, 0x6f7b, 0x6f7b, 0x6f7b, 0x6f7b, 0x6318, 0x6f7b, 0x6f7b, 0x6f7b, 0x6f7b, 0x6f7b, 0x6f7b, 0x6f7b, 0x6f7b, 0x6f7b, 0x6f7b,
    0x6f7b, 0x6f7b, 0x6f7b, 0x6f7b, 0x6f7b, 0x6f7b, 0x6f7b, 0x6f7b, 0x6f7b, 0x6f7b, 0x6f7b, 0x6f7b, 0x6f7b, 0x6f7b, 0x6f7b, 0x6f7b,
    0x6f7b, 0x6f7b, 0x6f7b, 0x6f7b, 0x6f7b, 0x6f7b, 0x6f7b, 0x6f7b, 0x6f7b, 0x6f7b, 0x6f7b, 0x6f7b, 0x6f7b, 0x6f7b, 0x6f7b, 0x6f7b,
    0x6f7b, 0x6f7b, 0x6f7b, 0x6f7b, 0x6f7b, 0x6f7b, 0x6f7b, 0x6f7b, 0x6f7b, 0x6f7b, 0x6f7b, 0x6f7b, 0x6f7b, 0x6f7b, 0x6f7b, 0x6f7b,
    0x6f7b, 0x6f7b, 0x6f7b, 0x6f7b, 0x6f7b, 0x6f7b, 0x6f7b, 0x6f7b, 0x6f7b, 0x6f7b, 0x6f7b, 0x6f7b, 0x6f7b, 0x6f7b, 0x6f7b, 0x6f7b,
    0x6f7b, 0x6f7b, 0x6f7b, 0x6f7b, 0x6f7b, 0x6f7b, 0x6f7b, 0x6f7b, 0x6f7b, 0x6f7b, 0x6f7b, 0x6f7b, 0x6f7b, 0x6f7b, 0x6f7b, 0x6f7b,
    0x6f7b, 0x6f7b, 0x6f7b, 0x6f7b, 0x6f7b, 0x6f7b, 0x6f7b, 0x6f7b, 0x6f7b, 0x6f7b, 0x6f7b, 0x6f7b, 0x6f7b, 0x6f7b, 0x6f7b, 0x6f7b,
    0x6f7b, 0x6f7b, 0x6f7b, 0x6f7b, 0x6f7b, 0x6f7b, 0x6f7b, 0x6f7b, 0x6f7b, 0x6f7b, 0x6f7b, 0x6f7b, 0x6f7b, 0x6f7b, 0x6f7b, 0x6f7b,
    0x6f7b, 0x6f7b, 0x6f7b, 0x6f7b, 0x6f7b, 0x6318, 0x6f7b, 0x6f7b, 0x6f7b, 0x6f7b, 0x6f7b, 0x6f7b, 0x6f7b, 0x6f7b, 0x6f7b, 0x6f7b,
    0x6f7b, 0x6f7b, 0x6f7b, 0x6f7b, 0x6f7b, 0x6f7b, 0x6f7b, 0x6f7b, 0x6f7b, 0x6f7b, 0x6f7b, 0x6f7b, 0x6f7b, 0x6f7b, 0x6f7b, 0x6f7b,
    0x6f7b, 0x6f7b, 0x6f7b, 0x6f7b, 0x6f7b, 0x6f7b, 0x6f7b, 0x6f7b, 0x6f7b, 0x6f7b, 0x6f7b, 0x6f7b, 0x6f7b, 0x6f7b, 0x6f7b, 0x6f7b,
    0x6f7b, 0x6f7b, 0x6f7b, 0x6f7b, 0x6f7b, 0x6f7b, 0x6f7b, 0x6f7b, 0x6f7b, 0x6f7b, 0x6f7b, 0x6f7b, 0x6f7b, 0x6f7b, 0x6f7b, 0x6f7b,
    0x6f7b, 0x6f7b, 0x6f7b, 0x6f7b, 0x6f7b, 0x6f7b, 0x6f7b, 0x6f7b, 0x6f7b, 0x6f7b, 0x6f7b, 0x6f7b, 0x6f7b, 0x6f7b, 0x6f7b, 0x6f7b,
    0x6f7b, 0x6f7b, 0x6f7b, 0x6f7b, 0x6f7b, 0x6f7b, 0x6f7b, 0x6f7b, 0x6f7b, 0x6f7b, 0x6f7b, 0x6f7b, 0x6f7b, 0x6f7b, 0x6f7b, 0x6f7b,
    0x6f7b, 0x6f7b, 0x6f7b, 0x6f7b, 0x6f7b, 0x6f7b, 0x6f7b, 0x6f7b, 0x6f7b, 0x6f7b, 0x6f7b, 0x6f7b, 0x6f7b, 0x6f7b, 0x6f7b, 0x6f7b,
    0x6f7b, 0x6f7b, 0x6f7b, 0x6f7b, 0x6f7b, 0x6f7b, 0x6f7b, 0x6f7b, 0x6f7b, 0x6f7b, 0x6f7b, 0x6f7b, 0x6f7b, 0x6f7b, 0x6f7b, 0x6f7b,
    0x6f7b, 0x6f7b, 0x6f7b, 0x6f7b, 0x6f7b, 0x6318, 0x6f7b, 0x6f7b, 0x6f7b, 0x6f7b, 0x6f7b, 0x6f7b, 0x6f7b, 0x6f7b, 0x6f7b, 0x6f7b,
    0x6f7b, 0x6318, 0x6318, 0x6318, 0x6318, 0x6318, 0x6318, 0x6318, 0x6318, 0x6318, 0x6b5a, 0x6f7b, 0x6f7b, 0x6f7b, 0x6f7b, 0x6f7b,
    0x6f7b, 0x6f7b, 0x6f7b, 0x6f7b, 0x6f7b, 0x6f7b, 0x6f7b, 0x6f7b, 0x6f7b, 0x6f7b, 0x6f7b, 0x6f7b, 0x6f7b, 0x6f7b, 0x6f7b, 0x6f7b,
    0x6f7b, 0x6f7b, 0x6f7b, 0x6f7b, 0x6f7b, 0x6f7b, 0x6f7b, 0x6f7b, 0x6f7b, 0x6f7b, 0x6f7b, 0x6f7b, 0x6f7b, 0x6f7b, 0x6f7b, 0x6f7b,
    0x6f7b, 0x6f7b, 0x6f7b, 0x6f7b, 0x6f7b, 0x6f7b, 0x6f7b, 0x6f7b, 0x6f7b, 0x6f7b, 0x6f7b, 0x6f7b, 0x6f7b, 0x6f7b, 0x6f7b, 0x6f7b,
    0x6f7b, 0x6f7b, 0x6f7b, 0x6f7b, 0x6f7b, 0x6f7b, 0x6f7b, 0x6f7b, 0x6f7b, 0x6f7b, 0x6f7b, 0x6f7b, 0x6f7b, 0x6f7b, 0x6f7b, 0x6f7b,
    0x6f7b, 0x6f7b, 0x6f7b, 0x6f7b, 0x6f7b, 0x6f7b, 0x6f7b, 0x6f7b, 0x6f7b, 0x6f7b, 0x6f7b, 0x6f7b, 0x6f7b, 0x6f7b, 0x6f7b, 0x6f7b,
    0x6f7b, 0x6f7b, 0x6f7b, 0x6f7b, 0x6f7b, 0x6f7b, 0x6f7b, 0x6f7b, 0x6f7b, 0x6f7b, 0x6f7b, 0x6f7b, 0x6f7b, 0x6f7b, 0x6f7b, 0x6f7b,
    0x6f7b, 0x6f7b, 0x6f7b, 0x6f7b, 0x6f7b, 0x6318, 0x6f7b, 0x6f7b, 0x6f7b, 0x6f7b, 0x6f7b, 0x6f7b, 0x6f7b, 0x6318, 0x6318, 0x6318,
    0x6318, 0x6f7b, 0x6f7b, 0x6f7b, 0x6f7b, 0x6f7b, 0x6f7b, 0x6f7b, 0x6f7b, 0x6f7b, 0x6f7b, 0x6318, 0x6318, 0x6318, 0x6f7b, 0x6f7b,
    0x6f7b, 0x6f7b, 0x6f7b, 0x6f7b, 0x6f7b, 0x6f7b, 0x6f7b, 0x6f7b, 0x6f7b, 0x6f7b, 0x6f7b, 0x6f7b, 0x6f7b, 0x6f7b, 0x6f7b, 0x6f7b,
    0x6f7b, 0x6f7b, 0x6f7b, 0x6f7b, 0x6f7b, 0x6f7b, 0x6f7b, 0x6f7b, 0x6f7b, 0x6f7b, 0x6f7b, 0x6f7b, 0x6f7b, 0x6f7b, 0x6f7b, 0x6f7b,
    0x6f7b, 0x6f7b, 0x6f7b, 0x6f7b, 0x6f7b, 0x6f7b, 0x6f7b, 0x6f7b, 0x6f7b, 0x6f7b, 0x6f7b, 0x6f7b, 0x6f7b, 0x6f7b, 0x6f7b, 0x6f7b,
    0x6f7b, 0x6f7b, 0x6f7b, 0x6f7b, 0x6f7b, 0x6f7b, 0x6f7b, 0x6f7b, 0x6f7b, 0x6f7b, 0x6f7b, 0x6f7b, 0x6f7b, 0x6f7b, 0x6f7b, 0x6f7b,
    0x6f7b, 0x6f7b, 0x6f7b, 0x6f7b, 0x6f7b, 0x6f7b, 0x6f7b, 0x6f7b, 0x6f7b, 0x6f7b, 0x6f7b, 0x6f7b, 0x6f7b, 0x6f7b, 0x6f7b, 0x6f7b,
    0x6f7b, 0x6f7b, 0x6f7b, 0x6f7b, 0x6f7b, 0x6f7b, 0x6f7b, 0x6f7b, 0x6f7b, 0x6f7b, 0x6f7b, 0x6f7b, 0x6f7b, 0x6f7b, 0x6f7b, 0x6f7b,
    0x6f7b, 0x6f7b, 0x6f7b, 0x6f7b, 0x6f7b, 0x6318, 0x6f7b, 0x6f7b, 0x6f7b, 0x6f7b, 0x6f7b, 0x6318, 0x6318, 0x6f7b, 0x6f7b, 0x6f7b,
    0x6f7b, 0x6f7b, 0x6f7b, 0x6f7b, 0x6f7b, 0x6f7b, 0x6f7b, 0x6f7b, 0x6f7b, 0x6f7b, 0x6f7b, 0x6f7b, 0x6f7b, 0x6f7b, 0x6318, 0x6318,
    0x6318, 0x6f7b, 0x6f7b, 0x6f7b, 0x6f7b, 0x6f7b, 0x6f7b, 0x6f7b, 0x6f7b, 0x6f7b, 0x6f7b, 0x6f7b, 0x6f7b, 0x6f7b, 0x6f7b, 0x6f7b,
    0x6f7b, 0x6f7b, 0x6f7b, 0x6f7b, 0x6f7b, 0x6f7b, 0x6f7b, 0x6f7b, 0x6f7b, 0x6f7b, 0x6f7b, 0x6f7b, 0x6f7b, 0x6f7b, 0x6f7b, 0x6f7b,
    0x6f7b, 0x6f7b, 0x6f7b, 0x6f7b, 0x6f7b, 0x6f7b, 0x6f7b, 0x6f7b, 0x6f7b, 0x6f7b, 0x6f7b, 0x6f7b, 0x6f7b, 0x6f7b, 0x6f7b, 0x6f7b,
    0x6f7b, 0x6f7b, 0x6f7b, 0x6f7b, 0x6f7b, 0x6f7b, 0x6f7b, 0x6f7b, 0x6f7b, 0x6f7b, 0x6f7b, 0x6f7b, 0x6f7b, 0x6f7b, 0x6f7b, 0x6f7b,
    0x6f7b, 0x6f7b, 0x6f7b, 0x6f7b, 0x6f7b, 0x6f7b, 0x6f7b, 0x6f7b, 0x6f7b, 0x6f7b, 0x6f7b, 0x6f7b, 0x6f7b, 0x6f7b, 0x6f7b, 0x6f7b,
    0x6f7b, 0x6f7b, 0x6f7b, 0x6f7b, 0x6f7b, 0x6f7b, 0x6f7b, 0x6f7b, 0x6f7b, 0x6f7b, 0x6f7b, 0x6f7b, 0x6f7b, 0x6f7b, 0x6f7b, 0x6f7b,
    0x6f7b, 0x6f7b, 0x6f7b, 0x6f7b, 0x6f7b, 0x6318, 0x6f7b, 0x6f7b, 0x6f7b, 0x6318, 0x6318, 0x6f7b, 0x6f7b, 0x6f7b, 0x6f7b, 0x6f7b,
    0x6f7b, 0x6f7b, 0x6f7b, 0x6f7b, 0x6f7b, 0x6f7b, 0x6f7b, 0x6f7b, 0x6f7b, 0x6f7b, 0x6f7b, 0x6f7b, 0x6f7b, 0x6f7b, 0x6f7b, 0x6f7b,
    0x6f7b, 0x6318, 0x6739, 0x6f7b, 0x6f7b, 0x6f7b, 0x6f7b, 0x6f7b, 0x6f7b, 0x6f7b, 0x6f7b, 0x6f7b, 0x6f7b, 0x6f7b, 0x6f7b, 0x6f7b,
    0x6f7b, 0x6f7b, 0x6f7b, 0x6f7b, 0x6f7b, 0x6f7b, 0x6f7b, 0x6f7b, 0x6f7b, 0x6f7b, 0x6f7b, 0x6f7b, 0x6f7b, 0x6f7b, 0x6f7b, 0x6f7b,
    0x6f7b, 0x6f7b, 0x6f7b, 0x6f7b, 0x6f7b, 0x6f7b, 0x6f7b, 0x6f7b, 0x6f7b, 0x6f7b, 0x6f7b, 0x6f7b, 0x6f7b, 0x6f7b, 0x6f7b, 0x6f7b,
    0x6f7b, 0x6f7b, 0x6f7b, 0x6f7b, 0x6f7b, 0x6f7b, 0x6f7b, 0x6f7b, 0x6f7b, 0x6f7b, 0x6f7b, 0x6f7b, 0x6f7b, 0x6f7b, 0x6f7b, 0x6f7b,
    0x6f7b, 0x6f7b, 0x6f7b, 0x6f7b, 0x6f7b, 0x6f7b, 0x6f7b, 0x6f7b, 0x6f7b, 0x6f7b, 0x6f7b, 0x6f7b, 0x6f7b, 0x6f7b, 0x6f7b, 0x6f7b,
    0x6f7b, 0x6f7b, 0x6f7b, 0x6f7b, 0x6f7b, 0x6f7b, 0x6f7b, 0x6f7b, 0x6f7b, 0x6f7b, 0x6f7b, 0x6f7b, 0x6f7b, 0x6f7b, 0x6f7b, 0x6f7b,
    0x6f7b, 0x6f7b, 0x6f7b, 0x6f7b, 0x6f7b, 0x6318, 0x6f7b, 0x6318, 0x6318, 0x6f7b, 0x6f7b, 0x6f7b, 0x6f7b, 0x6f7b, 0x6f7b, 0x6f7b,
    0x6f7b, 0x6f7b, 0x6f7b, 0x6f7b, 0x6f7b, 0x6f7b, 0x6f7b, 0x6f7b, 0x6f7b, 0x6f7b, 0x6f7b, 0x6f7b, 0x6f7b, 0x6f7b, 0x6f7b, 0x6f7b,
    0x6f7b, 0x6f7b, 0x6f7b, 0x6318, 0x6f7b, 0x6f7b, 0x6f7b, 0x6f7b, 0x6f7b, 0x6f7b, 0x6f7b, 0x6f7b, 0x6f7b, 0x6f7b, 0x6f7b, 0x6f7b,
    0x6f7b, 0x6f7b, 0x6f7b, 0x6f7b, 0x6f7b, 0x6f7b, 0x6f7b, 0x6f7b, 0x6f7b, 0x6f7b, 0x6f7b, 0x6f7b, 0x6f7b, 0x6f7b, 0x6f7b, 0x6f7b,
    0x6f7b, 0x6f7b, 0x6f7b, 0x6f7b, 0x6f7b, 0x6f7b, 0x6f7b, 0x6f7b, 0x6f7b, 0x6f7b, 0x6f7b, 0x6f7b, 0x6f7b, 0x6f7b, 0x6f7b, 0x6f7b,
    0x6f7b, 0x6f7b, 0x6f7b, 0x6f7b, 0x6f7b, 0x6f7b, 0x6f7b, 0x6f7b, 0x6f7b, 0x6f7b, 0x6f7b, 0x6f7b, 0x6f7b, 0x6f7b, 0x6f7b, 0x6f7b,
    0x6f7b, 0x6f7b, 0x6f7b, 0x6f7b, 0x6f7b, 0x6f7b, 0x6f7b, 0x6f7b, 0x6f7b, 0x6f7b, 0x6f7b, 0x6f7b, 0x6f7b, 0x6f7b, 0x6f7b, 0x6f7b,
    0x6f7b, 0x6f7b, 0x6f7b, 0x6f7b, 0x6f7b, 0x6f7b, 0x6f7b, 0x6f7b, 0x6f7b, 0x6f7b, 0x6f7b, 0x6f7b, 0x6f7b, 0x6f7b, 0x6f7b, 0x6f7b,
    0x6f7b, 0x6f7b, 0x6f7b, 0x6f7b, 0x6f7b, 0x6318, 0x6318, 0x6f7b, 0x6f7b, 0x6f7b, 0x6f7b, 0x6f7b, 0x6f7b, 0x6f7b, 0x6f7b, 0x6f7b,
    0x6f7b, 0x6f7b, 0x6f7b, 0x6f7b, 0x6f7b, 0x6f7b, 0x6f7b, 0x6f7b, 0x6f7b, 0x6f7b, 0x6f7b, 0x6f7b, 0x6f7b, 0x6f7b, 0x6f7b, 0x6f7b,
    0x6f7b, 0x6f7b, 0x6f7b, 0x6f7b, 0x6318, 0x6739, 0x6f7b, 0x6f7b, 0x6f7b, 0x6f7b, 0x6f7b, 0x6f7b, 0x6f7b, 0x6f7b, 0x6f7b, 0x6f7b,
    0x6f7b, 0x6f7b, 0x6f7b, 0x6f7b, 0x6f7b, 0x6f7b, 0x6f7b, 0x6f7b, 0x6f7b, 0x6f7b, 0x6f7b, 0x6f7b, 0x6f7b, 0x6f7b, 0x6f7b, 0x6f7b,
    0x6f7b, 0x6f7b, 0x6f7b, 0x6f7b, 0x6f7b, 0x6f7b, 0x6f7b, 0x6f7b, 0x6f7b, 0x6f7b, 0x6f7b, 0x6f7b, 0x6f7b, 0x6f7b, 0x6f7b, 0x6f7b,
    0x6f7b, 0x6f7b, 0x6f7b, 0x6f7b, 0x6f7b, 0x6f7b, 0x6f7b, 0x6f7b, 0x6f7b, 0x6f7b, 0x6f7b, 0x6f7b, 0x6f7b, 0x6f7b, 0x6f7b, 0x6f7b,
    0x6f7b, 0x6f7b, 0x6f7b, 0x6f7b, 0x6f7b, 0x6f7b, 0x6f7b, 0x6f7b, 0x6f7b, 0x6f7b, 0x6f7b, 0x6f7b, 0x6f7b, 0x6f7b, 0x6f7b, 0x6f7b,
    0x6f7b, 0x6f7b, 0x6f7b, 0x6f7b, 0x6f7b, 0x6f7b, 0x6f7b, 0x6f7b, 0x6f7b, 0x6f7b, 0x6f7b, 0x6f7b, 0x6f7b, 0x6f7b, 0x6f7b, 0x6f7b,
    0x6f7b, 0x6f7b, 0x6f7b, 0x6f7b, 0x6f7b, 0x6318, 0x6f7b, 0x6f7b, 0x6f7b, 0x6f7b, 0x6f7b, 0x6f7b, 0x6f7b, 0x6f7b, 0x6f7b, 0x6f7b,
    0x6f7b, 0x6f7b, 0x2d6b, 0x2d6b, 0x2d6b, 0x6f7b, 0x6f7b, 0x2d6b, 0x2d6b, 0x2d6b, 0x6f7b, 0x6f7b, 0x6f7b, 0x6f7b, 0x6f7b, 0x6f7b,
    0x6f7b, 0x6f7b, 0x6f7b, 0x6f7b, 0x6f7b, 0x6f7b, 0x6318, 0x6f7b, 0x6f7b, 0x6f7b, 0x6f7b, 0x6f7b, 0x6f7b, 0x6f7b, 0x6f7b, 0x6f7b,
    0x6f7b, 0x6f7b, 0x6f7b, 0x6f7b, 0x6f7b, 0x6f7b, 0x6f7b, 0x6f7b, 0x6f7b, 0x6f7b, 0x6f7b, 0x6f7b, 0x6f7b, 0x6f7b, 0x6f7b, 0x6f7b,
    0x6f7b, 0x6f7b, 0x6f7b, 0x6f7b, 0x6f7b, 0x6f7b, 0x6f7b, 0x6f7b, 0x6f7b, 0x6f7b, 0x6f7b, 0x6f7b, 0x6f7b, 0x6f7b, 0x6f7b, 0x6f7b,
    0x6f7b, 0x6f7b, 0x6f7b, 0x6f7b, 0x6f7b, 0x6f7b, 0x6f7b, 0x6f7b, 0x6f7b, 0x6f7b, 0x6f7b, 0x6f7b, 0x6f7b, 0x6f7b, 0x6f7b, 0x6f7b,
    0x6f7b, 0x6f7b, 0x6f7b, 0x6f7b, 0x6f7b, 0x6f7b, 0x6f7b, 0x6f7b, 0x6f7b, 0x6f7b, 0x6f7b, 0x6f7b, 0x6f7b, 0x6f7b, 0x6f7b, 0x6f7b,
    0x6f7b, 0x6f7b, 0x6f7b, 0x6f7b, 0x6f7b, 0x6f7b, 0x6f7b, 0x6f7b, 0x6f7b, 0x6f7b, 0x6f7b, 0x6f7b, 0x6f7b, 0x6f7b, 0x6f7b, 0x6f7b,
    0x6f7b, 0x6f7b, 0x6f7b, 0x6f7b, 0x6318, 0x6f7b, 0x6f7b, 0x6f7b, 0x6f7b, 0x6f7b, 0x6f7b, 0x6f7b, 0x6f7b, 0x6f7b, 0x6f7b, 0x6f7b,
    0x6f7b, 0x6f7b, 0x6f7b, 0x2d6b, 0x6f7b, 0x2d6b, 0x6f7b, 0x2d6b, 0x6f7b, 0x6f7b, 0x6f7b, 0x6f7b, 0x6f7b, 0x6f7b, 0x6f7b, 0x6f7b,
    0x6f7b, 0x6f7b, 0x6f7b, 0x6f7b, 0x6f7b, 0x6f7b, 0x6f7b, 0x6318, 0x6f7b, 0x6f7b, 0x6f7b, 0x6f7b, 0x6f7b, 0x6f7b, 0x6f7b, 0x6f7b,
    0x6f7b, 0x6f7b, 0x6f7b, 0x6f7b, 0x6f7b, 0x6f7b, 0x6f7b, 0x6f7b, 0x6f7b, 0x6f7b, 0x6f7b, 0x6f7b, 0x6f7b, 0x6f7b, 0x6f7b, 0x6f7b,
    0x6f7b, 0x6f7b, 0x6f7b, 0x6f7b, 0x6f7b, 0x6f7b, 0x6f7b, 0x6f7b, 0x6f7b, 0x6f7b, 0x6f7b, 0x6f7b, 0x6f7b, 0x6f7b, 0x6f7b, 0x6f7b,
    0x6f7b, 0x6f7b, 0x6f7b, 0x6f7b, 0x6f7b, 0x6f7b, 0x6f7b, 0x6f7b, 0x6f7b, 0x6f7b, 0x6f7b, 0x6f7b, 0x6f7b, 0x6f7b, 0x6f7b, 0x6f7b,
    0x6f7b, 0x6f7b, 0x6f7b, 0x6f7b, 0x6f7b, 0x6f7b, 0x6f7b, 0x6f7b, 0x6f7b, 0x6f7b, 0x6f7b, 0x6f7b, 0x6f7b, 0x6f7b, 0x6f7b, 0x6f7b,
    0x6f7b, 0x6f7b, 0x6f7b, 0x6f7b, 0x6f7b, 0x6f7b, 0x6f7b, 0x6f7b, 0x6f7b, 0x6f7b, 0x6f7b, 0x6f7b, 0x6f7b, 0x6f7b, 0x6f7b, 0x6f7b,
    0x6f7b, 0x6f7b, 0x6f7b, 0x6318, 0x6f7b, 0x6f7b, 0x6f7b, 0x6f7b, 0x6f7b, 0x6f7b, 0x6f7b, 0x6f7b, 0x6f7b, 0x6f7b, 0x6f7b, 0x6f7b,
    0x6f7b, 0x6f7b, 0x6f7b, 0x6f7b, 0x6f7b, 0x6f7b, 0x6f7b, 0x6f7b, 0x6f7b, 0x6f7b, 0x6f7b, 0x6f7b, 0x6f7b, 0x6f7b, 0x6f7b, 0x6f7b,
    0x6f7b, 0x6f7b, 0x6f7b, 0x6f7b, 0x6f7b, 0x6f7b, 0x6f7b, 0x6f7b, 0x6318, 0x6f7b, 0x6f7b, 0x6f7b, 0x6f7b, 0x6f7b, 0x6f7b, 0x6f7b,
    0x6f7b, 0x6f7b, 0x6f7b, 0x6f7b, 0x6f7b, 0x6f7b, 0x6f7b, 0x6f7b, 0x6f7b, 0x6f7b, 0x6f7b, 0x6f7b, 0x6f7b, 0x6f7b, 0x6f7b, 0x6f7b,
    0x6f7b, 0x6f7b, 0x6f7b, 0x6f7b, 0x6f7b, 0x6f7b, 0x6f7b, 0x6f7b, 0x6f7b, 0x6f7b, 0x6f7b, 0x6f7b, 0x6f7b, 0x6f7b, 0x6f7b, 0x6f7b,
    0x6f7b, 0x6f7b, 0x6f7b, 0x6f7b, 0x6f7b, 0x6f7b, 0x6f7b, 0x6f7b, 0x6f7b, 0x6f7b, 0x6f7b, 0x6f7b, 0x6f7b, 0x6f7b, 0x6f7b, 0x6f7b,
    0x6f7b, 0x6f7b, 0x6f7b, 0x6f7b, 0x6f7b, 0x6f7b, 0x6f7b, 0x6f7b, 0x6f7b, 0x6f7b, 0x6f7b, 0x6f7b, 0x6f7b, 0x6f7b, 0x6f7b, 0x6f7b,
    0x6f7b, 0x6f7b, 0x6f7b, 0x6f7b, 0x6f7b, 0x6f7b, 0x6f7b, 0x6f7b, 0x6f7b, 0x6f7b, 0x6f7b, 0x6f7b, 0x6f7b, 0x6f7b, 0x6f7b, 0x6f7b,
    0x6f7b, 0x6f7b, 0x6318, 0x6f7b, 0x6f7b, 0x6f7b, 0x6f7b, 0x6f7b, 0x6f7b, 0x6f7b, 0x6f7b, 0x6f7b, 0x6f7b, 0x6f7b, 0x6f7b, 0x6f7b,
    0x6f7b, 0x6f7b, 0x6f7b, 0x6f7b, 0x6f7b, 0x6f7b, 0x6f7b, 0x6f7b, 0x6f7b, 0x6f7b, 0x6f7b, 0x6f7b, 0x6f7b, 0x6f7b, 0x6f7b, 0x6f7b,
    0x6f7b, 0x6f7b, 0x6f7b, 0x6f7b, 0x6f7b, 0x6f7b, 0x6f7b, 0x6f7b, 0x6f7b, 0x6318, 0x6f7b, 0x6f7b, 0x6f7b, 0x6f7b, 0x6f7b, 0x6f7b,
    0x6f7b, 0x6f7b, 0x6f7b, 0x6f7b, 0x6f7b, 0x6f7b, 0x6f7b, 0x6f7b, 0x6f7b, 0x6f7b, 0x6f7b, 0x6f7b, 0x6f7b, 0x6f7b, 0x6f7b, 0x6f7b,
    0x6f7b, 0x6f7b, 0x6f7b, 0x6f7b, 0x6f7b, 0x6f7b, 0x6f7b, 0x6f7b, 0x6f7b, 0x6f7b, 0x6f7b, 0x6f7b, 0x6f7b, 0x6f7b, 0x6f7b, 0x6f7b,
    0x6f7b, 0x6f7b, 0x6f7b, 0x6f7b, 0x6f7b, 0x6f7b, 0x6f7b, 0x6f7b, 0x6f7b, 0x6f7b, 0x6f7b, 0x6f7b, 0x6f7b, 0x6f7b, 0x6f7b, 0x6f7b,
    0x6f7b, 0x6f7b, 0x6f7b, 0x6f7b, 0x6f7b, 0x6f7b, 0x6f7b, 0x6f7b, 0x6f7b, 0x6f7b, 0x6f7b, 0x6f7b, 0x6f7b, 0x6f7b, 0x6f7b, 0x6f7b,
    0x6f7b, 0x6f7b, 0x6f7b, 0x6f7b, 0x6f7b, 0x6f7b, 0x6f7b, 0x6f7b, 0x6f7b, 0x6f7b, 0x6f7b, 0x6f7b, 0x6f7b, 0x6f7b, 0x6f7b, 0x6f7b,
    0x6f7b, 0x6318, 0x6f7b, 0x6f7b, 0x6f7b, 0x6f7b, 0x6f7b, 0x6f7b, 0x6f7b, 0x6f7b, 0x6f7b, 0x6f7b, 0x6f7b, 0x6f7b, 0x6f7b, 0x6f7b,
    0x6f7b, 0x6f7b, 0x6f7b, 0x6f7b, 0x6f7b, 0x6f7b, 0x6f7b, 0x6f7b, 0x6f7b, 0x6f7b, 0x6f7b, 0x6f7b, 0x6f7b, 0x6f7b, 0x6f7b, 0x6f7b,
    0x6f7b, 0x6f7b, 0x6f7b, 0x6f7b, 0x6f7b, 0x6f7b, 0x6f7b, 0x6f7b, 0x6f7b, 0x6f7b, 0x6b5a, 0x6f7b, 0x6f7b, 0x6f7b, 0x6f7b, 0x6f7b,
    0x6f7b, 0x6f7b, 0x6f7b, 0x6f7b, 0x6f7b, 0x6f7b, 0x6f7b, 0x6f7b, 0x6f7b, 0x6f7b, 0x6f7b, 0x6f7b, 0x6f7b, 0x6f7b, 0x6f7b, 0x6f7b,
    0x6f7b, 0x6f7b, 0x6f7b, 0x6f7b, 0x6f7b, 0x6f7b, 0x6f7b, 0x6f7b, 0x6f7b, 0x6f7b, 0x6f7b, 0x6f7b, 0x6f7b, 0x6f7b, 0x6f7b, 0x6f7b,
    0x6f7b, 0x6f7b, 0x6f7b, 0x6f7b, 0x6f7b, 0x6f7b, 0x6f7b, 0x6f7b, 0x6f7b, 0x6f7b, 0x6f7b, 0x6f7b, 0x6f7b, 0x6f7b, 0x6f7b, 0x6f7b,
    0x6f7b, 0x6f7b, 0x6f7b, 0x6f7b, 0x6f7b, 0x6f7b, 0x6f7b, 0x6f7b, 0x6f7b, 0x6f7b, 0x6f7b, 0x6f7b, 0x6f7b, 0x6f7b, 0x6f7b, 0x6f7b,
    0x6f7b, 0x6f7b, 0x6f7b, 0x6f7b, 0x6f7b, 0x6f7b, 0x6f7b, 0x6f7b, 0x6f7b, 0x6f7b, 0x6f7b, 0x6f7b, 0x6f7b, 0x6f7b, 0x6f7b, 0x6f7b,
    0x6318, 0x6f7b, 0x6f7b, 0x6f7b, 0x6f7b, 0x6f7b, 0x6f7b, 0x6f7b, 0x6f7b, 0x6f7b, 0x6f7b, 0x6f7b, 0x6f7b, 0x6f7b, 0x6f7b, 0x6f7b,
    0x6f7b, 0x6f7b, 0x6f7b, 0x6f7b, 0x6f7b, 0x6f7b, 0x6f7b, 0x6f7b, 0x6f7b, 0x6f7b, 0x6f7b, 0x6f7b, 0x6f7b, 0x6f7b, 0x6f7b, 0x6f7b,
    0x6f7b, 0x6f7b, 0x6f7b, 0x6f7b, 0x6f7b, 0x6f7b, 0x6f7b, 0x6f7b, 0x6f7b, 0x6f7b, 0x6318, 0x6f7b, 0x6f7b, 0x6f7b, 0x6f7b, 0x6f7b,
    0x6f7b, 0x6f7b, 0x6f7b, 0x6f7b, 0x6f7b, 0x6f7b, 0x6f7b, 0x6f7b, 0x6f7b, 0x6f7b, 0x6f7b, 0x6f7b, 0x6f7b, 0x6f7b, 0x6f7b, 0x6f7b,
    0x6f7b, 0x6f7b, 0x6f7b, 0x6f7b, 0x6f7b, 0x6f7b, 0x6f7b, 0x6f7b, 0x6f7b, 0x6f7b, 0x6f7b, 0x6f7b, 0x6f7b, 0x6f7b, 0x6f7b, 0x6f7b,
    0x6f7b, 0x6f7b, 0x6f7b, 0x6f7b, 0x6f7b, 0x6f7b, 0x6f7b, 0x6f7b, 0x6f7b, 0x6f7b, 0x6f7b, 0x6f7b, 0x6f7b, 0x6f7b, 0x6f7b, 0x6f7b,
    0x6f7b, 0x6f7b, 0x6f7b, 0x6f7b, 0x6f7b, 0x6f7b, 0x6f7b, 0x6f7b, 0x6f7b, 0x6f7b, 0x6f7b, 0x6f7b, 0x6f7b, 0x6f7b, 0x6f7b, 0x6f7b,
    0x6f7b, 0x6f7b, 0x6f7b, 0x6f7b, 0x6f7b, 0x6f7b, 0x6f7b, 0x6f7b, 0x6f7b, 0x6f7b, 0x6f7b, 0x6f7b, 0x6f7b, 0x6f7b, 0x6f7b, 0x6f7b,
    0x6318, 0x6f7b, 0x6f7b, 0x6f7b, 0x6f7b, 0x6f7b, 0x6f7b, 0x6f7b, 0x6f7b, 0x6f7b, 0x6f7b, 0x6f7b, 0x6f7b, 0x6f7b, 0x6f7b, 0x6f7b,
    0x6f7b, 0x6f7b, 0x6f7b, 0x6f7b, 0x6f7b, 0x6f7b, 0x6f7b, 0x6f7b, 0x6f7b, 0x6f7b, 0x6f7b, 0x6f7b, 0x6f7b, 0x6f7b, 0x6f7b, 0x6f7b,
    0x6f7b, 0x6f7b, 0x6f7b, 0x6f7b, 0x6f7b, 0x6f7b, 0x6f7b, 0x6f7b, 0x6f7b, 0x6f7b, 0x6f7b, 0x6318, 0x6f7b, 0x6f7b, 0x6f7b, 0x6f7b,
    0x6f7b, 0x6f7b, 0x6f7b, 0x6f7b, 0x6f7b, 0x6f7b, 0x6f7b, 0x6f7b, 0x6f7b, 0x6f7b, 0x6f7b, 0x6f7b, 0x6f7b, 0x6f7b, 0x6f7b, 0x6f7b,
    0x6f7b, 0x6f7b, 0x6f7b, 0x6f7b, 0x6f7b, 0x6f7b, 0x6f7b, 0x6f7b, 0x6f7b, 0x6f7b, 0x6f7b, 0x6f7b, 0x6f7b, 0x6f7b, 0x6f7b, 0x6f7b,
    0x6f7b, 0x6f7b, 0x6f7b, 0x6f7b, 0x6f7b, 0x6f7b, 0x6f7b, 0x6f7b, 0x6f7b, 0x6f7b, 0x6f7b, 0x6f7b, 0x6f7b, 0x6f7b, 0x6f7b, 0x6f7b,
    0x6f7b, 0x6f7b, 0x6f7b, 0x6f7b, 0x6f7b, 0x6f7b, 0x6f7b, 0x6f7b, 0x6f7b, 0x6f7b, 0x6f7b, 0x6f7b, 0x6f7b, 0x6f7b, 0x6f7b, 0x6f7b,
    0x6f7b, 0x6f7b, 0x6f7b, 0x6f7b, 0x6f7b, 0x6f7b, 0x6f7b, 0x6f7b, 0x6f7b, 0x6f7b, 0x6f7b, 0x6f7b, 0x6f7b, 0x6f7b, 0x6f7b, 0x6318,
    0x6f7b, 0x6f7b, 0x6f7b, 0x6f7b, 0x6f7b, 0x6f7b, 0x6f7b, 0x6f7b, 0x6f7b, 0x6f7b, 0x6f7b, 0x6f7b, 0x6f7b, 0x6f7b, 0x6f7b, 0x6f7b,
    0x6f7b, 0x6f7b, 0x6f7b, 0x6f7b, 0x6f7b, 0x6f7b, 0x6f7b, 0x6f7b, 0x6f7b, 0x6f7b, 0x6f7b, 0x6f7b, 0x6f7b, 0x6f7b, 0x6f7b, 0x6f7b,
    0x6f7b, 0x6f7b, 0x6f7b, 0x6f7b, 0x6f7b, 0x6f7b, 0x6f7b, 0x6f7b, 0x6f7b, 0x6f7b, 0x6f7b, 0x6318, 0x6f7b, 0x6f7b, 0x6f7b, 0x6f7b,
    0x6f7b, 0x6f7b, 0x6f7b, 0x6f7b, 0x6f7b, 0x6f7b, 0x6f7b, 0x6f7b, 0x6f7b, 0x6f7b, 0x6f7b, 0x6f7b, 0x6f7b, 0x6f7b, 0x6f7b, 0x6f7b,
    0x6f7b, 0x6f7b, 0x6f7b, 0x6f7b, 0x6f7b, 0x6f7b, 0x6f7b, 0x6f7b, 0x6f7b, 0x6f7b, 0x6f7b, 0x6f7b, 0x6f7b, 0x6f7b, 0x6f7b, 0x6f7b,
    0x6f7b, 0x6f7b, 0x6f7b, 0x6f7b, 0x6f7b, 0x6f7b, 0x6f7b, 0x6f7b, 0x6f7b, 0x6f7b, 0x6f7b, 0x6f7b, 0x6f7b, 0x6f7b, 0x6f7b, 0x6f7b,
    0x6f7b, 0x6f7b, 0x6f7b, 0x6f7b, 0x6f7b, 0x6f7b, 0x6f7b, 0x6f7b, 0x6f7b, 0x6f7b, 0x6f7b, 0x6f7b, 0x6f7b, 0x6f7b, 0x6f7b, 0x6f7b,
    0x6f7b, 0x6f7b, 0x6f7b, 0x6f7b, 0x6f7b, 0x6f7b, 0x6f7b, 0x6f7b, 0x6f7b, 0x6f7b, 0x6f7b, 0x6f7b, 0x6f7b, 0x6f7b, 0x6f7b, 0x6318,
    0x6f7b, 0x6f7b, 0x6f7b, 0x6f7b, 0x6f7b, 0x6f7b, 0x6f7b, 0x6f7b, 0x6f7b, 0x6f7b, 0x6f7b, 0x6f7b, 0x6f7b, 0x6f7b, 0x6f7b, 0x6f7b,
    0x6f7b, 0x6f7b, 0x6f7b, 0x6f7b, 0x6f7b, 0x6f7b, 0x6f7b, 0x6f7b, 0x6f7b, 0x6f7b, 0x6f7b, 0x6f7b, 0x6f7b, 0x6f7b, 0x6f7b, 0x6f7b,
    0x6f7b, 0x6f7b, 0x6f7b, 0x6f7b, 0x6f7b, 0x6f7b, 0x6f7b, 0x6f7b, 0x6f7b, 0x6f7b, 0x6f7b, 0x6f7b, 0x6318, 0x6f7b, 0x6f7b, 0x6f7b,
    0x6f7b, 0x6f7b, 0x6f7b, 0x6f7b, 0x6f7b, 0x6f7b, 0x6f7b, 0x6f7b, 0x6f7b, 0x6f7b, 0x6f7b, 0x6f7b, 0x6f7b, 0x6f7b, 0x6f7b, 0x6f7b,
    0x6f7b, 0x6f7b, 0x6f7b, 0x6f7b, 0x6f7b, 0x6f7b, 0x6f7b, 0x6f7b, 0x6f7b, 0x6f7b, 0x6f7b, 0x6f7b, 0x6f7b, 0x6f7b, 0x6f7b, 0x6f7b,
    0x6f7b, 0x6f7b, 0x6f7b, 0x6f7b, 0x6f7b, 0x6f7b, 0x6f7b, 0x6f7b, 0x6f7b, 0x6f7b, 0x6f7b, 0x6f7b, 0x6f7b, 0x6f7b, 0x6f7b, 0x6f7b,
    0x6f7b, 0x6f7b, 0x6f7b, 0x6f7b, 0x6f7b, 0x6f7b, 0x6f7b, 0x6f7b, 0x6f7b, 0x6f7b, 0x6f7b, 0x6f7b, 0x6f7b, 0x6f7b, 0x6f7b, 0x6f7b,
    0x6f7b, 0x6f7b, 0x6f7b, 0x6f7b, 0x6f7b, 0x6f7b, 0x6f7b, 0x6f7b, 0x6f7b, 0x6f7b, 0x6f7b, 0x6f7b, 0x6f7b, 0x6f7b, 0x6318, 0x6f7b,
    0x6f7b, 0x6f7b, 0x6f7b, 0x6f7b, 0x6f7b, 0x6f7b, 0x6f7b, 0x6f7b, 0x6f7b, 0x6f7b, 0x6f7b, 0x6f7b, 0x6f7b, 0x6f7b, 0x6f7b, 0x6f7b,
    0x6f7b, 0x6f7b, 0x6f7b, 0x6f7b, 0x6f7b, 0x6f7b, 0x6f7b, 0x6f7b, 0x6f7b, 0x6f7b, 0x6f7b, 0x6f7b, 0x6f7b, 0x6f7b, 0x6f7b, 0x6f7b,
    0x6f7b, 0x6f7b, 0x6f7b, 0x6f7b, 0x6f7b, 0x6f7b, 0x6f7b, 0x6f7b, 0x6f7b, 0x6f7b, 0x6f7b, 0x6f7b, 0x6318, 0x6f7b, 0x6f7b, 0x6f7b,
    0x6f7b, 0x6f7b, 0x6f7b, 0x6f7b, 0x6f7b, 0x6f7b, 0x6f7b, 0x6f7b, 0x6f7b, 0x6f7b, 0x6f7b, 0x6f7b, 0x6f7b, 0x6f7b, 0x6f7b, 0x6f7b,
    0x6f7b, 0x6f7b, 0x6f7b, 0x6f7b, 0x6f7b, 0x6f7b, 0x6f7b, 0x6f7b, 0x6f7b, 0x6f7b, 0x6f7b, 0x6f7b, 0x6f7b, 0x6f7b, 0x6f7b, 0x6f7b,
    0x6f7b, 0x6f7b, 0x6f7b, 0x6f7b, 0x6f7b, 0x6f7b, 0x6f7b, 0x6f7b, 0x6f7b, 0x6f7b, 0x6f7b, 0x6f7b, 0x6f7b, 0x6f7b, 0x6f7b, 0x6f7b,
    0x6f7b, 0x6f7b, 0x6f7b, 0x6f7b, 0x6f7b, 0x6f7b, 0x6f7b, 0x6f7b, 0x6f7b, 0x6f7b, 0x6f7b, 0x6f7b, 0x6f7b, 0x6f7b, 0x6f7b, 0x6f7b,
    0x6f7b, 0x6f7b, 0x6f7b, 0x6f7b, 0x6f7b, 0x6f7b, 0x6f7b, 0x6f7b, 0x6f7b, 0x6f7b, 0x6f7b, 0x6f7b, 0x6f7b, 0x6f7b, 0x6318, 0x6f7b,
    0x6f7b, 0x6f7b, 0x6f7b, 0x6f7b, 0x6f7b, 0x6f7b, 0x6f7b, 0x6f7b, 0x6f7b, 0x6f7b, 0x6f7b, 0x6f7b, 0x6f7b, 0x6f7b, 0x6f7b, 0x6f7b,
    0x6f7b, 0x6f7b, 0x6f7b, 0x6f7b, 0x6f7b, 0x6f7b, 0x6f7b, 0x6f7b, 0x6f7b, 0x6f7b, 0x6f7b, 0x6f7b, 0x6f7b, 0x6f7b, 0x6f7b, 0x6f7b,
    0x6f7b, 0x6f7b, 0x6f7b, 0x6f7b, 0x6f7b, 0x6f7b, 0x6f7b, 0x6f7b, 0x6f7b, 0x6f7b, 0x6f7b, 0x6f7b, 0x6f7b, 0x6318, 0x6f7b, 0x6f7b,
    0x6f7b, 0x6f7b, 0x6f7b, 0x6f7b, 0x6f7b, 0x6f7b, 0x6f7b, 0x6f7b, 0x6f7b, 0x6f7b, 0x6f7b, 0x6f7b, 0x6f7b, 0x6f7b, 0x6f7b, 0x6f7b,
    0x6f7b, 0x6f7b, 0x6f7b, 0x6f7b, 0x6f7b, 0x6f7b, 0x6f7b, 0x6f7b, 0x6f7b, 0x6f7b, 0x6f7b, 0x6f7b, 0x6f7b, 0x6f7b, 0x6f7b, 0x6f7b,
    0x6f7b, 0x6f7b, 0x6f7b, 0x6f7b, 0x6f7b, 0x6f7b, 0x6f7b, 0x6f7b, 0x6f7b, 0x6f7b, 0x6f7b, 0x6f7b, 0x6f7b, 0x6f7b, 0x6f7b, 0x6f7b,
    0x6f7b, 0x6f7b, 0x6f7b, 0x6f7b, 0x6f7b, 0x6f7b, 0x6f7b, 0x6f7b, 0x6f7b, 0x6f7b, 0x6f7b, 0x6f7b, 0x6f7b, 0x6f7b, 0x6f7b, 0x6f7b,
    0x6f7b, 0x6f7b, 0x6f7b, 0x6f7b, 0x6f7b, 0x6f7b, 0x6f7b, 0x6f7b, 0x6f7b, 0x6f7b, 0x6f7b, 0x6f7b, 0x6f7b, 0x6318, 0x6f7b, 0x6f7b,
    0x6f7b, 0x6f7b, 0x6f7b, 0x6f7b, 0x6f7b, 0x6f7b, 0x6f7b, 0x6f7b, 0x6f7b, 0x6f7b, 0x6f7b, 0x6f7b, 0x6f7b, 0x6f7b, 0x6f7b, 0x6f7b,
    0x6f7b, 0x6f7b, 0x6f7b, 0x6f7b, 0x6f7b, 0x6f7b, 0x6f7b, 0x6f7b, 0x6f7b, 0x6f7b, 0x6f7b, 0x6f7b, 0x6f7b, 0x6f7b, 0x6f7b, 0x6f7b,
    0x6f7b, 0x6f7b, 0x6f7b, 0x6f7b, 0x6f7b, 0x6f7b, 0x6f7b, 0x6f7b, 0x6f7b, 0x6f7b, 0x6f7b, 0x6f7b, 0x6f7b, 0x6318, 0x6f7b, 0x6f7b,
    0x6f7b, 0x6f7b, 0x6f7b, 0x6f7b, 0x6f7b, 0x6f7b, 0x6f7b, 0x6f7b, 0x6f7b, 0x6f7b, 0x6f7b, 0x6f7b, 0x6f7b, 0x6f7b, 0x6f7b, 0x6f7b,
    0x6f7b, 0x6f7b, 0x6f7b, 0x6f7b, 0x6f7b, 0x6f7b, 0x6f7b, 0x6f7b, 0x6f7b, 0x6f7b, 0x6f7b, 0x6f7b, 0x6f7b, 0x6f7b, 0x6f7b, 0x6f7b,
    0x6f7b, 0x6f7b, 0x6f7b, 0x6f7b, 0x6f7b, 0x6f7b, 0x6f7b, 0x6f7b, 0x6f7b, 0x6f7b, 0x6f7b, 0x6f7b, 0x6f7b, 0x6f7b, 0x6f7b, 0x6f7b,
    0x6f7b, 0x6f7b, 0x6f7b, 0x6f7b, 0x6f7b, 0x6f7b, 0x6f7b, 0x6f7b, 0x6f7b, 0x6f7b, 0x6f7b, 0x6f7b, 0x6f7b, 0x6f7b, 0x6f7b, 0x6f7b,
    0x6f7b, 0x6f7b, 0x6f7b, 0x6f7b, 0x6f7b, 0x6f7b, 0x6f7b, 0x6f7b, 0x6f7b, 0x6f7b, 0x6f7b, 0x6f7b, 0x6f7b, 0x6318, 0x6f7b, 0x6f7b,
    0x6f7b, 0x6f7b, 0x6f7b, 0x6f7b, 0x6f7b, 0x6f7b, 0x6f7b, 0x6f7b, 0x6f7b, 0x6f7b, 0x6f7b, 0x6f7b, 0x6f7b, 0x6f7b, 0x6f7b, 0x6f7b,
    0x6f7b, 0x6f7b, 0x6f7b, 0x6f7b, 0x6f7b, 0x6f7b, 0x6f7b, 0x6f7b, 0x6f7b, 0x6f7b, 0x6f7b, 0x6f7b, 0x6f7b, 0x6f7b, 0x6f7b, 0x6f7b,
    0x6f7b, 0x6f7b, 0x6f7b, 0x6f7b, 0x6f7b, 0x6f7b, 0x6f7b, 0x6f7b, 0x6f7b, 0x6f7b, 0x6f7b, 0x6f7b, 0x6f7b, 0x6318, 0x6f7b, 0x6f7b,
    0x6f7b, 0x6f7b, 0x6f7b, 0x6f7b, 0x6f7b, 0x6f7b, 0x6f7b, 0x6f7b, 0x6f7b, 0x6f7b, 0x6f7b, 0x6f7b, 0x6f7b, 0x6f7b, 0x6f7b, 0x6f7b,
    0x6f7b, 0x6f7b, 0x6f7b, 0x6f7b, 0x6f7b, 0x6f7b, 0x6f7b, 0x6f7b, 0x6f7b, 0x6f7b, 0x6f7b, 0x6f7b, 0x6f7b, 0x6f7b, 0x6f7b, 0x6f7b,
    0x6f7b, 0x6f7b, 0x6f7b, 0x6f7b, 0x6f7b, 0x6f7b, 0x6f7b, 0x6f7b, 0x6f7b, 0x6f7b, 0x6f7b, 0x6f7b, 0x6f7b, 0x6f7b, 0x6f7b, 0x6f7b,
    0x6f7b, 0x6f7b, 0x6f7b, 0x6f7b, 0x6f7b, 0x6f7b, 0x6f7b, 0x6f7b, 0x6f7b, 0x6f7b, 0x6f7b, 0x6f7b, 0x6f7b, 0x6f7b, 0x6f7b, 0x6f7b,
    0x6f7b, 0x6f7b, 0x6f7b, 0x6f7b, 0x6f7b, 0x6f7b, 0x6f7b, 0x6f7b, 0x6f7b, 0x6f7b, 0x6f7b, 0x6f7b, 0x6f7b, 0x6318, 0x6f7b, 0x6f7b,
    0x6f7b, 0x6f7b, 0x6f7b, 0x6f7b, 0x6f7b, 0x6f7b, 0x6f7b, 0x6f7b, 0x6f7b, 0x6f7b, 0x6f7b, 0x6f7b, 0x6f7b, 0x6f7b, 0x6f7b, 0x6f7b,
    0x6f7b, 0x6f7b, 0x6f7b, 0x6f7b, 0x6f7b, 0x6f7b, 0x6f7b, 0x6f7b, 0x6f7b, 0x6f7b, 0x6f7b, 0x6f7b, 0x6f7b, 0x6f7b, 0x6f7b, 0x6f7b,
    0x6f7b, 0x6f7b, 0x6f7b, 0x6f7b, 0x6f7b, 0x6f7b, 0x6f7b, 0x6f7b, 0x6f7b, 0x6f7b, 0x6f7b, 0x6f7b, 0x6f7b, 0x6f7b, 0x6318, 0x6f7b,
    0x6f7b, 0x6f7b, 0x6f7b, 0x6f7b, 0x6f7b, 0x6f7b, 0x6f7b, 0x6f7b, 0x6f7b, 0x6f7b, 0x6f7b, 0x6f7b, 0x6f7b, 0x6f7b, 0x6f7b, 0x6f7b,
    0x6f7b, 0x6f7b, 0x6f7b, 0x6f7b, 0x6f7b, 0x6f7b, 0x6f7b, 0x6f7b, 0x6f7b, 0x6f7b, 0x6f7b, 0x6f7b, 0x6f7b, 0x6f7b, 0x6f7b, 0x6f7b,
    0x6f7b, 0x6f7b, 0x6f7b, 0x6f7b, 0x6f7b, 0x6f7b, 0x6f7b, 0x6f7b, 0x6f7b, 0x6f7b, 0x6f7b, 0x6f7b, 0x6f7b, 0x6f7b, 0x6f7b, 0x6f7b,
    0x6f7b, 0x6f7b, 0x6f7b, 0x6f7b, 0x6f7b, 0x6f7b, 0x6f7b, 0x6f7b, 0x6f7b, 0x6f7b, 0x6f7b, 0x6f7b, 0x6f7b, 0x6f7b, 0x6f7b, 0x6f7b,
    0x6f7b, 0x6f7b, 0x6f7b, 0x6f7b, 0x6f7b, 0x6f7b, 0x6f7b, 0x6f7b, 0x6f7b, 0x6f7b, 0x6f7b, 0x6f7b, 0x6f7b, 0x6318, 0x6f7b, 0x6f7b,
    0x6f7b, 0x6f7b, 0x6f7b, 0x6f7b, 0x6f7b, 0x6f7b, 0x6f7b, 0x6f7b, 0x6f7b, 0x6f7b, 0x6f7b, 0x6f7b, 0x6f7b, 0x6f7b, 0x6f7b, 0x6f7b,
    0x6f7b, 0x6f7b, 0x6f7b, 0x6f7b, 0x6f7b, 0x6f7b, 0x6f7b, 0x6f7b, 0x6f7b, 0x6f7b, 0x6f7b, 0x6f7b, 0x6f7b, 0x6f7b, 0x6f7b, 0x6f7b,
    0x6f7b, 0x6f7b, 0x6f7b, 0x6f7b, 0x6f7b, 0x6f7b, 0x6f7b, 0x6f7b, 0x6f7b, 0x6f7b, 0x6f7b, 0x6f7b, 0x6f7b, 0x6f7b, 0x6318, 0x6f7b,
    0x6f7b, 0x6f7b, 0x6f7b, 0x6f7b, 0x6f7b, 0x6f7b, 0x6f7b, 0x6f7b, 0x6f7b, 0x6f7b, 0x6f7b, 0x6f7b, 0x6f7b, 0x6f7b, 0x6f7b, 0x6f7b,
    0x6f7b, 0x6f7b, 0x6f7b, 0x6f7b, 0x6f7b, 0x6f7b, 0x6f7b, 0x6f7b, 0x6f7b, 0x6f7b, 0x6f7b, 0x6f7b, 0x6f7b, 0x6f7b, 0x6f7b, 0x6f7b,
    0x6f7b, 0x6f7b, 0x6f7b, 0x6f7b, 0x6f7b, 0x6f7b, 0x6f7b, 0x6f7b, 0x6f7b, 0x6f7b, 0x6f7b, 0x6f7b, 0x6f7b, 0x6f7b, 0x6f7b, 0x6f7b,
    0x6f7b, 0x6f7b, 0x6f7b, 0x6f7b, 0x6f7b, 0x6f7b, 0x6f7b, 0x6f7b, 0x6f7b, 0x6f7b, 0x6f7b, 0x6f7b, 0x6f7b, 0x6f7b, 0x6f7b, 0x6f7b,
    0x6f7b, 0x6f7b, 0x6f7b, 0x6f7b, 0x6f7b, 0x6f7b, 0x6f7b, 0x6f7b, 0x6f7b, 0x6f7b, 0x6f7b, 0x6f7b, 0x6318, 0x6f7b, 0x6f7b, 0x6f7b,
    0x6f7b, 0x6f7b, 0x6f7b, 0x6f7b, 0x6f7b, 0x6f7b, 0x6f7b, 0x6f7b, 0x6f7b, 0x6f7b, 0x6f7b, 0x6f7b, 0x6f7b, 0x6f7b, 0x6f7b, 0x6f7b,
    0x6f7b, 0x6f7b, 0x6f7b, 0x6f7b, 0x6f7b, 0x6f7b, 0x6f7b, 0x6f7b, 0x6f7b, 0x6f7b, 0x6f7b, 0x6f7b, 0x6f7b, 0x6f7b, 0x6f7b, 0x6f7b,
    0x6f7b, 0x6f7b, 0x6f7b, 0x6f7b, 0x6f7b, 0x6f7b, 0x6f7b, 0x6f7b, 0x6f7b, 0x6f7b, 0x6f7b, 0x6f7b, 0x6f7b, 0x6f7b, 0x6739, 0x6f7b,
    0x6f7b, 0x6f7b, 0x6f7b, 0x6f7b, 0x6f7b, 0x6f7b, 0x6f7b, 0x6f7b, 0x6f7b, 0x6f7b, 0x6f7b, 0x6f7b, 0x6f7b, 0x6f7b, 0x6f7b, 0x6f7b,
    0x6f7b, 0x6f7b, 0x6f7b, 0x6f7b, 0x6f7b, 0x6f7b, 0x6f7b, 0x6f7b, 0x6f7b, 0x6f7b, 0x6f7b, 0x6f7b, 0x6f7b, 0x6f7b, 0x6f7b, 0x6f7b,
    0x6f7b, 0x6f7b, 0x6f7b, 0x6f7b, 0x6f7b, 0x6f7b, 0x6f7b, 0x6f7b, 0x6f7b, 0x6f7b, 0x6f7b, 0x6f7b, 0x6f7b, 0x6f7b, 0x6f7b, 0x6f7b,
    0x6f7b, 0x6f7b, 0x6f7b, 0x6f7b, 0x6f7b, 0x6f7b, 0x6f7b, 0x6f7b, 0x6f7b, 0x6f7b, 0x6f7b, 0x6f7b, 0x6f7b, 0x6f7b, 0x6f7b, 0x6f7b,
    0x6f7b, 0x6f7b, 0x6f7b, 0x6f7b, 0x6f7b, 0x6f7b, 0x6f7b, 0x6f7b, 0x6f7b, 0x6f7b, 0x6f7b, 0x6f7b, 0x6318, 0x6f7b, 0x6f7b, 0x6f7b,
    0x6f7b, 0x6f7b, 0x6f7b, 0x6f7b, 0x6f7b, 0x6f7b, 0x6f7b, 0x6f7b, 0x6f7b, 0x6f7b, 0x6f7b, 0x6f7b, 0x6f7b, 0x6f7b, 0x6f7b, 0x6f7b,
    0x6f7b, 0x6f7b, 0x6f7b, 0x6f7b, 0x6f7b, 0x6f7b, 0x6f7b, 0x6f7b, 0x6f7b, 0x6f7b, 0x6f7b, 0x6f7b, 0x6f7b, 0x6f7b, 0x6f7b, 0x6f7b,
    0x6f7b, 0x6f7b, 0x6f7b, 0x6f7b, 0x6f7b, 0x6f7b, 0x6f7b, 0x6f7b, 0x6f7b, 0x6f7b, 0x6f7b, 0x6f7b, 0x6f7b, 0x6f7b, 0x6318, 0x6f7b,
    0x6f7b, 0x6f7b, 0x6f7b, 0x6f7b, 0x6f7b, 0x6f7b, 0x6f7b, 0x6f7b, 0x6f7b, 0x6f7b, 0x6f7b, 0x6f7b, 0x6f7b, 0x6f7b, 0x6f7b, 0x6f7b,
    0x6f7b, 0x6f7b, 0x6f7b, 0x6f7b, 0x6f7b, 0x6f7b, 0x6f7b, 0x6f7b, 0x6f7b, 0x6f7b, 0x6f7b, 0x6f7b, 0x6f7b, 0x6f7b, 0x6f7b, 0x6f7b,
    0x6f7b, 0x6f7b, 0x6f7b, 0x6f7b, 0x6f7b, 0x6f7b, 0x6f7b, 0x6f7b, 0x6f7b, 0x6f7b, 0x6f7b, 0x6f7b, 0x6f7b, 0x6f7b, 0x6f7b, 0x6f7b,
    0x6f7b, 0x6f7b, 0x6f7b, 0x6f7b, 0x6f7b, 0x6f7b, 0x6f7b, 0x6f7b, 0x6f7b, 0x6f7b, 0x6f7b, 0x6f7b, 0x6f7b, 0x6f7b, 0x6f7b, 0x6f7b,
    0x6f7b, 0x6f7b, 0x6f7b, 0x6f7b, 0x6f7b, 0x6f7b, 0x6f7b, 0x6f7b, 0x6f7b, 0x6f7b, 0x6f7b, 0x6f7b, 0x6318, 0x6f7b, 0x6f7b, 0x6f7b,
    0x6f7b, 0x6f7b, 0x6f7b, 0x6f7b, 0x6f7b, 0x6f7b, 0x6f7b, 0x6f7b, 0x6f7b, 0x6f7b, 0x6f7b, 0x6f7b, 0x6f7b, 0x6f7b, 0x6f7b, 0x6f7b,
    0x6f7b, 0x6f7b, 0x6f7b, 0x6f7b, 0x6f7b, 0x6f7b, 0x6f7b, 0x6f7b, 0x6f7b, 0x6f7b, 0x6f7b, 0x6f7b, 0x6f7b, 0x6f7b, 0x6f7b, 0x6f7b,
    0x6f7b, 0x6f7b, 0x6f7b, 0x6f7b, 0x6f7b, 0x6f7b, 0x6f7b, 0x6f7b, 0x6f7b, 0x6f7b, 0x6f7b, 0x6f7b, 0x6f7b, 0x6f7b, 0x6318, 0x6f7b,
    0x6f7b, 0x6f7b, 0x6f7b, 0x6f7b, 0x6f7b, 0x6f7b, 0x6f7b, 0x6f7b, 0x6f7b, 0x6f7b, 0x6f7b, 0x6f7b, 0x6f7b, 0x6f7b, 0x6f7b, 0x6f7b,
    0x6f7b, 0x6f7b, 0x6f7b, 0x6f7b, 0x6f7b, 0x6f7b, 0x6f7b, 0x6f7b, 0x6f7b, 0x6f7b, 0x6f7b, 0x6f7b, 0x6f7b, 0x6f7b, 0x6f7b, 0x6f7b,
    0x6f7b, 0x6f7b, 0x6f7b, 0x6f7b, 0x6f7b, 0x6f7b, 0x6f7b, 0x6f7b, 0x6f7b, 0x6f7b, 0x6f7b, 0x6f7b, 0x6f7b, 0x6f7b, 0x6f7b, 0x6f7b,
    0x6f7b, 0x6f7b, 0x6f7b, 0x6f7b, 0x6f7b, 0x6f7b, 0x6f7b, 0x6f7b, 0x6f7b, 0x6f7b, 0x6f7b, 0x6f7b, 0x6f7b, 0x6f7b, 0x6f7b, 0x6f7b,
    0x6f7b, 0x6f7b, 0x6f7b, 0x6f7b, 0x6f7b, 0x6f7b, 0x6f7b, 0x6f7b, 0x6f7b, 0x6f7b, 0x6f7b, 0x6f7b, 0x6318, 0x6f7b, 0x6f7b, 0x6f7b,
    0x6f7b, 0x6f7b, 0x6f7b, 0x6f7b, 0x6f7b, 0x6f7b, 0x6f7b, 0x6f7b, 0x6f7b, 0x6f7b, 0x6f7b, 0x6f7b, 0x6f7b, 0x6f7b, 0x6f7b, 0x6f7b,
    0x6f7b, 0x6f7b, 0x6f7b, 0x6f7b, 0x6f7b, 0x6f7b, 0x6f7b, 0x6f7b, 0x6f7b, 0x6f7b, 0x6f7b, 0x6f7b, 0x6f7b, 0x6f7b, 0x6f7b, 0x6f7b,
    0x6f7b, 0x6f7b, 0x6f7b, 0x6f7b, 0x6f7b, 0x6f7b, 0x6f7b, 0x6f7b, 0x6f7b, 0x6f7b, 0x6f7b, 0x6f7b, 0x6f7b, 0x6f7b, 0x6318, 0x6f7b,
    0x6f7b, 0x6f7b, 0x6f7b, 0x6f7b, 0x6f7b, 0x6f7b, 0x6f7b, 0x6f7b, 0x6f7b, 0x6f7b, 0x6f7b, 0x6f7b, 0x6f7b, 0x6f7b, 0x6f7b, 0x6f7b,
    0x6f7b, 0x6f7b, 0x6f7b, 0x6f7b, 0x6f7b, 0x6f7b, 0x6f7b, 0x6f7b, 0x6f7b, 0x6f7b, 0x6f7b, 0x6f7b, 0x6f7b, 0x6f7b, 0x6f7b, 0x6f7b,
    0x6f7b, 0x6f7b, 0x6f7b, 0x6f7b, 0x6f7b, 0x6f7b, 0x6f7b, 0x6f7b, 0x6f7b, 0x6f7b, 0x6f7b, 0x6f7b, 0x6f7b, 0x6f7b, 0x6f7b, 0x6f7b,
    0x6f7b, 0x6f7b, 0x6f7b, 0x6f7b, 0x6f7b, 0x6f7b, 0x6f7b, 0x6f7b, 0x6f7b, 0x6f7b, 0x6f7b, 0x6f7b, 0x6f7b, 0x6f7b, 0x6f7b, 0x6f7b,
    0x6f7b, 0x6f7b, 0x6f7b, 0x6f7b, 0x6f7b, 0x6f7b, 0x6f7b, 0x6f7b, 0x6f7b, 0x6f7b, 0x6f7b, 0x6f7b, 0x6318, 0x6f7b, 0x6f7b, 0x6f7b,
    0x6f7b, 0x6f7b, 0x6f7b, 0x6f7b, 0x6f7b, 0x6f7b, 0x6f7b, 0x6f7b, 0x6f7b, 0x6f7b, 0x6f7b, 0x6f7b, 0x6f7b, 0x6f7b, 0x6f7b, 0x6f7b,
    0x6f7b, 0x6f7b, 0x6f7b, 0x6f7b, 0x6f7b, 0x6f7b, 0x6f7b, 0x6f7b, 0x6f7b, 0x6f7b, 0x6f7b, 0x6f7b, 0x6f7b, 0x6f7b, 0x6f7b, 0x6f7b,
    0x6f7b, 0x6f7b, 0x6f7b, 0x6f7b, 0x6f7b, 0x6f7b, 0x6f7b, 0x6f7b, 0x6f7b, 0x6f7b, 0x6f7b, 0x6f7b, 0x6f7b, 0x6f7b, 0x6318, 0x6f7b,
    0x6f7b, 0x6f7b, 0x6f7b, 0x6f7b, 0x6f7b, 0x6f7b, 0x6f7b, 0x6f7b, 0x6f7b, 0x6f7b, 0x6f7b, 0x6f7b, 0x6f7b, 0x6f7b, 0x6f7b, 0x6f7b,
    0x6f7b, 0x6f7b, 0x6f7b, 0x6f7b, 0x6f7b, 0x6f7b, 0x6f7b, 0x6f7b, 0x6f7b, 0x6f7b, 0x6f7b, 0x6f7b, 0x6f7b, 0x6f7b, 0x6f7b, 0x6f7b,
    0x6f7b, 0x6f7b, 0x6f7b, 0x6f7b, 0x6f7b, 0x6f7b, 0x6f7b, 0x6f7b, 0x6f7b, 0x6f7b, 0x6f7b, 0x6f7b, 0x6f7b, 0x6f7b, 0x6f7b, 0x6f7b,
    0x6f7b, 0x6f7b, 0x6f7b, 0x6f7b, 0x6f7b, 0x6f7b, 0x6f7b, 0x6f7b, 0x6f7b, 0x6f7b, 0x6f7b, 0x6f7b, 0x6f7b, 0x6f7b, 0x6f7b, 0x6f7b,
    0x6f7b, 0x6f7b, 0x6f7b, 0x6f7b, 0x6f7b, 0x6f7b, 0x6f7b, 0x6f7b, 0x6f7b, 0x6f7b, 0x6f7b, 0x6f7b, 0x6318, 0x6f7b, 0x6f7b, 0x6f7b,
    0x6f7b, 0x6f7b, 0x6f7b, 0x6f7b, 0x6f7b, 0x6f7b, 0x6f7b, 0x6f7b, 0x6f7b, 0x6f7b, 0x6f7b, 0x6f7b, 0x6f7b, 0x6f7b, 0x6f7b, 0x6f7b,
    0x6f7b, 0x6f7b, 0x6f7b, 0x6f7b, 0x6f7b, 0x6f7b, 0x6f7b, 0x6f7b, 0x6f7b, 0x6f7b, 0x6f7b, 0x6f7b, 0x6f7b, 0x6f7b, 0x6f7b, 0x6f7b,
    0x6f7b, 0x6f7b, 0x6f7b, 0x6f7b, 0x6f7b, 0x6f7b, 0x6f7b, 0x6f7b, 0x6f7b, 0x6f7b, 0x6f7b, 0x6f7b, 0x6f7b, 0x6f7b, 0x6318, 0x6f7b,
    0x6f7b, 0x6f7b, 0x6f7b, 0x6f7b, 0x6f7b, 0x6f7b, 0x6f7b, 0x6f7b, 0x6f7b, 0x6f7b, 0x6f7b, 0x6f7b, 0x6f7b, 0x6f7b, 0x6f7b, 0x6f7b,
    0x6f7b, 0x6f7b, 0x6f7b, 0x6f7b, 0x6f7b, 0x6f7b, 0x6f7b, 0x6f7b, 0x6f7b, 0x6f7b, 0x6f7b, 0x6f7b, 0x6f7b, 0x6f7b, 0x6f7b, 0x6f7b,
    0x6f7b, 0x6f7b, 0x6f7b, 0x6f7b, 0x6f7b, 0x6f7b, 0x6f7b, 0x6f7b, 0x6f7b, 0x6f7b, 0x6f7b, 0x6f7b, 0x6f7b, 0x6f7b, 0x6f7b, 0x6f7b,
    0x6f7b, 0x6f7b, 0x6f7b, 0x6f7b, 0x6f7b, 0x6f7b, 0x6f7b, 0x6f7b, 0x6f7b, 0x6f7b, 0x6f7b, 0x6f7b, 0x6f7b, 0x6f7b, 0x6f7b, 0x6f7b,
    0x6f7b, 0x6f7b, 0x6f7b, 0x6f7b, 0x6f7b, 0x6f7b, 0x6f7b, 0x6f7b, 0x6f7b, 0x6f7b, 0x6f7b, 0x6f7b, 0x6318, 0x6f7b, 0x6f7b, 0x6f7b,
    0x6f7b, 0x6f7b, 0x6f7b, 0x6f7b, 0x6f7b, 0x6f7b, 0x6f7b, 0x6f7b, 0x6f7b, 0x6f7b, 0x6f7b, 0x6f7b, 0x6f7b, 0x6f7b, 0x6f7b, 0x6f7b,
    0x6f7b, 0x6f7b, 0x6f7b, 0x6f7b, 0x6f7b, 0x6f7b, 0x6f7b, 0x6f7b, 0x6f7b, 0x6f7b, 0x6f7b, 0x6f7b, 0x6f7b, 0x6f7b, 0x6f7b, 0x6f7b,
    0x6f7b, 0x6f7b, 0x6f7b, 0x6f7b, 0x6f7b, 0x6f7b, 0x6f7b, 0x6f7b, 0x6f7b, 0x6f7b, 0x6f7b, 0x6f7b, 0x6f7b, 0x6f7b, 0x6318, 0x6f7b,
    0x6f7b, 0x6f7b, 0x6f7b, 0x6f7b, 0x6f7b, 0x6f7b, 0x6f7b, 0x6f7b, 0x6f7b, 0x6f7b, 0x6f7b, 0x6f7b, 0x6f7b, 0x6f7b, 0x6f7b, 0x6f7b,
    0x6f7b, 0x6f7b, 0x6f7b, 0x6f7b, 0x6f7b, 0x6f7b, 0x6f7b, 0x6f7b, 0x6f7b, 0x6f7b, 0x6f7b, 0x6f7b, 0x6f7b, 0x6f7b, 0x6f7b, 0x6f7b,
    0x6f7b, 0x6f7b, 0x6f7b, 0x6f7b, 0x6f7b, 0x6f7b, 0x6f7b, 0x6f7b, 0x6f7b, 0x6f7b, 0x6f7b, 0x6f7b, 0x6f7b, 0x6f7b, 0x6f7b, 0x6f7b,
    0x6f7b, 0x6f7b, 0x6f7b, 0x6f7b, 0x6f7b, 0x6f7b, 0x6f7b, 0x6f7b, 0x6f7b, 0x6f7b, 0x6f7b, 0x6f7b, 0x6f7b, 0x6f7b, 0x6f7b, 0x6f7b,
    0x6f7b, 0x6f7b, 0x6f7b, 0x6f7b, 0x6f7b, 0x6f7b, 0x6f7b, 0x6f7b, 0x6f7b, 0x6f7b, 0x6f7b, 0x6f7b, 0x6318, 0x6f7b, 0x6f7b, 0x6f7b,
    0x6f7b, 0x6f7b, 0x6f7b, 0x6f7b, 0x6f7b, 0x6f7b, 0x6f7b, 0x6f7b, 0x6f7b, 0x6f7b, 0x6f7b, 0x6f7b, 0x6f7b, 0x6f7b, 0x6f7b, 0x6f7b,
    0x6f7b, 0x6f7b, 0x6f7b, 0x6f7b, 0x6f7b, 0x6f7b, 0x6f7b, 0x6f7b, 0x6f7b, 0x6f7b, 0x6f7b, 0x6f7b, 0x6f7b, 0x6f7b, 0x6f7b, 0x6f7b,
    0x6f7b, 0x6f7b, 0x6f7b, 0x6f7b, 0x6f7b, 0x6f7b, 0x6f7b, 0x6f7b, 0x6f7b, 0x6f7b, 0x6f7b, 0x6f7b, 0x6f7b, 0x6f7b, 0x6318, 0x6f7b,
    0x6f7b, 0x6f7b, 0x6f7b, 0x6f7b, 0x6f7b, 0x6f7b, 0x6f7b, 0x6f7b, 0x6f7b, 0x6f7b, 0x6f7b, 0x6f7b, 0x6f7b, 0x6f7b, 0x6f7b, 0x6f7b,
    0x6f7b, 0x6f7b, 0x6f7b, 0x6f7b, 0x6f7b, 0x6f7b, 0x6f7b, 0x6f7b, 0x6f7b, 0x6f7b, 0x6f7b, 0x6f7b, 0x6f7b, 0x6f7b, 0x6f7b, 0x6f7b,
    0x6f7b, 0x6f7b, 0x6f7b, 0x6f7b, 0x6f7b, 0x6f7b, 0x6f7b, 0x6f7b, 0x6f7b, 0x6f7b, 0x6f7b, 0x6f7b, 0x6f7b, 0x6f7b, 0x6f7b, 0x6f7b,
    0x6f7b, 0x6f7b, 0x6f7b, 0x6f7b, 0x6f7b, 0x6f7b, 0x6f7b, 0x6f7b, 0x6f7b, 0x6f7b, 0x6f7b, 0x6f7b, 0x6f7b, 0x6f7b, 0x6f7b, 0x6f7b,
    0x6f7b, 0x6f7b, 0x6f7b, 0x6f7b, 0x6f7b, 0x6f7b, 0x6f7b, 0x6f7b, 0x6f7b, 0x6f7b, 0x6f7b, 0x6f7b, 0x6318, 0x6f7b, 0x6f7b, 0x6f7b,
    0x6f7b, 0x6f7b, 0x6f7b, 0x6f7b, 0x6f7b, 0x6f7b, 0x6f7b, 0x6f7b, 0x6f7b, 0x6f7b, 0x6f7b, 0x6f7b, 0x6f7b, 0x6f7b, 0x6f7b, 0x6f7b,
    0x6f7b, 0x6f7b, 0x6f7b, 0x6f7b, 0x6f7b, 0x6f7b, 0x6f7b, 0x6f7b, 0x6f7b, 0x6f7b, 0x6f7b, 0x6f7b, 0x6f7b, 0x6f7b, 0x6f7b, 0x6f7b,
    0x6f7b, 0x6f7b, 0x6f7b, 0x6f7b, 0x6f7b, 0x6f7b, 0x6f7b, 0x6f7b, 0x6f7b, 0x6f7b, 0x6f7b, 0x6f7b, 0x6f7b, 0x6f7b, 0x6318, 0x6f7b,
    0x6f7b, 0x6f7b, 0x6f7b, 0x6f7b, 0x6f7b, 0x6f7b, 0x6f7b, 0x6f7b, 0x6f7b, 0x6f7b, 0x6f7b, 0x6f7b, 0x6f7b, 0x6f7b, 0x6f7b, 0x6f7b,
    0x6f7b, 0x6f7b, 0x6f7b, 0x6f7b, 0x6f7b, 0x6f7b, 0x6f7b, 0x6f7b, 0x6f7b, 0x6f7b, 0x6f7b, 0x6f7b, 0x6f7b, 0x6f7b, 0x6f7b, 0x6f7b,
    0x6f7b, 0x6f7b, 0x6f7b, 0x6f7b, 0x6f7b, 0x6f7b, 0x6f7b, 0x6f7b, 0x6f7b, 0x6f7b, 0x6f7b, 0x6f7b, 0x6f7b, 0x6f7b, 0x6f7b, 0x6f7b,
    0x6f7b, 0x6f7b, 0x6f7b, 0x6f7b, 0x6f7b, 0x6f7b, 0x6f7b, 0x6f7b, 0x6f7b, 0x6f7b, 0x6f7b, 0x6f7b, 0x6f7b, 0x6f7b, 0x6f7b, 0x6f7b,
    0x6f7b, 0x6f7b, 0x6f7b, 0x6f7b, 0x6f7b, 0x6f7b, 0x6f7b, 0x6f7b, 0x6f7b, 0x6f7b, 0x6f7b, 0x6f7b, 0x6b5a, 0x6f7b, 0x6f7b, 0x6f7b,
    0x6f7b, 0x6f7b, 0x6f7b, 0x6f7b, 0x6f7b, 0x6f7b, 0x6f7b, 0x6f7b, 0x6f7b, 0x6f7b, 0x6f7b, 0x6f7b, 0x6f7b, 0x6f7b, 0x6f7b, 0x6f7b,
    0x6f7b, 0x6f7b, 0x6f7b, 0x6f7b, 0x6f7b, 0x6f7b, 0x6f7b, 0x6f7b, 0x6f7b, 0x6f7b, 0x6f7b, 0x6f7b, 0x6f7b, 0x6f7b, 0x6f7b, 0x6f7b,
    0x6f7b, 0x6f7b, 0x6f7b, 0x6f7b, 0x6f7b, 0x6f7b, 0x6f7b, 0x6f7b, 0x6f7b, 0x6f7b, 0x6f7b, 0x6f7b, 0x6f7b, 0x6f7b, 0x6318, 0x6f7b,
    0x6f7b, 0x6f7b, 0x6f7b, 0x6f7b, 0x6f7b, 0x6f7b, 0x6f7b, 0x6f7b, 0x6f7b, 0x6f7b, 0x6f7b, 0x6f7b, 0x6f7b, 0x6f7b, 0x6f7b, 0x6f7b,
    0x6f7b, 0x6f7b, 0x6f7b, 0x6f7b, 0x6f7b, 0x6f7b, 0x6f7b, 0x6f7b, 0x6f7b, 0x6f7b, 0x6f7b, 0x6f7b, 0x6f7b, 0x6f7b, 0x6f7b, 0x6f7b,
    0x6f7b, 0x6f7b, 0x6f7b, 0x6f7b, 0x6f7b, 0x6f7b, 0x6f7b, 0x6f7b, 0x6f7b, 0x6f7b, 0x6f7b, 0x6f7b, 0x6f7b, 0x6f7b, 0x6f7b, 0x6f7b,
    0x6f7b, 0x6f7b, 0x6f7b, 0x6f7b, 0x6f7b, 0x6f7b, 0x6f7b, 0x6f7b, 0x6f7b, 0x6f7b, 0x6f7b, 0x6f7b, 0x6f7b, 0x6f7b, 0x6f7b, 0x6f7b,
    0x6f7b, 0x6f7b, 0x6f7b, 0x6f7b, 0x6f7b, 0x6f7b, 0x6f7b, 0x6f7b, 0x6f7b, 0x6f7b, 0x6f7b, 0x6f7b, 0x6f7b, 0x6318, 0x6f7b, 0x6f7b,
    0x6f7b, 0x6f7b, 0x6f7b, 0x6f7b, 0x6f7b, 0x6f7b, 0x6f7b, 0x6f7b, 0x6f7b, 0x6f7b, 0x6f7b, 0x6f7b, 0x6f7b, 0x6f7b, 0x6f7b, 0x6f7b,
    0x6f7b, 0x6f7b, 0x6f7b, 0x6f7b, 0x6f7b, 0x6f7b, 0x6f7b, 0x6f7b, 0x6f7b, 0x6f7b, 0x6f7b, 0x6f7b, 0x6f7b, 0x6f7b, 0x6f7b, 0x6f7b,
    0x6f7b, 0x6f7b, 0x6f7b, 0x6f7b, 0x6f7b, 0x6f7b, 0x6f7b, 0x6f7b, 0x6f7b, 0x6f7b, 0x6f7b, 0x6f7b, 0x6f7b, 0x6f7b, 0x6318, 0x6f7b,
    0x6f7b, 0x6f7b, 0x6f7b, 0x6f7b, 0x6f7b, 0x6f7b, 0x6f7b, 0x6f7b, 0x6f7b, 0x6f7b, 0x6f7b, 0x6f7b, 0x6f7b, 0x6f7b, 0x6f7b, 0x6f7b,
    0x6f7b, 0x6f7b, 0x6f7b, 0x6f7b, 0x6f7b, 0x6f7b, 0x6f7b, 0x6f7b, 0x6f7b, 0x6f7b, 0x6f7b, 0x6f7b, 0x6f7b, 0x6f7b, 0x6f7b, 0x6f7b,
    0x6f7b, 0x6f7b, 0x6f7b, 0x6f7b, 0x6f7b, 0x6f7b, 0x6f7b, 0x6f7b, 0x6f7b, 0x6f7b, 0x6f7b, 0x6f7b, 0x6f7b, 0x6f7b, 0x6f7b, 0x6f7b,
    0x6f7b, 0x6f7b, 0x6f7b, 0x6f7b, 0x6f7b, 0x6f7b, 0x6f7b, 0x6f7b, 0x6f7b, 0x6f7b, 0x6f7b, 0x6f7b, 0x6f7b, 0x6f7b, 0x6f7b, 0x6f7b,
    0x6f7b, 0x6f7b, 0x6f7b, 0x6f7b, 0x6f7b, 0x6f7b, 0x6f7b, 0x6f7b, 0x6f7b, 0x6f7b, 0x6f7b, 0x6f7b, 0x6f7b, 0x6318, 0x6f7b, 0x6f7b,
    0x6f7b, 0x6f7b, 0x6f7b, 0x6f7b, 0x6f7b, 0x6f7b, 0x6f7b, 0x6f7b, 0x6f7b, 0x6f7b, 0x6f7b, 0x6f7b, 0x6f7b, 0x6f7b, 0x6f7b, 0x6f7b,
    0x6f7b, 0x6f7b, 0x6f7b, 0x6f7b, 0x6f7b, 0x6f7b, 0x6f7b, 0x6f7b, 0x6f7b, 0x6f7b, 0x6f7b, 0x6f7b, 0x6f7b, 0x6f7b, 0x6f7b, 0x6f7b,
    0x6f7b, 0x6f7b, 0x6f7b, 0x6f7b, 0x6f7b, 0x6f7b, 0x6f7b, 0x6f7b, 0x6f7b, 0x6f7b, 0x6f7b, 0x6f7b, 0x6f7b, 0x6f7b, 0x6739, 0x6f7b,
    0x6f7b, 0x6f7b, 0x6f7b, 0x6f7b, 0x6f7b, 0x6f7b, 0x6f7b, 0x6f7b, 0x6f7b, 0x6f7b, 0x6f7b, 0x6f7b, 0x6f7b, 0x6f7b, 0x6f7b, 0x6f7b,
    0x6f7b, 0x6f7b, 0x6f7b, 0x6f7b, 0x6f7b, 0x6f7b, 0x6f7b, 0x6f7b, 0x6f7b, 0x6f7b, 0x6f7b, 0x6f7b, 0x6f7b, 0x6f7b, 0x6f7b, 0x6f7b,
    0x6f7b, 0x6f7b, 0x6f7b, 0x6f7b, 0x6f7b, 0x6f7b, 0x6f7b, 0x6f7b, 0x6f7b, 0x6f7b, 0x6f7b, 0x6f7b, 0x6f7b, 0x6f7b, 0x6f7b, 0x6f7b,
    0x6f7b, 0x6f7b, 0x6f7b, 0x6f7b, 0x6f7b, 0x6f7b, 0x6f7b, 0x6f7b, 0x6f7b, 0x6f7b, 0x6f7b, 0x6f7b, 0x6f7b, 0x6f7b, 0x6f7b, 0x6f7b,
    0x6f7b, 0x6f7b, 0x6f7b, 0x6f7b, 0x6f7b, 0x6f7b, 0x6f7b, 0x6f7b, 0x6f7b, 0x6f7b, 0x6f7b, 0x6f7b, 0x6f7b, 0x6318, 0x6f7b, 0x6f7b,
    0x6f7b, 0x6f7b, 0x6f7b, 0x6f7b, 0x6f7b, 0x6f7b, 0x6f7b, 0x6f7b, 0x6f7b, 0x6f7b, 0x6f7b, 0x6f7b, 0x6f7b, 0x6f7b, 0x6f7b, 0x6f7b,
    0x6f7b, 0x6f7b, 0x6f7b, 0x6f7b, 0x6f7b, 0x6f7b, 0x6f7b, 0x6f7b, 0x6f7b, 0x6f7b, 0x6f7b, 0x6f7b, 0x6f7b, 0x6f7b, 0x6f7b, 0x6f7b,
    0x6f7b, 0x6f7b, 0x6f7b, 0x6f7b, 0x6f7b, 0x6f7b, 0x6f7b, 0x6f7b, 0x6f7b, 0x6f7b, 0x6f7b, 0x6f7b, 0x6f7b, 0x6318, 0x6f7b, 0x6f7b,
    0x6f7b, 0x6f7b, 0x6f7b, 0x6f7b, 0x6f7b, 0x6f7b, 0x6f7b, 0x6f7b, 0x6f7b, 0x6f7b, 0x6f7b, 0x6f7b, 0x6f7b, 0x6f7b, 0x6f7b, 0x6f7b,
    0x6f7b, 0x6f7b, 0x6f7b, 0x6f7b, 0x6f7b, 0x6f7b, 0x6f7b, 0x6f7b, 0x6f7b, 0x6f7b, 0x6f7b, 0x6f7b, 0x6f7b, 0x6f7b, 0x6f7b, 0x6f7b,
    0x6f7b, 0x6f7b, 0x6f7b, 0x6f7b, 0x6f7b, 0x6f7b, 0x6f7b, 0x6f7b, 0x6f7b, 0x6f7b, 0x6f7b, 0x6f7b, 0x6f7b, 0x6f7b, 0x6f7b, 0x6f7b,
    0x6f7b, 0x6f7b, 0x6f7b, 0x6f7b, 0x6f7b, 0x6f7b, 0x6f7b, 0x6f7b, 0x6f7b, 0x6f7b, 0x6f7b, 0x6f7b, 0x6f7b, 0x6f7b, 0x6f7b, 0x6f7b,
    0x6f7b, 0x6f7b, 0x6f7b, 0x6f7b, 0x6f7b, 0x6f7b, 0x6f7b, 0x6f7b, 0x6f7b, 0x6f7b, 0x6f7b, 0x6f7b, 0x6f7b, 0x6f7b, 0x6318, 0x6f7b,
    0x6f7b, 0x6f7b, 0x6f7b, 0x6f7b, 0x6f7b, 0x6f7b, 0x6f7b, 0x6f7b, 0x6f7b, 0x6f7b, 0x6f7b, 0x6f7b, 0x6f7b, 0x6f7b, 0x6f7b, 0x6f7b,
    0x6f7b, 0x6f7b, 0x6f7b, 0x6f7b, 0x6f7b, 0x6f7b, 0x6f7b, 0x6f7b, 0x6f7b, 0x6f7b, 0x6f7b, 0x6f7b, 0x6f7b, 0x6f7b, 0x6f7b, 0x6f7b,
    0x6f7b, 0x6f7b, 0x6f7b, 0x6f7b, 0x6f7b, 0x6f7b, 0x6f7b, 0x6f7b, 0x6f7b, 0x6f7b, 0x6f7b, 0x6f7b, 0x6f7b, 0x6318, 0x6f7b, 0x6f7b,
    0x6f7b, 0x6f7b, 0x6f7b, 0x6f7b, 0x6f7b, 0x6f7b, 0x6f7b, 0x6f7b, 0x6f7b, 0x6f7b, 0x6f7b, 0x6f7b, 0x6f7b, 0x6f7b, 0x6f7b, 0x6f7b,
    0x6f7b, 0x6f7b, 0x6f7b, 0x6f7b, 0x6f7b, 0x6f7b, 0x6f7b, 0x6f7b, 0x6f7b, 0x6f7b, 0x6f7b, 0x6f7b, 0x6f7b, 0x6f7b, 0x6f7b, 0x6f7b,
    0x6f7b, 0x6f7b, 0x6f7b, 0x6f7b, 0x6f7b, 0x6f7b, 0x6f7b, 0x6f7b, 0x6f7b, 0x6f7b, 0x6f7b, 0x6f7b, 0x6f7b, 0x6f7b, 0x6f7b, 0x6f7b,
    0x6f7b, 0x6f7b, 0x6f7b, 0x6f7b, 0x6f7b, 0x6f7b, 0x6f7b, 0x6f7b, 0x6f7b, 0x6f7b, 0x6f7b, 0x6f7b, 0x6f7b, 0x6f7b, 0x6f7b, 0x6f7b,
    0x6f7b, 0x6f7b, 0x6f7b, 0x6f7b, 0x6f7b, 0x6f7b, 0x6f7b, 0x6f7b, 0x6f7b, 0x6f7b, 0x6f7b, 0x6f7b, 0x6f7b, 0x6f7b, 0x6318, 0x6f7b,
    0x6f7b, 0x6f7b, 0x6f7b, 0x6f7b, 0x6f7b, 0x6f7b, 0x6f7b, 0x6f7b, 0x6f7b, 0x6f7b, 0x6f7b, 0x6f7b, 0x6f7b, 0x6f7b, 0x6f7b, 0x6f7b,
    0x6f7b, 0x6f7b, 0x6f7b, 0x6f7b, 0x6f7b, 0x6f7b, 0x6f7b, 0x6f7b, 0x6f7b, 0x6f7b, 0x6f7b, 0x6f7b, 0x6f7b, 0x6f7b, 0x6f7b, 0x6f7b,
    0x6f7b, 0x6f7b, 0x6f7b, 0x6f7b, 0x6f7b, 0x6f7b, 0x6f7b, 0x6f7b, 0x6f7b, 0x6f7b, 0x6f7b, 0x6f7b, 0x6f7b, 0x6739, 0x6f7b, 0x6f7b,
    0x6f7b, 0x6f7b, 0x6f7b, 0x6f7b, 0x6f7b, 0x6f7b, 0x6f7b, 0x6f7b, 0x6f7b, 0x6f7b, 0x6f7b, 0x6f7b, 0x6f7b, 0x6f7b, 0x6f7b, 0x6f7b,
    0x6f7b, 0x6f7b, 0x6f7b, 0x6f7b, 0x6f7b, 0x6f7b, 0x6f7b, 0x6f7b, 0x6f7b, 0x6f7b, 0x6f7b, 0x6f7b, 0x6f7b, 0x6f7b, 0x6f7b, 0x6f7b,
    0x6f7b, 0x6f7b, 0x6f7b, 0x6f7b, 0x6f7b, 0x6f7b, 0x6f7b, 0x6f7b, 0x6f7b, 0x6f7b, 0x6f7b, 0x6f7b, 0x6f7b, 0x6f7b, 0x6f7b, 0x6f7b,
    0x6f7b, 0x6f7b, 0x6f7b, 0x6f7b, 0x6f7b, 0x6f7b, 0x6f7b, 0x6f7b, 0x6f7b, 0x6f7b, 0x6f7b, 0x6f7b, 0x6f7b, 0x6f7b, 0x6f7b, 0x6f7b,
    0x6f7b, 0x6f7b, 0x6f7b, 0x6f7b, 0x6f7b, 0x6f7b, 0x6f7b, 0x6f7b, 0x6f7b, 0x6f7b, 0x6f7b, 0x6f7b, 0x6f7b, 0x6f7b, 0x6318, 0x6f7b,
    0x6f7b, 0x6f7b, 0x6f7b, 0x6f7b, 0x6f7b, 0x6f7b, 0x6f7b, 0x6f7b, 0x6f7b, 0x6f7b, 0x6f7b, 0x6f7b, 0x6f7b, 0x6f7b, 0x6f7b, 0x6f7b,
    0x6f7b, 0x6f7b, 0x6f7b, 0x6f7b, 0x6f7b, 0x6f7b, 0x6f7b, 0x6f7b, 0x6f7b, 0x6f7b, 0x6f7b, 0x6f7b, 0x6f7b, 0x6f7b, 0x6f7b, 0x6f7b,
    0x6f7b, 0x6f7b, 0x6f7b, 0x6f7b, 0x6f7b, 0x6f7b, 0x6f7b, 0x6f7b, 0x6f7b, 0x6f7b, 0x6f7b, 0x6f7b, 0x6318, 0x6f7b, 0x6f7b, 0x6f7b,
    0x6f7b, 0x6f7b, 0x6f7b, 0x6f7b, 0x6f7b, 0x6f7b, 0x6f7b, 0x6f7b, 0x6f7b, 0x6f7b, 0x6f7b, 0x6f7b, 0x6f7b, 0x6f7b, 0x6f7b, 0x6f7b,
    0x6f7b, 0x6f7b, 0x6f7b, 0x6f7b, 0x6f7b, 0x6f7b, 0x6f7b, 0x6f7b, 0x6f7b, 0x6f7b, 0x6f7b, 0x6f7b, 0x6f7b, 0x6f7b, 0x6f7b, 0x6f7b,
    0x6f7b, 0x6f7b, 0x6f7b, 0x6f7b, 0x6f7b, 0x6f7b, 0x6f7b, 0x6f7b, 0x6f7b, 0x6f7b, 0x6f7b, 0x6f7b, 0x6f7b, 0x6f7b, 0x6f7b, 0x6f7b,
    0x6f7b, 0x6f7b, 0x6f7b, 0x6f7b, 0x6f7b, 0x6f7b, 0x6f7b, 0x6f7b, 0x6f7b, 0x6f7b, 0x6f7b, 0x6f7b, 0x6f7b, 0x6f7b, 0x6f7b, 0x6f7b,
    0x6f7b, 0x6f7b, 0x6f7b, 0x6f7b, 0x6f7b, 0x6f7b, 0x6f7b, 0x6f7b, 0x6f7b, 0x6f7b, 0x6f7b, 0x6f7b, 0x6f7b, 0x6f7b, 0x6f7b, 0x6318,
    0x6f7b, 0x6f7b, 0x6f7b, 0x6f7b, 0x6f7b, 0x6f7b, 0x6f7b, 0x6f7b, 0x6f7b, 0x6f7b, 0x6f7b, 0x6f7b, 0x6f7b, 0x6f7b, 0x6f7b, 0x6f7b,
    0x6f7b, 0x6f7b, 0x6f7b, 0x6f7b, 0x6f7b, 0x6f7b, 0x107d, 0x6f7b, 0x6f7b, 0x6f7b, 0x6f7b, 0x6f7b, 0x6f7b, 0x6f7b, 0x6f7b, 0x6f7b,
    0x6f7b, 0x6f7b, 0x6f7b, 0x6f7b, 0x6f7b, 0x6f7b, 0x6f7b, 0x6f7b, 0x6f7b, 0x6f7b, 0x6f7b, 0x6f7b, 0x6318, 0x6f7b, 0x6f7b, 0x6f7b,
    0x6f7b, 0x6f7b, 0x6f7b, 0x6f7b, 0x6f7b, 0x6f7b, 0x6f7b, 0x6f7b, 0x6f7b, 0x6f7b, 0x6f7b, 0x6f7b, 0x6f7b, 0x6f7b, 0x6f7b, 0x6f7b,
    0x6f7b, 0x6f7b, 0x6f7b, 0x6f7b, 0x6f7b, 0x6f7b, 0x6f7b, 0x6f7b, 0x6f7b, 0x6f7b, 0x6f7b, 0x6f7b, 0x6f7b, 0x6f7b, 0x6f7b, 0x6f7b,
    0x6f7b, 0x6f7b, 0x6f7b, 0x6f7b, 0x6f7b, 0x6f7b, 0x6f7b, 0x6f7b, 0x6f7b, 0x6f7b, 0x6f7b, 0x6f7b, 0x6f7b, 0x6f7b, 0x6f7b, 0x6f7b,
    0x6f7b, 0x6f7b, 0x6f7b, 0x6f7b, 0x6f7b, 0x6f7b, 0x6f7b, 0x6f7b, 0x6f7b, 0x6f7b, 0x6f7b, 0x6f7b, 0x6f7b, 0x6f7b, 0x6f7b, 0x6f7b,
    0x6f7b, 0x6f7b, 0x6f7b, 0x6f7b, 0x6f7b, 0x6f7b, 0x6f7b, 0x6f7b, 0x6f7b, 0x6f7b, 0x6f7b, 0x6f7b, 0x6f7b, 0x6f7b, 0x6f7b, 0x6739,
    0x6f7b, 0x6f7b, 0x6f7b, 0x6f7b, 0x6f7b, 0x6f7b, 0x6f7b, 0x6f7b, 0x6f7b, 0x6f7b, 0x6f7b, 0x6f7b, 0x6f7b, 0x6f7b, 0x6f7b, 0x6f7b,
    0x6f7b, 0x6f7b, 0x6f7b, 0x6f7b, 0x6f7b, 0x6f7b, 0x6f7b, 0x107d, 0x6f7b, 0x6f7b, 0x6f7b, 0x6f7b, 0x6f7b, 0x6f7b, 0x6f7b, 0x6f7b,
    0x6f7b, 0x6f7b, 0x6f7b, 0x6f7b, 0x6f7b, 0x6f7b, 0x6f7b, 0x6f7b, 0x6f7b, 0x6f7b, 0x6f7b, 0x6318, 0x6f7b, 0x6f7b, 0x6f7b, 0x6f7b,
    0x6f7b, 0x6f7b, 0x6f7b, 0x6f7b, 0x6f7b, 0x6f7b, 0x6f7b, 0x6f7b, 0x6f7b, 0x6f7b, 0x6f7b, 0x6f7b, 0x6f7b, 0x6f7b, 0x6f7b, 0x6f7b,
    0x6f7b, 0x6f7b, 0x6f7b, 0x6f7b, 0x6f7b, 0x6f7b, 0x6f7b, 0x6f7b, 0x6f7b, 0x6f7b, 0x6f7b, 0x6f7b, 0x6f7b, 0x6f7b, 0x6f7b, 0x6f7b,
    0x6f7b, 0x6f7b, 0x6f7b, 0x6f7b, 0x6f7b, 0x6f7b, 0x6f7b, 0x6f7b, 0x6f7b, 0x6f7b, 0x6f7b, 0x6f7b, 0x6f7b, 0x6f7b, 0x6f7b, 0x6f7b,
    0x6f7b, 0x6f7b, 0x6f7b, 0x6f7b, 0x6f7b, 0x6f7b, 0x6f7b, 0x6f7b, 0x6f7b, 0x6f7b, 0x6f7b, 0x6f7b, 0x6f7b, 0x6f7b, 0x6f7b, 0x6f7b,
    0x6f7b, 0x6f7b, 0x6f7b, 0x6f7b, 0x6f7b, 0x6f7b, 0x6f7b, 0x6f7b, 0x6f7b, 0x6f7b, 0x5294, 0x0001, 0x5294, 0x6f7b, 0x6f7b, 0x6f7b,
    0x6318, 0x6f7b, 0x6f7b, 0x6f7b, 0x6f7b, 0x6f7b, 0x6f7b, 0x6f7b, 0x6f7b, 0x6f7b, 0x6f7b, 0x6f7b, 0x6f7b, 0x6f7b, 0x6f7b, 0x6f7b,
    0x6f7b, 0x6f7b, 0x6f7b, 0x6f7b, 0x6f7b, 0x4cc5, 0x6f7b, 0x6f7b, 0x6f7b, 0x6f7b, 0x6f7b, 0x6f7b, 0x6f7b, 0x6f7b, 0x6f7b, 0x6f7b,
    0x6f7b, 0x6f7b, 0x6f7b, 0x6f7b, 0x6f7b, 0x6f7b, 0x6f7b, 0x6f7b, 0x6f7b, 0x6f7b, 0x6f7b, 0x6739, 0x6f7b, 0x6f7b, 0x5294, 0x0001,
    0x0001, 0x5294, 0x6f7b, 0x6f7b, 0x6f7b, 0x6f7b, 0x6f7b, 0x6f7b, 0x6f7b, 0x6f7b, 0x6f7b, 0x6f7b, 0x6f7b, 0x6f7b, 0x6f7b, 0x6f7b,
    0x6f7b, 0x6f7b, 0x6f7b, 0x6f7b, 0x6f7b, 0x6f7b, 0x6f7b, 0x6f7b, 0x6f7b, 0x6f7b, 0x6f7b, 0x6f7b, 0x6f7b, 0x6f7b, 0x6f7b, 0x6f7b,
    0x6f7b, 0x6f7b, 0x6f7b, 0x6f7b, 0x6f7b, 0x6f7b, 0x6f7b, 0x6f7b, 0x6f7b, 0x6f7b, 0x6f7b, 0x6f7b, 0x6f7b, 0x6f7b, 0x6f7b, 0x6f7b,
    0x6f7b, 0x6f7b, 0x6f7b, 0x6f7b, 0x6f7b, 0x6f7b, 0x6f7b, 0x6f7b, 0x6f7b, 0x6f7b, 0x6f7b, 0x6f7b, 0x6f7b, 0x6f7b, 0x6f7b, 0x6f7b,
    0x6f7b, 0x6f7b, 0x6f7b, 0x6f7b, 0x6f7b, 0x6f7b, 0x6f7b, 0x6f7b, 0x5294, 0x0001, 0x6f7b, 0x6f7b, 0x6f7b, 0x0001, 0x5294, 0x6f7b,
    0x6f7b, 0x6318, 0x6f7b, 0x6f7b, 0x6f7b, 0x6f7b, 0x6f7b, 0x6f7b, 0x6f7b, 0x6f7b, 0x6f7b, 0x6f7b, 0x6f7b, 0x6f7b, 0x6f7b, 0x6f7b,
    0x6f7b, 0x6f7b, 0x6f7b, 0x6f7b, 0x071f, 0x26c4, 0x6f7b, 0x26c4, 0x6f7b, 0x6f7b, 0x6f7b, 0x6f7b, 0x6f7b, 0x6f7b, 0x6f7b, 0x6f7b,
    0x6f7b, 0x6f7b, 0x6f7b, 0x6f7b, 0x6f7b, 0x6f7b, 0x6f7b, 0x6f7b, 0x6f7b, 0x6f7b, 0x6318, 0x6f7b, 0x6f7b, 0x0001, 0x6f7b, 0x6f7b,
    0x6f7b, 0x6f7b, 0x0001, 0x6f7b, 0x6f7b, 0x6f7b, 0x6f7b, 0x6f7b, 0x6f7b, 0x6f7b, 0x6f7b, 0x6f7b, 0x6f7b, 0x6f7b, 0x6f7b, 0x6f7b,
    0x6f7b, 0x6f7b, 0x6f7b, 0x6f7b, 0x6f7b, 0x6f7b, 0x6f7b, 0x6f7b, 0x6f7b, 0x6f7b, 0x6f7b, 0x6f7b, 0x6f7b, 0x6f7b, 0x6f7b, 0x6f7b,
    0x6f7b, 0x6f7b, 0x6f7b, 0x6f7b, 0x6f7b, 0x6f7b, 0x6f7b, 0x6f7b, 0x6f7b, 0x6f7b, 0x6f7b, 0x6f7b, 0x6f7b, 0x6f7b, 0x6f7b, 0x6f7b,
    0x6f7b, 0x6f7b, 0x6f7b, 0x6f7b, 0x6f7b, 0x6f7b, 0x6f7b, 0x6f7b, 0x6f7b, 0x6f7b, 0x6f7b, 0x6f7b, 0x6f7b, 0x6f7b, 0x6f7b, 0x6f7b,
    0x6f7b, 0x6f7b, 0x6f7b, 0x6f7b, 0x6f7b, 0x6f7b, 0x6f7b, 0x5294, 0x6f7b, 0x6f7b, 0x6f7b, 0x6f7b, 0x6f7b, 0x6f7b, 0x6f7b, 0x5294,
    0x6f7b, 0x6739, 0x6f7b, 0x6f7b, 0x6f7b, 0x6f7b, 0x6f7b, 0x6f7b, 0x6f7b, 0x6f7b, 0x6f7b, 0x6f7b, 0x6f7b, 0x6f7b, 0x6f7b, 0x6f7b,
    0x6f7b, 0x6f7b, 0x6f7b, 0x6f7b, 0x6f7b, 0x6f7b, 0x6f7b, 0x6f7b, 0x6f7b, 0x6f7b, 0x6f7b, 0x6f7b, 0x6f7b, 0x6f7b, 0x6f7b, 0x6f7b,
    0x6f7b, 0x6f7b, 0x6f7b, 0x6f7b, 0x6f7b, 0x6f7b, 0x6f7b, 0x6f7b, 0x6f7b, 0x6318, 0x6f7b, 0x6f7b, 0x0001, 0x6f7b, 0x6f7b, 0x6f7b,
    0x6f7b, 0x6f7b, 0x6f7b, 0x0001, 0x6f7b, 0x6f7b, 0x6f7b, 0x6f7b, 0x6f7b, 0x6f7b, 0x6f7b, 0x6f7b, 0x6f7b, 0x6f7b, 0x6f7b, 0x6f7b,
    0x6f7b, 0x6f7b, 0x6f7b, 0x6f7b, 0x6f7b, 0x6f7b, 0x6f7b, 0x6f7b, 0x6f7b, 0x6f7b, 0x6f7b, 0x6f7b, 0x6f7b, 0x6f7b, 0x6f7b, 0x6f7b,
    0x6f7b, 0x6f7b, 0x6f7b, 0x6f7b, 0x6f7b, 0x6f7b, 0x6f7b, 0x6f7b, 0x6f7b, 0x6f7b, 0x6f7b, 0x6f7b, 0x6f7b, 0x6f7b, 0x6f7b, 0x6f7b,
    0x6f7b, 0x6f7b, 0x6f7b, 0x6f7b, 0x6f7b, 0x6f7b, 0x6f7b, 0x6f7b, 0x6f7b, 0x6f7b, 0x6f7b, 0x6f7b, 0x6f7b, 0x6f7b, 0x6f7b, 0x6f7b,
    0x6f7b, 0x6f7b, 0x6f7b, 0x6f7b, 0x6f7b, 0x6f7b, 0x6f7b, 0x0001, 0x6f7b, 0x6f7b, 0x6f7b, 0x6f7b, 0x6f7b, 0x6f7b, 0x6f7b, 0x0001,
    0x6f7b, 0x6f7b, 0x6318, 0x6f7b, 0x6f7b, 0x6f7b, 0x6f7b, 0x6f7b, 0x6f7b, 0x6f7b, 0x6f7b, 0x6f7b, 0x6f7b, 0x6f7b, 0x6f7b, 0x6f7b,
    0x6f7b, 0x6f7b, 0x6f7b, 0x6f7b, 0x6f7b, 0x6f7b, 0x6f7b, 0x6f7b, 0x6f7b, 0x6f7b, 0x6f7b, 0x6f7b, 0x6f7b, 0x6f7b, 0x6f7b, 0x6f7b,
    0x6f7b, 0x6f7b, 0x6f7b, 0x6f7b, 0x6f7b, 0x6f7b, 0x6f7b, 0x6f7b, 0x6318, 0x6f7b, 0x6f7b, 0x5294, 0x6f7b, 0x6f7b, 0x6f7b, 0x6f7b,
    0x6f7b, 0x6f7b, 0x6f7b, 0x6f7b, 0x5294, 0x6f7b, 0x6f7b, 0x6f7b, 0x6f7b, 0x6f7b, 0x6f7b, 0x6f7b, 0x6f7b, 0x6f7b, 0x6f7b, 0x6f7b,
    0x6f7b, 0x6f7b, 0x6f7b, 0x6f7b, 0x6f7b, 0x6f7b, 0x6f7b, 0x6f7b, 0x6f7b, 0x6f7b, 0x6f7b, 0x6f7b, 0x6f7b, 0x6f7b, 0x6f7b, 0x6f7b,
    0x6f7b, 0x6f7b, 0x6f7b, 0x6f7b, 0x6f7b, 0x6f7b, 0x6f7b, 0x6f7b, 0x6f7b, 0x6f7b, 0x6f7b, 0x6f7b, 0x6f7b, 0x6f7b, 0x6f7b, 0x6f7b,
    0x6f7b, 0x6f7b, 0x6f7b, 0x6f7b, 0x6f7b, 0x6f7b, 0x6f7b, 0x6f7b, 0x6f7b, 0x6f7b, 0x6f7b, 0x6f7b, 0x6f7b, 0x6f7b, 0x6f7b, 0x6f7b,
    0x6f7b, 0x6f7b, 0x6f7b, 0x6f7b, 0x6f7b, 0x6f7b, 0x5294, 0x6f7b, 0x6f7b, 0x6f7b, 0x6f7b, 0x6f7b, 0x6f7b, 0x4b8c, 0x6f7b, 0x6f7b,
    0x5294, 0x6f7b, 0x6f7b, 0x6318, 0x6f7b, 0x6f7b, 0x6f7b, 0x6f7b, 0x6f7b, 0x6f7b, 0x6f7b, 0x6f7b, 0x6f7b, 0x6f7b, 0x6f7b, 0x6f7b,
    0x6f7b, 0x6f7b, 0x2d6b, 0x6f7b, 0x6f7b, 0x6f7b, 0x6f7b, 0x6f7b, 0x6f7b, 0x6f7b, 0x6f7b, 0x6f7b, 0x6f7b, 0x6f7b, 0x6f7b, 0x6f7b,
    0x6f7b, 0x6f7b, 0x6f7b, 0x6f7b, 0x6f7b, 0x6f7b, 0x6f7b, 0x6318, 0x6f7b, 0x6f7b, 0x6f7b, 0x0001, 0x6f7b, 0x6f7b, 0x6f7b, 0x6f7b,
    0x6f7b, 0x6f7b, 0x6f7b, 0x6f7b, 0x0001, 0x6f7b, 0x6f7b, 0x6f7b, 0x6f7b, 0x6f7b, 0x6f7b, 0x6f7b, 0x6f7b, 0x6f7b, 0x6f7b, 0x6f7b,
    0x6f7b, 0x6f7b, 0x6f7b, 0x6f7b, 0x6f7b, 0x6f7b, 0x6f7b, 0x6f7b, 0x6f7b, 0x6f7b, 0x6f7b, 0x6f7b, 0x6f7b, 0x6f7b, 0x6f7b, 0x6f7b,
    0x6f7b, 0x6f7b, 0x6f7b, 0x6f7b, 0x6f7b, 0x6f7b, 0x6f7b, 0x6f7b, 0x6f7b, 0x6f7b, 0x6f7b, 0x6f7b, 0x6f7b, 0x6f7b, 0x6f7b, 0x6f7b,
    0x6f7b, 0x6f7b, 0x6f7b, 0x6f7b, 0x6f7b, 0x6f7b, 0x6f7b, 0x6f7b, 0x6f7b, 0x6f7b, 0x6f7b, 0x6f7b, 0x6f7b, 0x6f7b, 0x6f7b, 0x6f7b,
    0x6f7b, 0x6f7b, 0x6f7b, 0x6f7b, 0x6f7b, 0x6f7b, 0x0001, 0x6f7b, 0x6f7b, 0x6f7b, 0x4b8c, 0x6f7b, 0x6f7b, 0x4b8c, 0x6f7b, 0x6f7b,
    0x0001, 0x6f7b, 0x6f7b, 0x6f7b, 0x6318, 0x6f7b, 0x6f7b, 0x6f7b, 0x6f7b, 0x6f7b, 0x6f7b, 0x6f7b, 0x6f7b, 0x6f7b, 0x6f7b, 0x6f7b,
    0x6f7b, 0x6f7b, 0x6f7b, 0x6f7b, 0x6f7b, 0x2d6b, 0x2d6b, 0x6f7b, 0x2d6b, 0x2d6b, 0x6f7b, 0x6f7b, 0x6f7b, 0x6f7b, 0x6f7b, 0x6f7b,
    0x6f7b, 0x6f7b, 0x6f7b, 0x6f7b, 0x6f7b, 0x6f7b, 0x6318, 0x6f7b, 0x6f7b, 0x6f7b, 0x5294, 0x6f7b, 0x6f7b, 0x6f7b, 0x6f7b, 0x6f7b,
    0x6f7b, 0x6f7b, 0x6f7b, 0x6f7b, 0x6f7b, 0x5294, 0x6f7b, 0x6f7b, 0x6f7b, 0x6f7b, 0x6f7b, 0x6f7b, 0x6f7b, 0x6f7b, 0x6f7b, 0x6f7b,
    0x6f7b, 0x6f7b, 0x6f7b, 0x6f7b, 0x6f7b, 0x6f7b, 0x6f7b, 0x6f7b, 0x6f7b, 0x6f7b, 0x6f7b, 0x6f7b, 0x6f7b, 0x6f7b, 0x6f7b, 0x6f7b,
    0x6f7b, 0x6f7b, 0x6f7b, 0x6f7b, 0x6f7b, 0x6f7b, 0x6f7b, 0x6f7b, 0x6f7b, 0x6f7b, 0x6f7b, 0x6f7b, 0x6f7b, 0x6f7b, 0x6f7b, 0x6f7b,
    0x6f7b, 0x6f7b, 0x6f7b, 0x6f7b, 0x6f7b, 0x6f7b, 0x6f7b, 0x6f7b, 0x6f7b, 0x6f7b, 0x6f7b, 0x6f7b, 0x6f7b, 0x6f7b, 0x6f7b, 0x6f7b,
    0x6f7b, 0x6f7b, 0x6f7b, 0x6f7b, 0x6f7b, 0x6f7b, 0x5294, 0x6f7b, 0x6f7b, 0x6f7b, 0x6f7b, 0x6f7b, 0x4b8c, 0x6f7b, 0x4b8c, 0x6f7b,
    0x5294, 0x6f7b, 0x6f7b, 0x6f7b, 0x6f7b, 0x6318, 0x6f7b, 0x6f7b, 0x6f7b, 0x6f7b, 0x6f7b, 0x6f7b, 0x6f7b, 0x6f7b, 0x6f7b, 0x6f7b,
    0x6f7b, 0x6f7b, 0x6f7b, 0x6f7b, 0x6f7b, 0x6f7b, 0x6f7b, 0x6f7b, 0x6f7b, 0x6f7b, 0x6f7b, 0x6f7b, 0x6f7b, 0x6f7b, 0x6f7b, 0x6f7b,
    0x6f7b, 0x6f7b, 0x6f7b, 0x6f7b, 0x6f7b, 0x6318, 0x6f7b, 0x6f7b, 0x6f7b, 0x6f7b, 0x6f7b, 0x0001, 0x6f7b, 0x6f7b, 0x7ea7, 0x6f7b,
    0x6f7b, 0x7ea7, 0x6f7b, 0x6f7b, 0x0001, 0x6f7b, 0x6f7b, 0x6f7b, 0x6f7b, 0x6f7b, 0x6f7b, 0x6f7b, 0x6f7b, 0x6f7b, 0x6f7b, 0x6f7b,
    0x6f7b, 0x6f7b, 0x0001, 0x0001, 0x0001, 0x0001, 0x0001, 0x0001, 0x0001, 0x0001, 0x0001, 0x0001, 0x0001, 0x0001, 0x0001, 0x0001,
    0x0001, 0x0001, 0x0001, 0x0001, 0x6f7b, 0x6f7b, 0x6f7b, 0x6f7b, 0x6f7b, 0x6f7b, 0x6f7b, 0x6f7b, 0x6f7b, 0x6f7b, 0x6f7b, 0x6f7b,
    0x6f7b, 0x6f7b, 0x6f7b, 0x6f7b, 0x6f7b, 0x6f7b, 0x6f7b, 0x6f7b, 0x6f7b, 0x6f7b, 0x6f7b, 0x6f7b, 0x6f7b, 0x6f7b, 0x6f7b, 0x6f7b,
    0x6f7b, 0x6f7b, 0x6f7b, 0x6f7b, 0x6f7b, 0x6f7b, 0x6f7b, 0x0001, 0x6f7b, 0x6f7b, 0x6f7b, 0x6f7b, 0x6f7b, 0x6f7b, 0x6f7b, 0x0001,
    0x6f7b, 0x6f7b, 0x6f7b, 0x6f7b, 0x6f7b, 0x6f7b, 0x6b5a, 0x6318, 0x6f7b, 0x6f7b, 0x6f7b, 0x6f7b, 0x6f7b, 0x6f7b, 0x6f7b, 0x6f7b,
    0x6f7b, 0x6f7b, 0x6f7b, 0x6f7b, 0x6f7b, 0x6f7b, 0x6f7b, 0x6f7b, 0x6f7b, 0x6f7b, 0x6f7b, 0x6f7b, 0x6f7b, 0x6f7b, 0x6f7b, 0x6f7b,
    0x6f7b, 0x6f7b, 0x6f7b, 0x6f7b, 0x6318, 0x6f7b, 0x6f7b, 0x6f7b, 0x6f7b, 0x6f7b, 0x6f7b, 0x5294, 0x6f7b, 0x6f7b, 0x6f7b, 0x6f7b,
    0x6f7b, 0x6f7b, 0x6f7b, 0x6f7b, 0x5294, 0x6f7b, 0x6f7b, 0x6f7b, 0x6f7b, 0x6f7b, 0x6f7b, 0x6f7b, 0x6f7b, 0x6f7b, 0x6f7b, 0x6f7b,
    0x6f7b, 0x6f7b, 0x0001, 0x0001, 0x0001, 0x0001, 0x0001, 0x0001, 0x0001, 0x0001, 0x0001, 0x0001, 0x0001, 0x0001, 0x0001, 0x0001,
    0x0001, 0x0001, 0x0001, 0x0001, 0x6f7b, 0x6f7b, 0x6f7b, 0x6f7b, 0x6f7b, 0x6f7b, 0x6f7b, 0x6f7b, 0x6f7b, 0x6f7b, 0x6f7b, 0x6f7b,
    0x6f7b, 0x6f7b, 0x6f7b, 0x6f7b, 0x6739, 0x6739, 0x6f7b, 0x6f7b, 0x6f7b, 0x6f7b, 0x6f7b, 0x6f7b, 0x6f7b, 0x6f7b, 0x6f7b, 0x6f7b,
    0x6f7b, 0x6f7b, 0x6f7b, 0x6f7b, 0x6f7b, 0x6f7b, 0x6f7b, 0x5294, 0x6f7b, 0x6f7b, 0x6f7b, 0x6f7b, 0x6f7b, 0x6f7b, 0x6f7b, 0x5294,
    0x6f7b, 0x6f7b, 0x6f7b, 0x6f7b, 0x6f7b, 0x6f7b, 0x6f7b, 0x6f7b, 0x6318, 0x6318, 0x6f7b, 0x6f7b, 0x6f7b, 0x6f7b, 0x6f7b, 0x6f7b,
    0x6f7b, 0x6f7b, 0x6f7b, 0x6f7b, 0x6f7b, 0x6f7b, 0x6f7b, 0x6f7b, 0x6f7b, 0x6f7b, 0x6f7b, 0x6f7b, 0x6f7b, 0x6f7b, 0x6f7b, 0x6f7b,
    0x6f7b, 0x6f7b, 0x6318, 0x6739, 0x6f7b, 0x6f7b, 0x6f7b, 0x6f7b, 0x6f7b, 0x6f7b, 0x6f7b, 0x6f7b, 0x0001, 0x6f7b, 0x6f7b, 0x6f7b,
    0x6f7b, 0x6f7b, 0x6f7b, 0x0001, 0x6f7b, 0x6f7b, 0x6f7b, 0x6f7b, 0x6f7b, 0x6f7b, 0x6f7b, 0x6f7b, 0x6f7b, 0x6f7b, 0x6f7b, 0x6f7b,
    0x6f7b, 0x6f7b, 0x6f7b, 0x6f7b, 0x6f7b, 0x6f7b, 0x6f7b, 0x6f7b, 0x6f7b, 0x6f7b, 0x6f7b, 0x6f7b, 0x6f7b, 0x6f7b, 0x6f7b, 0x6f7b,
    0x6f7b, 0x6f7b, 0x6f7b, 0x6f7b, 0x6f7b, 0x6739, 0x6739, 0x6739, 0x6739, 0x6739, 0x6739, 0x6739, 0x6739, 0x6f7b, 0x6f7b, 0x6f7b,
    0x6f7b, 0x6f7b, 0x6739, 0x6739, 0x6739, 0x6739, 0x6739, 0x6739, 0x6f7b, 0x6f7b, 0x6f7b, 0x6f7b, 0x6f7b, 0x6f7b, 0x6f7b, 0x6f7b,
    0x6f7b, 0x6f7b, 0x6f7b, 0x6f7b, 0x6f7b, 0x6f7b, 0x6f7b, 0x6f7b, 0x5294, 0x0001, 0x6f7b, 0x6f7b, 0x6f7b, 0x0001, 0x5294, 0x6f7b,
    0x6f7b, 0x6f7b, 0x6f7b, 0x6f7b, 0x6f7b, 0x6f7b, 0x6f7b, 0x6f7b, 0x6f7b, 0x6f7b, 0x6318, 0x6318, 0x6f7b, 0x6f7b, 0x6f7b, 0x6f7b,
    0x6f7b, 0x6f7b, 0x6f7b, 0x6f7b, 0x6f7b, 0x6f7b, 0x6f7b, 0x6f7b, 0x6f7b, 0x6f7b, 0x6f7b, 0x6f7b, 0x6f7b, 0x6f7b, 0x6f7b, 0x6f7b,
    0x6318, 0x6318, 0x6f7b, 0x6f7b, 0x6f7b, 0x6f7b, 0x6f7b, 0x6f7b, 0x6f7b, 0x6f7b, 0x6f7b, 0x6f7b, 0x6f7b, 0x0001, 0x6f7b, 0x6f7b,
    0x6f7b, 0x6f7b, 0x0001, 0x6f7b, 0x6f7b, 0x6f7b, 0x6f7b, 0x6f7b, 0x6f7b, 0x6f7b, 0x6f7b, 0x6f7b, 0x6f7b, 0x6f7b, 0x6f7b, 0x6f7b,
    0x6f7b, 0x6f7b, 0x6f7b, 0x6f7b, 0x6f7b, 0x6f7b, 0x6f7b, 0x6f7b, 0x6f7b, 0x6f7b, 0x6f7b, 0x6f7b, 0x6f7b, 0x6f7b, 0x6f7b, 0x6f7b,
    0x6f7b, 0x6f7b, 0x6f7b, 0x6f7b, 0x6f7b, 0x6739, 0x6739, 0x6739, 0x6739, 0x6739, 0x6739, 0x6739, 0x6739, 0x6f7b, 0x6f7b, 0x6f7b,
    0x6f7b, 0x6739, 0x6739, 0x4210, 0x4210, 0x4210, 0x4210, 0x6739, 0x6739, 0x6f7b, 0x6f7b, 0x6f7b, 0x6f7b, 0x6f7b, 0x6f7b, 0x6f7b,
    0x6f7b, 0x6f7b, 0x6f7b, 0x6f7b, 0x6f7b, 0x6f7b, 0x6f7b, 0x6f7b, 0x6f7b, 0x6f7b, 0x5294, 0x0001, 0x5294, 0x6f7b, 0x6f7b, 0x6f7b,
    0x6f7b, 0x6f7b, 0x6f7b, 0x6f7b, 0x6f7b, 0x6f7b, 0x6f7b, 0x6f7b, 0x6f7b, 0x6f7b, 0x6f7b, 0x6f7b, 0x6318, 0x6318, 0x6318, 0x6f7b,
    0x6f7b, 0x6f7b, 0x6f7b, 0x6f7b, 0x6f7b, 0x6f7b, 0x6f7b, 0x6f7b, 0x6f7b, 0x6f7b, 0x6f7b, 0x6f7b, 0x6f7b, 0x6318, 0x6318, 0x6739,
    0x6f7b, 0x0001, 0x6f7b, 0x6f7b, 0x6f7b, 0x6f7b, 0x6f7b, 0x6f7b, 0x6f7b, 0x6f7b, 0x6f7b, 0x6f7b, 0x6f7b, 0x6f7b, 0x5294, 0x0001,
    0x0001, 0x5294, 0x6f7b, 0x6f7b, 0x6f7b, 0x6f7b, 0x6f7b, 0x6f7b, 0x6f7b, 0x6f7b, 0x6f7b, 0x6f7b, 0x6f7b, 0x6f7b, 0x6f7b, 0x6f7b,
    0x6f7b, 0x6f7b, 0x6f7b, 0x6f7b, 0x6f7b, 0x6f7b, 0x6f7b, 0x6f7b, 0x6f7b, 0x6f7b, 0x6f7b, 0x6f7b, 0x6f7b, 0x6f7b, 0x6f7b, 0x6f7b,
    0x6f7b, 0x6f7b, 0x6f7b, 0x6f7b, 0x6f7b, 0x6739, 0x6739, 0x6739, 0x6739, 0x6739, 0x6739, 0x6739, 0x6739, 0x6f7b, 0x6f7b, 0x6f7b,
    0x6f7b, 0x6739, 0x4210, 0x4210, 0x4210, 0x4210, 0x4210, 0x4210, 0x6739, 0x6f7b, 0x6f7b, 0x6f7b, 0x6f7b, 0x6f7b, 0x6f7b, 0x6f7b,
    0x6f7b, 0x6f7b, 0x6f7b, 0x6f7b, 0x6f7b, 0x6f7b, 0x6f7b, 0x6f7b, 0x6f7b, 0x6f7b, 0x6f7b, 0x4b8c, 0x6f7b, 0x6f7b, 0x6f7b, 0x6f7b,
    0x6f7b, 0x6f7b, 0x6f7b, 0x6f7b, 0x6f7b, 0x6f7b, 0x6f7b, 0x6f7b, 0x6f7b, 0x6f7b, 0x6f7b, 0x6f7b, 0x6f7b, 0x6f7b, 0x6f7b, 0x6318,
    0x6318, 0x6739, 0x6318, 0x6318, 0x6318, 0x6318, 0x6318, 0x6318, 0x6318, 0x6318, 0x6318, 0x6318, 0x6739, 0x6f7b, 0x6f7b, 0x6f7b,
    0x6f7b, 0x0001, 0x6f7b, 0x6f7b, 0x6f7b, 0x6f7b, 0x6f7b, 0x6f7b, 0x6f7b, 0x6f7b, 0x6f7b, 0x6f7b, 0x6f7b, 0x6f7b, 0x6f7b, 0x6f7b,
    0x6f7b, 0x6f7b, 0x6f7b, 0x6f7b, 0x6f7b, 0x6f7b, 0x6f7b, 0x6f7b, 0x6f7b, 0x6f7b, 0x6f7b, 0x6f7b, 0x6f7b, 0x6f7b, 0x6f7b, 0x6f7b,
    0x6f7b, 0x6f7b, 0x6f7b, 0x6f7b, 0x6f7b, 0x6f7b, 0x6f7b, 0x6f7b, 0x6f7b, 0x6f7b, 0x6f7b, 0x6f7b, 0x6f7b, 0x6f7b, 0x6f7b, 0x6f7b,
    0x6f7b, 0x6f7b, 0x6f7b, 0x6f7b, 0x6f7b, 0x6739, 0x6739, 0x6739, 0x6739, 0x6739, 0x6739, 0x6739, 0x6739, 0x6f7b, 0x6f7b, 0x6f7b,
    0x6739, 0x6739, 0x4210, 0x4210, 0x4210, 0x4210, 0x4210, 0x4210, 0x6739, 0x6739, 0x6f7b, 0x6f7b, 0x6f7b, 0x6f7b, 0x6f7b, 0x6f7b,
    0x6f7b, 0x6f7b, 0x6f7b, 0x6f7b, 0x6f7b, 0x6f7b, 0x6f7b, 0x6f7b, 0x6f7b, 0x6f7b, 0x6f7b, 0x4b8c, 0x6f7b, 0x6f7b, 0x6f7b, 0x6f7b,
    0x6f7b, 0x6f7b, 0x6f7b, 0x6f7b, 0x6f7b, 0x6f7b, 0x6f7b, 0x6f7b, 0x6f7b, 0x6f7b, 0x6f7b, 0x6f7b, 0x6f7b, 0x6f7b, 0x6f7b, 0x6f7b,
    0x6f7b, 0x6f7b, 0x6f7b, 0x6f7b, 0x6f7b, 0x6f7b, 0x6f7b, 0x6f7b, 0x6f7b, 0x6f7b, 0x6f7b, 0x6f7b, 0x6f7b, 0x6f7b, 0x6f7b, 0x6f7b,
    0x6f7b, 0x6f7b, 0x6f7b, 0x6f7b, 0x6f7b, 0x6f7b, 0x6f7b, 0x6f7b, 0x6f7b, 0x6f7b, 0x6f7b, 0x6f7b, 0x6f7b, 0x6f7b, 0x6f7b, 0x6f7b,
    0x6f7b, 0x6f7b, 0x6f7b, 0x6f7b, 0x6f7b, 0x6f7b, 0x6f7b, 0x6f7b, 0x6f7b, 0x6f7b, 0x6f7b, 0x6f7b, 0x6f7b, 0x6f7b, 0x6f7b, 0x0001,
    0x0001, 0x6f7b, 0x6739, 0x6739, 0x6f7b, 0x6f7b, 0x6f7b, 0x6f7b, 0x6f7b, 0x6f7b, 0x6f7b, 0x6f7b, 0x6f7b, 0x6f7b, 0x6f7b, 0x6f7b,
    0x6f7b, 0x6f7b, 0x6f7b, 0x6f7b, 0x6f7b, 0x6739, 0x6739, 0x6739, 0x6739, 0x6739, 0x6739, 0x6739, 0x6739, 0x6f7b, 0x6f7b, 0x6f7b,
    0x6739, 0x6739, 0x4210, 0x4210, 0x4210, 0x4210, 0x4210, 0x4210, 0x6739, 0x6739, 0x6f7b, 0x6f7b, 0x6f7b, 0x6f7b, 0x6f7b, 0x6f7b,
    0x6f7b, 0x6f7b, 0x6f7b, 0x6f7b, 0x6f7b, 0x6f7b, 0x6f7b, 0x6f7b, 0x6f7b, 0x6f7b, 0x6f7b, 0x6f7b, 0x6f7b, 0x6f7b, 0x6f7b, 0x6f7b,
    0x6f7b, 0x6f7b, 0x6f7b, 0x6f7b, 0x6f7b, 0x6f7b, 0x6f7b, 0x6f7b, 0x6f7b, 0x6f7b, 0x6f7b, 0x6f7b, 0x6f7b, 0x6f7b, 0x6f7b, 0x6f7b,
    0x6f7b, 0x6f7b, 0x6f7b, 0x6f7b, 0x6f7b, 0x6f7b, 0x6f7b, 0x6f7b, 0x6f7b, 0x6f7b, 0x6f7b, 0x6f7b, 0x6f7b, 0x6f7b, 0x6f7b, 0x6f7b,
    0x6f7b, 0x6f7b, 0x6f7b, 0x6f7b, 0x6f7b, 0x6f7b, 0x6f7b, 0x6f7b, 0x6f7b, 0x6f7b, 0x6f7b, 0x6f7b, 0x6f7b, 0x6f7b, 0x6f7b, 0x6f7b,
    0x6f7b, 0x6f7b, 0x6f7b, 0x6f7b, 0x6f7b, 0x6f7b, 0x6f7b, 0x6f7b, 0x6f7b, 0x6f7b, 0x6f7b, 0x6f7b, 0x6f7b, 0x6f7b, 0x6f7b, 0x6f7b,
    0x6739, 0x6739, 0x6739, 0x6739, 0x6739, 0x6739, 0x6f7b, 0x6f7b, 0x6f7b, 0x6f7b, 0x6f7b, 0x6f7b, 0x6f7b, 0x6f7b, 0x6f7b, 0x6f7b,
    0x6f7b, 0x6f7b, 0x6f7b, 0x6f7b, 0x6f7b, 0x6739, 0x6739, 0x6739, 0x6739, 0x6739, 0x6739, 0x6739, 0x6739, 0x6f7b, 0x6f7b, 0x6f7b,
    0x6f7b, 0x6739, 0x4210, 0x4210, 0x4210, 0x4210, 0x4210, 0x4210, 0x6739, 0x6f7b, 0x6f7b, 0x6f7b, 0x6f7b, 0x6f7b, 0x6f7b, 0x6f7b,
    0x6f7b, 0x6f7b, 0x6f7b, 0x6f7b, 0x6f7b, 0x6f7b, 0x6f7b, 0x6f7b, 0x6f7b, 0x6f7b, 0x6f7b, 0x6f7b, 0x6f7b, 0x6f7b, 0x6f7b, 0x6f7b,
    0x6f7b, 0x6f7b, 0x6f7b, 0x6f7b, 0x6f7b, 0x6f7b, 0x6f7b, 0x6f7b, 0x6f7b, 0x6f7b, 0x6f7b, 0x6f7b, 0x6f7b, 0x6f7b, 0x6f7b, 0x6f7b,
    0x6f7b, 0x6f7b, 0x6f7b, 0x6f7b, 0x6f7b, 0x6f7b, 0x6f7b, 0x6f7b, 0x6f7b, 0x6f7b, 0x6f7b, 0x6f7b, 0x6f7b, 0x6f7b, 0x6f7b, 0x6f7b,
    0x6f7b, 0x6f7b, 0x6f7b, 0x6f7b, 0x6f7b, 0x6f7b, 0x6f7b, 0x6f7b, 0x6f7b, 0x6f7b, 0x6f7b, 0x6f7b, 0x6f7b, 0x6f7b, 0x6f7b, 0x6f7b,
    0x6f7b, 0x6f7b, 0x6f7b, 0x6f7b, 0x6f7b, 0x6f7b, 0x6f7b, 0x6f7b, 0x6f7b, 0x6f7b, 0x6f7b, 0x6f7b, 0x6f7b, 0x6f7b, 0x6f7b, 0x6739,
    0x6739, 0x4210, 0x4210, 0x4210, 0x4210, 0x6739, 0x6739, 0x6f7b, 0x6f7b, 0x6f7b, 0x6f7b, 0x6f7b, 0x6f7b, 0x6f7b, 0x6f7b, 0x6f7b,
    0x6f7b, 0x6f7b, 0x6f7b, 0x6f7b, 0x6f7b, 0x6739, 0x6739, 0x6739, 0x6739, 0x6739, 0x6739, 0x6739, 0x6739, 0x6f7b, 0x6f7b, 0x6f7b,
    0x6f7b, 0x6739, 0x6739, 0x4210, 0x4210, 0x4210, 0x4210, 0x6739, 0x6739, 0x6f7b, 0x6f7b, 0x6f7b, 0x6f7b, 0x6f7b, 0x6f7b, 0x6f7b,
    0x6f7b, 0x6f7b, 0x6f7b, 0x6f7b, 0x6f7b, 0x6f7b, 0x6f7b, 0x6f7b, 0x6f7b, 0x6f7b, 0x6f7b, 0x6f7b, 0x6f7b, 0x6f7b, 0x6f7b, 0x6f7b,
    0x6f7b, 0x6f7b, 0x6f7b, 0x6f7b, 0x6f7b, 0x6f7b, 0x6f7b, 0x6f7b, 0x6f7b, 0x6f7b, 0x6f7b, 0x6f7b, 0x6f7b, 0x6f7b, 0x6f7b, 0x6f7b,
    0x6f7b, 0x6f7b, 0x6f7b, 0x6f7b, 0x6f7b, 0x6f7b, 0x6f7b, 0x6f7b, 0x6f7b, 0x6f7b, 0x6f7b, 0x6f7b, 0x6f7b, 0x6f7b, 0x6f7b, 0x6f7b,
    0x6f7b, 0x6f7b, 0x6f7b, 0x6f7b, 0x6f7b, 0x6f7b, 0x6f7b, 0x6f7b, 0x6f7b, 0x6f7b, 0x6f7b, 0x6f7b, 0x6f7b, 0x6f7b, 0x6f7b, 0x6f7b,
    0x6f7b, 0x6f7b, 0x6f7b, 0x6f7b, 0x6f7b, 0x6f7b, 0x6f7b, 0x6f7b, 0x6f7b, 0x6f7b, 0x6f7b, 0x6f7b, 0x6f7b, 0x6f7b, 0x6f7b, 0x6739,
    0x4210, 0x4210, 0x4210, 0x4210, 0x4210, 0x4210, 0x6739, 0x6f7b, 0x6f7b, 0x6f7b, 0x6f7b, 0x6f7b, 0x6f7b, 0x6f7b, 0x6f7b, 0x6f7b,
    0x6f7b, 0x6f7b, 0x6f7b, 0x6f7b, 0x6f7b, 0x6739, 0x6739, 0x6739, 0x6739, 0x6739, 0x6739, 0x6739, 0x6739, 0x6f7b, 0x6f7b, 0x6f7b,
    0x6f7b, 0x6f7b, 0x6739, 0x6739, 0x6739, 0x6739, 0x6739, 0x6739, 0x6f7b, 0x6f7b, 0x6f7b, 0x6f7b, 0x6f7b, 0x6f7b, 0x6f7b, 0x6f7b,
    0x6f7b, 0x6f7b, 0x6f7b, 0x6f7b, 0x6f7b, 0x6f7b, 0x6f7b, 0x6f7b, 0x6f7b, 0x6f7b, 0x6f7b, 0x6f7b, 0x6f7b, 0x6f7b, 0x6f7b, 0x6f7b,
    0x6f7b, 0x6f7b, 0x6f7b, 0x6f7b, 0x6f7b, 0x6f7b, 0x6f7b, 0x6f7b, 0x6f7b, 0x6f7b, 0x6f7b, 0x6f7b, 0x6f7b, 0x6f7b, 0x6f7b, 0x6f7b,
    0x6f7b, 0x6f7b, 0x6f7b, 0x6f7b, 0x6f7b, 0x6f7b, 0x6f7b, 0x6f7b, 0x6f7b, 0x6f7b, 0x6f7b, 0x6f7b, 0x6f7b, 0x6f7b, 0x6f7b, 0x6f7b,
    0x6f7b, 0x6f7b, 0x6f7b, 0x6f7b, 0x6f7b, 0x6f7b, 0x6f7b, 0x6f7b, 0x6f7b, 0x6f7b, 0x6f7b, 0x6f7b, 0x6f7b, 0x6f7b, 0x6f7b, 0x6f7b,
    0x6f7b, 0x6f7b, 0x6f7b, 0x6f7b, 0x6f7b, 0x6f7b, 0x6f7b, 0x6f7b, 0x6f7b, 0x6f7b, 0x6f7b, 0x6f7b, 0x6f7b, 0x6f7b, 0x6739, 0x6739,
    0x4210, 0x4210, 0x4210, 0x4210, 0x4210, 0x4210, 0x6739, 0x6739, 0x6f7b, 0x6f7b, 0x6f7b, 0x6f7b, 0x6f7b, 0x6f7b, 0x6f7b, 0x6f7b,
    0x6f7b, 0x6f7b, 0x6f7b, 0x6f7b, 0x6f7b, 0x6739, 0x6739, 0x6739, 0x6739, 0x6739, 0x6739, 0x6739, 0x6739, 0x6f7b, 0x6f7b, 0x6f7b,
    0x6f7b, 0x6f7b, 0x6f7b, 0x6f7b, 0x6739, 0x6739, 0x6f7b, 0x0001, 0x0001, 0x6f7b, 0x6f7b, 0x6f7b, 0x6f7b, 0x6f7b, 0x6f7b, 0x6f7b,
    0x6f7b, 0x6f7b, 0x6f7b, 0x6f7b, 0x6f7b, 0x6f7b, 0x6f7b, 0x6f7b, 0x6f7b, 0x6f7b, 0x6f7b, 0x6f7b, 0x6f7b, 0x6f7b, 0x6f7b, 0x6f7b,
    0x6f7b, 0x6f7b, 0x6f7b, 0x6f7b, 0x6f7b, 0x6f7b, 0x6f7b, 0x6f7b, 0x6f7b, 0x6f7b, 0x6f7b, 0x6f7b, 0x6f7b, 0x6f7b, 0x6f7b, 0x6f7b,
    0x6f7b, 0x6f7b, 0x6f7b, 0x6f7b, 0x6f7b, 0x6f7b, 0x6f7b, 0x6f7b, 0x6f7b, 0x6f7b, 0x6f7b, 0x6f7b, 0x6f7b, 0x6f7b, 0x6f7b, 0x6f7b,
    0x6f7b, 0x6f7b, 0x6f7b, 0x6f7b, 0x6f7b, 0x6f7b, 0x6f7b, 0x6f7b, 0x6f7b, 0x6f7b, 0x6f7b, 0x6f7b, 0x6f7b, 0x6f7b, 0x6f7b, 0x6f7b,
    0x6f7b, 0x6f7b, 0x6f7b, 0x6f7b, 0x6f7b, 0x6f7b, 0x6f7b, 0x6f7b, 0x6f7b, 0x6f7b, 0x6f7b, 0x6f7b, 0x6f7b, 0x6f7b, 0x6739, 0x6739,
    0x4210, 0x4210, 0x4210, 0x4210, 0x4210, 0x4210, 0x6739, 0x6739, 0x6f7b, 0x6f7b, 0x6f7b, 0x6f7b, 0x6f7b, 0x6f7b, 0x6f7b, 0x6f7b,
    0x6f7b, 0x6f7b, 0x6f7b, 0x6f7b, 0x6f7b, 0x6739, 0x6739, 0x6739, 0x6739, 0x6739, 0x6739, 0x6739, 0x6739, 0x6f7b, 0x6f7b, 0x6f7b,
    0x6f7b, 0x6f7b, 0x6f7b, 0x6f7b, 0x6f7b, 0x6f7b, 0x6f7b, 0x6f7b, 0x6f7b, 0x6f7b, 0x6f7b, 0x6f7b, 0x6f7b, 0x6f7b, 0x6f7b, 0x6f7b,
    0x6f7b, 0x6f7b, 0x6f7b, 0x6f7b, 0x6f7b, 0x6f7b, 0x6f7b, 0x6f7b, 0x6f7b, 0x6f7b, 0x6f7b, 0x6f7b, 0x6f7b, 0x6f7b, 0x6f7b, 0x6f7b,
    0x6f7b, 0x6f7b, 0x6f7b, 0x6f7b, 0x6f7b, 0x6f7b, 0x6f7b, 0x6f7b, 0x6f7b, 0x6f7b, 0x6f7b, 0x6f7b, 0x6f7b, 0x6f7b, 0x6f7b, 0x6f7b,
    0x6f7b, 0x6f7b, 0x6f7b, 0x6f7b, 0x6f7b, 0x6f7b, 0x6f7b, 0x6f7b, 0x6f7b, 0x6f7b, 0x6f7b, 0x6f7b, 0x6f7b, 0x6f7b, 0x6f7b, 0x6f7b,
    0x6f7b, 0x6f7b, 0x6f7b, 0x6f7b, 0x6f7b, 0x6f7b, 0x6f7b, 0x6f7b, 0x6f7b, 0x6f7b, 0x6f7b, 0x6f7b, 0x6f7b, 0x6f7b, 0x6f7b, 0x6f7b,
    0x6f7b, 0x6f7b, 0x6f7b, 0x6f7b, 0x6f7b, 0x6f7b, 0x6f7b, 0x6f7b, 0x6f7b, 0x6f7b, 0x6f7b, 0x6f7b, 0x6f7b, 0x6f7b, 0x6f7b, 0x6739,
    0x4210, 0x4210, 0x4210, 0x4210, 0x4210, 0x4210, 0x6739, 0x6f7b, 0x6f7b, 0x0001, 0x0001, 0x0001, 0x0001, 0x0001, 0x0001, 0x0001,
    0x0001, 0x0001, 0x0001, 0x0001, 0x6f7b, 0x6739, 0x6739, 0x6739, 0x6739, 0x6739, 0x6739, 0x6739, 0x6739, 0x6f7b, 0x6f7b, 0x6f7b,
    0x6f7b, 0x6f7b, 0x6f7b, 0x6f7b, 0x6f7b, 0x6f7b, 0x6f7b, 0x6f7b, 0x6f7b, 0x6f7b, 0x6f7b, 0x6f7b, 0x6f7b, 0x6f7b, 0x6f7b, 0x6f7b,
    0x6f7b, 0x6f7b, 0x6f7b, 0x6f7b, 0x6f7b, 0x6f7b, 0x6f7b, 0x6f7b, 0x6f7b, 0x6f7b, 0x6f7b, 0x6f7b, 0x6f7b, 0x6f7b, 0x6f7b, 0x6f7b,
    0x6f7b, 0x6f7b, 0x6f7b, 0x6f7b, 0x6f7b, 0x6f7b, 0x6f7b, 0x6f7b, 0x6f7b, 0x6f7b, 0x6f7b, 0x6f7b, 0x6f7b, 0x6f7b, 0x6f7b, 0x6f7b,
    0x6f7b, 0x6f7b, 0x6f7b, 0x6f7b, 0x6f7b, 0x6f7b, 0x6f7b, 0x6f7b, 0x6f7b, 0x6f7b, 0x6f7b, 0x6f7b, 0x6f7b, 0x6f7b, 0x6f7b, 0x6f7b,
    0x6f7b, 0x6f7b, 0x6f7b, 0x6f7b, 0x6f7b, 0x6f7b, 0x6f7b, 0x6f7b, 0x6f7b, 0x6f7b, 0x6f7b, 0x6f7b, 0x6f7b, 0x6f7b, 0x6f7b, 0x6f7b,
    0x6f7b, 0x6f7b, 0x6f7b, 0x6f7b, 0x6f7b, 0x6f7b, 0x6f7b, 0x6f7b, 0x6f7b, 0x6f7b, 0x6f7b, 0x6f7b, 0x6f7b, 0x6f7b, 0x6f7b, 0x6739,
    0x6739, 0x4210, 0x4210, 0x4210, 0x4210, 0x6739, 0x6739, 0x6f7b, 0x6f7b, 0x0001, 0x0001, 0x0001, 0x0001, 0x0001, 0x0001, 0x0001,
    0x0001, 0x0001, 0x0001, 0x0001, 0x6f7b, 0x6739, 0x6739, 0x6739, 0x6739, 0x6739, 0x6739, 0x6739, 0x6739, 0x6f7b, 0x6f7b, 0x6f7b,
    0x6f7b, 0x6f7b, 0x6f7b, 0x6f7b, 0x6f7b, 0x6f7b, 0x6f7b, 0x6f7b, 0x6f7b, 0x6f7b, 0x6f7b, 0x6f7b, 0x6f7b, 0x6f7b, 0x6f7b, 0x6f7b,
    0x6f7b, 0x6f7b, 0x6f7b, 0x6f7b, 0x6f7b, 0x6f7b, 0x6f7b, 0x6f7b, 0x6f7b, 0x6f7b, 0x6f7b, 0x6f7b, 0x6f7b, 0x6f7b, 0x6f7b, 0x6f7b,
    0x6f7b, 0x6f7b, 0x6f7b, 0x6f7b, 0x6f7b, 0x6f7b, 0x6f7b, 0x6f7b, 0x6f7b, 0x6f7b, 0x6f7b, 0x6f7b, 0x6f7b, 0x6f7b, 0x6f7b, 0x6f7b,
    0x6f7b, 0x6f7b, 0x6f7b, 0x6f7b, 0x6f7b, 0x6f7b, 0x6f7b, 0x6f7b, 0x6f7b, 0x6f7b, 0x6f7b, 0x6f7b, 0x6f7b, 0x6f7b, 0x6f7b, 0x6f7b,
    0x6f7b, 0x6f7b, 0x6f7b, 0x6f7b, 0x6f7b, 0x6f7b, 0x6f7b, 0x6f7b, 0x6f7b, 0x6f7b, 0x6f7b, 0x6f7b, 0x6f7b, 0x6f7b, 0x6f7b, 0x6f7b,
    0x6f7b, 0x6f7b, 0x6f7b, 0x6f7b, 0x6f7b, 0x6f7b, 0x6f7b, 0x6f7b, 0x6f7b, 0x6f7b, 0x6f7b, 0x6f7b, 0x6f7b, 0x6f7b, 0x6f7b, 0x6f7b,
    0x6739, 0x6739, 0x6739, 0x6739, 0x6739, 0x6739, 0x6f7b, 0x6f7b, 0x6f7b, 0x0001, 0x0001, 0x0001, 0x0001, 0x0001, 0x0001, 0x0001,
    0x0001, 0x0001, 0x0001, 0x0001, 0x6f7b, 0x6739, 0x6739, 0x6739, 0x6739, 0x6739, 0x6739, 0x6739, 0x6739, 0x6f7b, 0x6f7b, 0x6f7b,
    0x6f7b, 0x6f7b, 0x6f7b, 0x6f7b, 0x6f7b, 0x6f7b, 0x6f7b, 0x6f7b, 0x6f7b, 0x6f7b, 0x6f7b, 0x6f7b, 0x6f7b, 0x6f7b, 0x6f7b, 0x6f7b,
    0x6f7b, 0x6f7b, 0x6f7b, 0x6f7b, 0x6f7b, 0x6f7b, 0x6f7b, 0x6f7b, 0x6f7b, 0x6f7b, 0x6f7b, 0x6f7b, 0x6f7b, 0x6f7b, 0x6f7b, 0x6f7b,
    0x6f7b, 0x6f7b, 0x6f7b, 0x6f7b, 0x6f7b, 0x6f7b, 0x6f7b, 0x6f7b, 0x6f7b, 0x6f7b, 0x6f7b, 0x6f7b, 0x6f7b, 0x6f7b, 0x6f7b, 0x6f7b,
    0x6f7b, 0x6f7b, 0x6f7b, 0x6f7b, 0x6f7b, 0x6f7b, 0x6f7b, 0x6f7b, 0x6f7b, 0x6f7b, 0x6f7b, 0x6f7b, 0x6f7b, 0x6f7b, 0x6f7b, 0x6f7b,
    0x6f7b, 0x6f7b, 0x6f7b, 0x6f7b, 0x6f7b, 0x6f7b, 0x6f7b, 0x6f7b, 0x6f7b, 0x6f7b, 0x6f7b, 0x6f7b, 0x6f7b, 0x6f7b, 0x6f7b, 0x6f7b,
    0x6f7b, 0x6f7b, 0x6f7b, 0x6f7b, 0x6f7b, 0x6f7b, 0x6f7b, 0x6f7b, 0x6f7b, 0x6f7b, 0x6f7b, 0x6f7b, 0x6f7b, 0x6f7b, 0x6f7b, 0x6f7b,
    0x6f7b, 0x6f7b, 0x6739, 0x6739, 0x6f7b, 0x6f7b, 0x6f7b, 0x6f7b, 0x6f7b, 0x0001, 0x0001, 0x0001, 0x0001, 0x0001, 0x0001, 0x0001,
    0x0001, 0x0001, 0x0001, 0x0001, 0x6f7b, 0x6739, 0x6739, 0x6739, 0x6739, 0x6739, 0x6739, 0x6739, 0x6739, 0x6f7b, 0x6f7b, 0x6f7b,
    0x6f7b, 0x6f7b, 0x6f7b, 0x6f7b, 0x6f7b, 0x6f7b, 0x6f7b, 0x6f7b, 0x6f7b, 0x6f7b, 0x6f7b, 0x6f7b, 0x6f7b, 0x6f7b, 0x6f7b, 0x6f7b,
    0x6f7b, 0x6f7b, 0x6f7b, 0x6f7b, 0x6f7b, 0x6f7b, 0x6f7b, 0x6f7b, 0x6f7b, 0x6f7b, 0x6f7b, 0x6f7b, 0x6f7b, 0x6f7b, 0x6f7b, 0x6f7b,
    0x6f7b, 0x6f7b, 0x6f7b, 0x6f7b, 0x6f7b, 0x6f7b, 0x6f7b, 0x6f7b, 0x6f7b, 0x6f7b, 0x6f7b, 0x6f7b, 0x6f7b, 0x6f7b, 0x6f7b, 0x6f7b,
    0x6f7b, 0x6f7b, 0x6f7b, 0x6f7b, 0x6f7b, 0x6f7b, 0x6f7b, 0x6f7b, 0x6f7b, 0x6f7b, 0x6f7b, 0x6f7b, 0x6f7b, 0x6f7b, 0x6f7b, 0x6f7b,
    0x6f7b, 0x6f7b, 0x6f7b, 0x6f7b, 0x6f7b, 0x6f7b, 0x6f7b, 0x6f7b, 0x6f7b, 0x6f7b, 0x6f7b, 0x6f7b, 0x6f7b, 0x6f7b, 0x6f7b, 0x6f7b,
    0x6f7b, 0x6f7b, 0x6f7b, 0x6f7b, 0x6f7b, 0x6f7b, 0x6f7b, 0x6f7b, 0x6f7b, 0x6f7b, 0x6f7b, 0x6f7b, 0x6f7b, 0x6f7b, 0x6f7b, 0x6f7b,
    0x6f7b, 0x6f7b, 0x6f7b, 0x6f7b, 0x6f7b, 0x6f7b, 0x6f7b, 0x6f7b, 0x6f7b, 0x6f7b, 0x6f7b, 0x6f7b, 0x6f7b, 0x6f7b, 0x6f7b, 0x6f7b,
    0x6f7b, 0x6f7b, 0x6f7b, 0x6f7b, 0x6f7b, 0x6739, 0x6739, 0x6739, 0x6739, 0x6739, 0x6739, 0x6739, 0x6739, 0x6f7b, 0x6f7b, 0x6f7b,
    0x6f7b, 0x6f7b, 0x6f7b, 0x6f7b, 0x6f7b, 0x6f7b, 0x6f7b, 0x6f7b, 0x6f7b, 0x6f7b, 0x6f7b, 0x6f7b, 0x6f7b, 0x6f7b, 0x6f7b, 0x6f7b,
    0x6f7b, 0x6f7b, 0x6f7b, 0x6f7b, 0x6f7b, 0x6f7b, 0x6f7b, 0x6f7b, 0x6f7b, 0x6f7b, 0x6f7b, 0x6f7b, 0x6f7b, 0x6f7b, 0x6f7b, 0x6f7b,
    0x6f7b, 0x6f7b, 0x6f7b, 0x6f7b, 0x6f7b, 0x6f7b, 0x6f7b, 0x6f7b, 0x6f7b, 0x6f7b, 0x6f7b, 0x6f7b, 0x6f7b, 0x6f7b, 0x6f7b, 0x6f7b,
    0x6f7b, 0x6f7b, 0x6f7b, 0x6f7b, 0x6f7b, 0x6f7b, 0x6f7b, 0x6f7b, 0x6f7b, 0x6f7b, 0x6f7b, 0x6f7b, 0x6f7b, 0x6f7b, 0x6f7b, 0x6f7b,
    0x6f7b, 0x6f7b, 0x6f7b, 0x6f7b, 0x6f7b, 0x6f7b, 0x6f7b, 0x6f7b, 0x6f7b, 0x6f7b, 0x6f7b, 0x6f7b, 0x6f7b, 0x6f7b, 0x6f7b, 0x6f7b,
    0x6f7b, 0x6f7b, 0x6f7b, 0x6f7b, 0x6f7b, 0x6f7b, 0x6f7b, 0x6f7b, 0x6f7b, 0x6f7b, 0x6f7b, 0x6f7b, 0x6f7b, 0x6f7b, 0x6f7b, 0x6f7b,
    0x6f7b, 0x6f7b, 0x6f7b, 0x6f7b, 0x6f7b, 0x6f7b, 0x6f7b, 0x6f7b, 0x6f7b, 0x6f7b, 0x6f7b, 0x6f7b, 0x6f7b, 0x6f7b, 0x6f7b, 0x6f7b,
    0x6f7b, 0x6f7b, 0x6f7b, 0x6f7b, 0x6f7b, 0x6739, 0x6739, 0x6739, 0x6739, 0x6739, 0x6739, 0x6739, 0x6739, 0x6f7b, 0x6f7b, 0x6f7b,
    0x6f7b, 0x6f7b, 0x6f7b, 0x6f7b, 0x6f7b, 0x6f7b, 0x6f7b, 0x6f7b, 0x6f7b, 0x6f7b, 0x6f7b, 0x6f7b, 0x6f7b, 0x6f7b, 0x6f7b, 0x6f7b,
    0x6f7b, 0x6f7b, 0x6f7b, 0x6f7b, 0x6f7b, 0x6f7b, 0x6f7b, 0x6f7b, 0x6f7b, 0x6f7b, 0x6f7b, 0x6f7b, 0x6f7b, 0x6f7b, 0x6f7b, 0x6f7b,
    0x6f7b, 0x6f7b, 0x6f7b, 0x6f7b, 0x6f7b, 0x6f7b, 0x6f7b, 0x6f7b, 0x6f7b, 0x6f7b, 0x6f7b, 0x6f7b, 0x6f7b, 0x6f7b, 0x6f7b, 0x6f7b,
    0x6f7b, 0x6f7b, 0x6f7b, 0x6f7b, 0x6f7b, 0x6f7b, 0x6f7b, 0x6f7b, 0x6f7b, 0x6f7b, 0x6f7b, 0x6f7b, 0x6f7b, 0x6f7b, 0x6f7b, 0x6f7b,
    0x6f7b, 0x6f7b, 0x6f7b, 0x6f7b, 0x6f7b, 0x6f7b, 0x6f7b, 0x6f7b, 0x6f7b, 0x6f7b, 0x6f7b, 0x6f7b, 0x6f7b, 0x6f7b, 0x6f7b, 0x6f7b,
    0x6f7b, 0x6f7b, 0x6f7b, 0x6f7b, 0x6f7b, 0x6f7b, 0x6f7b, 0x6f7b, 0x6f7b, 0x6f7b, 0x6f7b, 0x6f7b, 0x6f7b, 0x6f7b, 0x6f7b, 0x6f7b,
    0x6f7b, 0x6f7b, 0x0001, 0x0001, 0x0001, 0x0001, 0x0001, 0x0001, 0x0001, 0x0001, 0x0001, 0x0001, 0x0001, 0x0001, 0x0001, 0x0001,
    0x0001, 0x0001, 0x0001, 0x0001, 0x6f7b, 0x6739, 0x6739, 0x6739, 0x6739, 0x6739, 0x6739, 0x6739, 0x6739, 0x6f7b, 0x6f7b, 0x6f7b,
    0x6f7b, 0x6f7b, 0x6f7b, 0x6f7b, 0x6f7b, 0x6f7b, 0x6f7b, 0x6f7b, 0x6f7b, 0x6f7b, 0x6f7b, 0x6f7b, 0x6f7b, 0x6f7b, 0x6f7b, 0x6f7b,
    0x6f7b, 0x6f7b, 0x6f7b, 0x6f7b, 0x6f7b, 0x6f7b, 0x6f7b, 0x6f7b, 0x6f7b, 0x6f7b, 0x6f7b, 0x6f7b, 0x6f7b, 0x6f7b, 0x6f7b, 0x6f7b,
    0x6f7b, 0x6f7b, 0x6f7b, 0x6f7b, 0x6f7b, 0x6f7b, 0x6f7b, 0x6f7b, 0x6f7b, 0x6f7b, 0x6f7b, 0x6f7b, 0x6f7b, 0x6f7b, 0x6f7b, 0x6f7b,
    0x6f7b, 0x6f7b, 0x6f7b, 0x6f7b, 0x6f7b, 0x6f7b, 0x6f7b, 0x6f7b, 0x6f7b, 0x6f7b, 0x6f7b, 0x6f7b, 0x6f7b, 0x6f7b, 0x6f7b, 0x6f7b,
    0x6f7b, 0x6f7b, 0x6f7b, 0x6f7b, 0x6f7b, 0x6f7b, 0x6f7b, 0x6f7b, 0x6f7b, 0x6f7b, 0x6f7b, 0x6f7b, 0x6f7b, 0x6f7b, 0x6f7b, 0x6f7b,
    0x6f7b, 0x6f7b, 0x6f7b, 0x6f7b, 0x6f7b, 0x6f7b, 0x6f7b, 0x6f7b, 0x6f7b, 0x6f7b, 0x6f7b, 0x6f7b, 0x6f7b, 0x6f7b, 0x6f7b, 0x6f7b,
    0x6f7b, 0x6f7b, 0x0001, 0x0001, 0x0001, 0x0001, 0x0001, 0x0001, 0x0001, 0x0001, 0x0001, 0x0001, 0x0001, 0x0001, 0x0001, 0x0001,
    0x0001, 0x0001, 0x0001, 0x0001, 0x6f7b, 0x6739, 0x6739, 0x6739, 0x6739, 0x6739, 0x6739, 0x6739, 0x6739, 0x6f7b, 0x6f7b, 0x6f7b,
    0x6f7b, 0x6f7b, 0x6f7b, 0x6f7b, 0x6f7b, 0x6f7b, 0x6f7b, 0x6f7b, 0x6f7b, 0x6f7b, 0x6f7b, 0x6f7b, 0x6f7b, 0x6f7b, 0x6f7b, 0x6f7b,
    0x6f7b, 0x6f7b, 0x6f7b, 0x6f7b, 0x6f7b, 0x6f7b, 0x6f7b, 0x6f7b, 0x6f7b, 0x6f7b, 0x6f7b, 0x6f7b, 0x6f7b, 0x6f7b, 0x6f7b, 0x6f7b,
    0x6f7b, 0x6f7b, 0x6f7b, 0x6f7b, 0x6f7b, 0x6f7b, 0x6f7b, 0x6f7b, 0x6f7b, 0x6f7b, 0x6f7b, 0x6f7b, 0x6f7b, 0x6f7b, 0x6f7b, 0x6f7b,
    0x6f7b, 0x6f7b, 0x6f7b, 0x6f7b, 0x6f7b, 0x6f7b, 0x6f7b, 0x6f7b, 0x6f7b, 0x6f7b, 0x6f7b, 0x6f7b, 0x6f7b, 0x6f7b, 0x6f7b, 0x6f7b,
    0x6f7b, 0x6f7b, 0x6f7b, 0x6f7b, 0x6f7b, 0x6f7b, 0x6f7b, 0x6f7b, 0x6f7b, 0x6f7b, 0x6f7b, 0x6f7b, 0x6f7b, 0x6f7b, 0x6f7b, 0x6f7b,
    0x6f7b, 0x6f7b, 0x6f7b, 0x6f7b, 0x6f7b, 0x6f7b, 0x6f7b, 0x6f7b, 0x6f7b, 0x6f7b, 0x6f7b, 0x6f7b, 0x6f7b, 0x6f7b, 0x6f7b, 0x6f7b,
    0x6f7b, 0x6f7b, 0x0001, 0x0001, 0x0001, 0x0001, 0x0001, 0x0001, 0x0001, 0x0001, 0x0001, 0x0001, 0x0001, 0x0001, 0x0001, 0x0001,
    0x0001, 0x0001, 0x0001, 0x0001, 0x6f7b, 0x6739, 0x6739, 0x6739, 0x6739, 0x6739, 0x6739, 0x6739, 0x6739, 0x6f7b, 0x6f7b, 0x6f7b,
    0x6f7b, 0x6f7b, 0x6f7b, 0x6f7b, 0x6f7b, 0x6f7b, 0x6f7b, 0x6f7b, 0x6f7b, 0x6f7b, 0x6f7b, 0x6f7b, 0x6f7b, 0x6f7b, 0x6f7b, 0x6f7b,
    0x6f7b, 0x6f7b, 0x6f7b, 0x6f7b, 0x6f7b, 0x6f7b, 0x6f7b, 0x6f7b, 0x6f7b, 0x6f7b, 0x6f7b, 0x6f7b, 0x6f7b, 0x6f7b, 0x6f7b, 0x6f7b,
    0x6f7b, 0x6f7b, 0x6f7b, 0x6f7b, 0x6f7b, 0x6f7b, 0x6f7b, 0x6f7b, 0x6f7b, 0x6f7b, 0x6f7b, 0x6f7b, 0x6f7b, 0x6f7b, 0x6f7b, 0x6f7b,
    0x6f7b, 0x6f7b, 0x6f7b, 0x6f7b, 0x6f7b, 0x6f7b, 0x6f7b, 0x6f7b, 0x6f7b, 0x6f7b, 0x6f7b, 0x6f7b, 0x6f7b, 0x6f7b, 0x6f7b, 0x6f7b,
    0x6f7b, 0x6f7b, 0x6f7b, 0x6f7b, 0x6f7b, 0x6f7b, 0x6f7b, 0x6f7b, 0x6f7b, 0x6f7b, 0x6f7b, 0x6f7b, 0x6f7b, 0x6f7b, 0x6f7b, 0x6f7b,
    0x6f7b, 0x6f7b, 0x6f7b, 0x6f7b, 0x6f7b, 0x6f7b, 0x6f7b, 0x6f7b, 0x6f7b, 0x6f7b, 0x6f7b, 0x6f7b, 0x6f7b, 0x6f7b, 0x6f7b, 0x6f7b,
    0x6f7b, 0x6f7b, 0x0001, 0x0001, 0x0001, 0x0001, 0x0001, 0x0001, 0x0001, 0x0001, 0x0001, 0x0001, 0x0001, 0x0001, 0x0001, 0x0001,
    0x0001, 0x0001, 0x0001, 0x0001, 0x6f7b, 0x6739, 0x6739, 0x6739, 0x6739, 0x6739, 0x6739, 0x6739, 0x6739, 0x6f7b, 0x6f7b, 0x6f7b,
    0x6f7b, 0x6f7b, 0x6f7b, 0x6f7b, 0x6f7b, 0x6f7b, 0x6f7b, 0x6f7b, 0x6f7b, 0x6f7b, 0x6f7b, 0x6f7b, 0x6f7b, 0x6f7b, 0x6f7b, 0x6f7b,
    0x6f7b, 0x6f7b, 0x6f7b, 0x6f7b, 0x6f7b, 0x6f7b, 0x6f7b, 0x6f7b, 0x6f7b, 0x6f7b, 0x6f7b, 0x6f7b, 0x6f7b, 0x6f7b, 0x6f7b, 0x6f7b,
    0x6f7b, 0x6f7b, 0x6f7b, 0x6f7b, 0x6f7b, 0x6f7b, 0x6f7b, 0x6f7b, 0x6f7b, 0x6f7b, 0x6f7b, 0x6f7b, 0x6f7b, 0x6f7b, 0x6f7b, 0x6f7b,
    0x6f7b, 0x6f7b, 0x6f7b, 0x6f7b, 0x6f7b, 0x6f7b, 0x6f7b, 0x6f7b, 0x6f7b, 0x6f7b, 0x6f7b, 0x6f7b, 0x6f7b, 0x6f7b, 0x6f7b, 0x6f7b,
    0x6f7b, 0x6f7b, 0x6f7b, 0x6f7b, 0x6f7b, 0x6f7b, 0x6f7b, 0x6f7b, 0x6f7b, 0x6f7b, 0x6f7b, 0x6f7b, 0x6f7b, 0x6f7b, 0x6f7b, 0x6f7b,
    0x6f7b, 0x6f7b, 0x6f7b, 0x6f7b, 0x6f7b, 0x6f7b, 0x6f7b, 0x6f7b, 0x6f7b, 0x6f7b, 0x6f7b, 0x6f7b, 0x6f7b, 0x6f7b, 0x6f7b, 0x6f7b,
    0x6f7b, 0x6f7b, 0x6f7b, 0x6f7b, 0x6f7b, 0x6f7b, 0x6f7b, 0x6f7b, 0x6f7b, 0x6f7b, 0x6f7b, 0x6f7b, 0x6f7b, 0x6f7b, 0x6f7b, 0x6f7b,
    0x6f7b, 0x6f7b, 0x6f7b, 0x6f7b, 0x6f7b, 0x6f7b, 0x6f7b, 0x6f7b, 0x6f7b, 0x6f7b, 0x6f7b, 0x6f7b, 0x6f7b, 0x6f7b, 0x6f7b, 0x6f7b,
    0x6f7b, 0x6f7b, 0x6f7b, 0x6f7b, 0x6f7b, 0x6f7b, 0x6f7b, 0x6f7b, 0x6f7b, 0x6f7b, 0x6f7b, 0x6f7b, 0x6f7b, 0x6f7b, 0x6f7b, 0x6f7b,
    0x6f7b, 0x6f7b, 0x6f7b, 0x6f7b, 0x6f7b, 0x6f7b, 0x6f7b, 0x6f7b, 0x6f7b, 0x6f7b, 0x6f7b, 0x6f7b, 0x6f7b, 0x6f7b, 0x6f7b, 0x6f7b,
    0x6f7b, 0x6f7b, 0x6f7b, 0x6f7b, 0x6f7b, 0x6f7b, 0x6f7b, 0x6f7b, 0x6f7b, 0x6f7b, 0x6f7b, 0x6f7b, 0x6f7b, 0x6f7b, 0x6f7b, 0x6f7b,
    0x6f7b, 0x6f7b, 0x6f7b, 0x6f7b, 0x6f7b, 0x6f7b, 0x6f7b, 0x6f7b, 0x6f7b, 0x6f7b, 0x6f7b, 0x6f7b, 0x6f7b, 0x6f7b, 0x6f7b, 0x6f7b,
    0x6f7b, 0x6f7b, 0x6f7b, 0x6f7b, 0x6f7b, 0x6f7b, 0x6f7b, 0x6f7b, 0x6f7b, 0x6f7b, 0x6f7b, 0x6f7b, 0x6f7b, 0x6f7b, 0x6f7b, 0x6f7b,
    0x6f7b, 0x6f7b, 0x6f7b, 0x6f7b, 0x6f7b, 0x6f7b, 0x6f7b, 0x6f7b, 0x6f7b, 0x6f7b, 0x6f7b, 0x6f7b, 0x6f7b, 0x6f7b, 0x6f7b, 0x6f7b,
    0x6f7b, 0x6f7b, 0x6f7b, 0x6f7b, 0x6f7b, 0x6f7b, 0x6f7b, 0x6f7b, 0x6f7b, 0x6f7b, 0x6f7b, 0x6f7b, 0x6f7b, 0x6f7b, 0x6f7b, 0x6f7b,
    0x6f7b, 0x6f7b, 0x6f7b, 0x6f7b, 0x6f7b, 0x6f7b, 0x6f7b, 0x6f7b, 0x6f7b, 0x6f7b, 0x6f7b, 0x6f7b, 0x6f7b, 0x6f7b, 0x6f7b, 0x6f7b,
    0x6f7b, 0x6f7b, 0x6f7b, 0x6f7b, 0x6f7b, 0x6f7b, 0x6f7b, 0x6f7b, 0x6f7b, 0x6f7b, 0x6f7b, 0x6f7b, 0x6f7b, 0x6f7b, 0x6f7b, 0x6f7b,
    0x6f7b, 0x6f7b, 0x6f7b, 0x6f7b, 0x6f7b, 0x6f7b, 0x6f7b, 0x6f7b, 0x6f7b, 0x6f7b, 0x6f7b, 0x6f7b, 0x6f7b, 0x6f7b, 0x6f7b, 0x6f7b,
    0x6f7b, 0x6f7b, 0x6f7b, 0x6f7b, 0x6f7b, 0x6f7b, 0x6f7b, 0x6f7b, 0x6f7b, 0x6f7b, 0x6f7b, 0x6f7b, 0x6f7b, 0x6f7b, 0x6f7b, 0x6f7b,
    0x6f7b, 0x6f7b, 0x6f7b, 0x6f7b, 0x6f7b, 0x6f7b, 0x6f7b, 0x6f7b, 0x6f7b, 0x6f7b, 0x6f7b, 0x6f7b, 0x6f7b, 0x6f7b, 0x6f7b, 0x6f7b,
    0x6f7b, 0x6f7b, 0x6f7b, 0x6f7b, 0x6f7b, 0x6f7b, 0x6f7b, 0x6f7b, 0x6f7b, 0x6f7b, 0x6f7b, 0x6f7b, 0x6f7b, 0x6f7b, 0x6f7b, 0x6f7b,
    0x6f7b, 0x6f7b, 0x6f7b, 0x6f7b, 0x6f7b, 0x6f7b, 0x6f7b, 0x6f7b, 0x6f7b, 0x6f7b, 0x6f7b, 0x6f7b, 0x6f7b, 0x6f7b, 0x6f7b, 0x6f7b,
    0x6f7b, 0x6f7b, 0x6f7b, 0x6f7b, 0x6f7b, 0x6f7b, 0x6f7b, 0x6f7b, 0x6f7b, 0x6f7b, 0x6f7b, 0x6f7b, 0x6f7b, 0x6f7b, 0x6f7b, 0x6f7b,
    0x6f7b, 0x6f7b, 0x6f7b, 0x6f7b, 0x6f7b, 0x6f7b, 0x6f7b, 0x6f7b, 0x6f7b, 0x6f7b, 0x6f7b, 0x6f7b, 0x6f7b, 0x6f7b, 0x6f7b, 0x6f7b,
    0x6f7b, 0x6f7b, 0x6f7b, 0x6f7b, 0x6f7b, 0x6f7b, 0x6f7b, 0x6f7b, 0x6f7b, 0x6f7b, 0x6f7b, 0x6f7b, 0x6f7b, 0x6f7b, 0x6f7b, 0x6f7b,
    0x6f7b, 0x6f7b, 0x6f7b, 0x6f7b, 0x6f7b, 0x6f7b, 0x6f7b, 0x6f7b, 0x6f7b, 0x6f7b, 0x6f7b, 0x6f7b, 0x6f7b, 0x6f7b, 0x6f7b, 0x6f7b,
    0x6f7b, 0x6f7b, 0x6f7b, 0x6f7b, 0x6f7b, 0x6f7b, 0x6f7b, 0x6f7b, 0x6f7b, 0x6f7b, 0x6f7b, 0x6f7b, 0x6f7b, 0x6f7b, 0x6f7b, 0x6f7b,
    0x6f7b, 0x6f7b, 0x6f7b, 0x6f7b, 0x6f7b, 0x6f7b, 0x6f7b, 0x6f7b, 0x6f7b, 0x6f7b, 0x6f7b, 0x6f7b, 0x6f7b, 0x6f7b, 0x6f7b, 0x6f7b,
    0x6f7b, 0x6f7b, 0x6f7b, 0x6f7b, 0x6f7b, 0x6f7b, 0x6f7b, 0x6f7b, 0x6f7b, 0x6f7b, 0x6f7b, 0x6f7b, 0x6f7b, 0x6f7b, 0x6f7b, 0x6f7b,
    0x6f7b, 0x6f7b, 0x6f7b, 0x6f7b, 0x6f7b, 0x6f7b, 0x6f7b, 0x6f7b, 0x6f7b, 0x6f7b, 0x6f7b, 0x6f7b, 0x6f7b, 0x6f7b, 0x6f7b, 0x6f7b,
    0x6f7b, 0x6f7b, 0x6f7b, 0x6f7b, 0x6f7b, 0x6f7b, 0x6f7b, 0x6f7b, 0x6f7b, 0x6f7b, 0x6f7b, 0x6739, 0x6739, 0x6739, 0x6739, 0x6739,
    0x6739, 0x6739, 0x6739, 0x6739, 0x6f7b, 0x6f7b, 0x6f7b, 0x6f7b, 0x6f7b, 0x6f7b, 0x6f7b, 0x6f7b, 0x6f7b, 0x6f7b, 0x6f7b, 0x6f7b,
    0x6f7b, 0x6f7b, 0x6f7b, 0x6f7b, 0x6f7b, 0x6f7b, 0x6f7b, 0x6f7b, 0x6f7b, 0x6f7b, 0x6f7b, 0x6f7b, 0x6f7b, 0x6f7b, 0x6f7b, 0x6f7b,
    0x6f7b, 0x6f7b, 0x6f7b, 0x6f7b, 0x6f7b, 0x6f7b, 0x6f7b, 0x6f7b, 0x6f7b, 0x6f7b, 0x6f7b, 0x6f7b, 0x6f7b, 0x6f7b, 0x6f7b, 0x6f7b,
    0x6f7b, 0x6f7b, 0x6f7b, 0x6f7b, 0x6f7b, 0x6f7b, 0x6f7b, 0x6f7b, 0x6f7b, 0x6f7b, 0x6f7b, 0x6f7b, 0x6f7b, 0x6f7b, 0x6f7b, 0x6f7b,
    0x6f7b, 0x6f7b, 0x6f7b, 0x6f7b, 0x6f7b, 0x6f7b, 0x6f7b, 0x6f7b, 0x6f7b, 0x6f7b, 0x6f7b, 0x6f7b, 0x6f7b, 0x6f7b, 0x6f7b, 0x6f7b,
    0x6f7b, 0x6f7b, 0x6f7b, 0x6f7b, 0x6f7b, 0x6f7b, 0x6f7b, 0x6f7b, 0x6f7b, 0x6f7b, 0x6f7b, 0x6f7b, 0x6f7b, 0x6f7b, 0x6f7b, 0x6f7b,
    0x6f7b, 0x6f7b, 0x6f7b, 0x6f7b, 0x6f7b, 0x6f7b, 0x6f7b, 0x6f7b, 0x6f7b, 0x6f7b, 0x6f7b, 0x6f7b, 0x6f7b, 0x6f7b, 0x6f7b, 0x6f7b,
    0x6f7b, 0x6f7b, 0x6f7b, 0x6f7b, 0x6f7b, 0x6f7b, 0x6f7b, 0x6f7b, 0x6f7b, 0x6f7b, 0x6f7b, 0x6739, 0x6739, 0x6739, 0x6739, 0x6739,
    0x6739, 0x4210, 0x6739, 0x6739, 0x6f7b, 0x6f7b, 0x6f7b, 0x6f7b, 0x6f7b, 0x6f7b, 0x6f7b, 0x6f7b, 0x6f7b, 0x6f7b, 0x6f7b, 0x6f7b,
    0x6f7b, 0x6f7b, 0x6f7b, 0x6f7b, 0x6f7b, 0x6f7b, 0x6f7b, 0x6f7b, 0x6f7b, 0x6f7b, 0x6f7b, 0x6f7b, 0x6f7b, 0x6f7b, 0x6f7b, 0x6f7b,
    0x6f7b, 0x6f7b, 0x6f7b, 0x6f7b, 0x6f7b, 0x6f7b, 0x6f7b, 0x6f7b, 0x6f7b, 0x6f7b, 0x6f7b, 0x6f7b, 0x6f7b, 0x6f7b, 0x6f7b, 0x6f7b,
    0x6f7b, 0x6f7b, 0x6f7b, 0x6f7b, 0x6f7b, 0x6f7b, 0x6f7b, 0x6f7b, 0x6f7b, 0x6f7b, 0x6f7b, 0x6f7b, 0x6f7b, 0x6f7b, 0x6f7b, 0x6f7b,
    0x6f7b, 0x6f7b, 0x6f7b, 0x6f7b, 0x6f7b, 0x6f7b, 0x6f7b, 0x6f7b, 0x6f7b, 0x6f7b, 0x6f7b, 0x6f7b, 0x6f7b, 0x6f7b, 0x6f7b, 0x6f7b,
    0x6f7b, 0x6f7b, 0x6f7b, 0x6f7b, 0x6f7b, 0x6f7b, 0x6f7b, 0x6f7b, 0x6f7b, 0x6f7b, 0x6f7b, 0x6f7b, 0x6f7b, 0x6f7b, 0x6f7b, 0x6f7b,
    0x6f7b, 0x6f7b, 0x6f7b, 0x6f7b, 0x6f7b, 0x6f7b, 0x6f7b, 0x6f7b, 0x6f7b, 0x6f7b, 0x6f7b, 0x6f7b, 0x6f7b, 0x6f7b, 0x6f7b, 0x6f7b,
    0x6f7b, 0x6f7b, 0x6f7b, 0x6f7b, 0x6f7b, 0x6f7b, 0x6f7b, 0x6f7b, 0x6f7b, 0x6f7b, 0x6f7b, 0x6739, 0x6739, 0x6739, 0x6739, 0x6739,
    0x6739, 0x6739, 0x6739, 0x6739, 0x6f7b, 0x6f7b, 0x6f7b, 0x6f7b, 0x6f7b, 0x6f7b, 0x6f7b, 0x6f7b, 0x6f7b, 0x6f7b, 0x6f7b, 0x6f7b,
    0x6f7b, 0x6f7b, 0x6f7b, 0x6f7b, 0x6f7b, 0x6f7b, 0x6f7b, 0x6f7b, 0x6f7b, 0x6f7b, 0x6f7b, 0x6f7b, 0x6f7b, 0x6f7b, 0x6f7b, 0x6f7b,
    0x6f7b, 0x6f7b, 0x6f7b, 0x6f7b, 0x6f7b, 0x6f7b, 0x6f7b, 0x6f7b, 0x6f7b, 0x6f7b, 0x6f7b, 0x6f7b, 0x6f7b, 0x6f7b, 0x6f7b, 0x6f7b,
    0x6f7b, 0x6f7b, 0x6f7b, 0x6f7b, 0x6f7b, 0x6f7b, 0x6f7b, 0x6f7b, 0x6f7b, 0x6f7b, 0x6f7b, 0x6f7b, 0x6f7b, 0x6f7b, 0x6f7b, 0x6f7b,
    0x6f7b, 0x6f7b, 0x6f7b, 0x6f7b, 0x6f7b, 0x6f7b, 0x6f7b, 0x6f7b, 0x6f7b, 0x6f7b, 0x6f7b, 0x6f7b, 0x6f7b, 0x6f7b, 0x6f7b, 0x6f7b,
    0x6f7b, 0x6f7b, 0x6f7b, 0x6f7b, 0x6f7b, 0x6f7b, 0x6f7b, 0x6f7b, 0x6f7b, 0x6f7b, 0x6f7b, 0x6f7b, 0x6f7b, 0x6f7b, 0x6f7b, 0x6f7b,
    0x6f7b, 0x6f7b, 0x6f7b, 0x6f7b, 0x6f7b, 0x6f7b, 0x6f7b, 0x6f7b, 0x6f7b, 0x6f7b, 0x6f7b, 0x6f7b, 0x6f7b, 0x6f7b, 0x6f7b, 0x6f7b,
    0x6f7b, 0x6f7b, 0x6f7b, 0x6f7b, 0x6f7b, 0x6f7b, 0x6f7b, 0x6f7b, 0x6f7b, 0x6f7b, 0x6f7b, 0x6739, 0x6739, 0x6739, 0x6739, 0x6739,
    0x6739, 0x6739, 0x6739, 0x6739, 0x6f7b, 0x6f7b, 0x6f7b, 0x6f7b, 0x6f7b, 0x6f7b, 0x6f7b, 0x6f7b, 0x6f7b, 0x6f7b, 0x6f7b, 0x6f7b,
    0x6f7b, 0x6f7b, 0x6f7b, 0x6f7b, 0x6f7b, 0x6f7b, 0x6f7b, 0x6f7b, 0x6f7b, 0x6f7b, 0x6f7b, 0x6f7b, 0x6f7b, 0x6f7b, 0x6f7b, 0x6f7b,
    0x6f7b, 0x6f7b, 0x6f7b, 0x6f7b, 0x6f7b, 0x6f7b, 0x6f7b, 0x6f7b, 0x6f7b, 0x6f7b, 0x6f7b, 0x6f7b, 0x6f7b, 0x6f7b, 0x6f7b, 0x6f7b,
    0x6f7b, 0x6f7b, 0x6f7b, 0x6f7b, 0x6f7b, 0x6f7b, 0x6f7b, 0x6f7b, 0x6f7b, 0x6f7b, 0x6f7b, 0x6f7b, 0x6f7b, 0x6f7b, 0x6f7b, 0x6f7b,
    0x6f7b, 0x6f7b, 0x6f7b, 0x6f7b, 0x6f7b, 0x6f7b, 0x6f7b, 0x6f7b, 0x6f7b, 0x6f7b, 0x6f7b, 0x6f7b, 0x6f7b, 0x6f7b, 0x6f7b, 0x6f7b,
    0x6f7b, 0x6f7b, 0x6f7b, 0x6f7b, 0x6f7b, 0x6f7b, 0x6f7b, 0x6f7b, 0x6f7b, 0x6f7b, 0x6f7b, 0x6f7b, 0x6f7b, 0x6f7b, 0x6f7b, 0x6f7b,
    0x6f7b, 0x6f7b, 0x6f7b, 0x6f7b, 0x6f7b, 0x6f7b, 0x6f7b, 0x6f7b, 0x6f7b, 0x6f7b, 0x6f7b, 0x6f7b, 0x6f7b, 0x6f7b, 0x6f7b, 0x6f7b,
    0x6f7b, 0x6f7b, 0x6f7b, 0x6f7b, 0x6f7b, 0x6f7b, 0x6f7b, 0x6f7b, 0x6f7b, 0x6f7b, 0x6f7b, 0x4210, 0x6739, 0x6739, 0x6739, 0x6739,
    0x6739, 0x6739, 0x6739, 0x6739, 0x6f7b, 0x6f7b, 0x6f7b, 0x6f7b, 0x6f7b, 0x6f7b, 0x6f7b, 0x6f7b, 0x6f7b, 0x6f7b, 0x6f7b, 0x6f7b,
    0x6f7b, 0x6f7b, 0x6f7b, 0x6f7b, 0x6f7b, 0x6f7b, 0x6f7b, 0x6f7b, 0x6f7b, 0x6f7b, 0x6f7b, 0x6f7b, 0x6f7b, 0x6f7b, 0x6f7b, 0x6f7b,
    0x6f7b, 0x6f7b, 0x6f7b, 0x6f7b, 0x6f7b, 0x6f7b, 0x6f7b, 0x6f7b, 0x6f7b, 0x6f7b, 0x6f7b, 0x6f7b, 0x6f7b, 0x6f7b, 0x6f7b, 0x6f7b,
    0x6f7b, 0x6f7b, 0x6f7b, 0x6f7b, 0x6f7b, 0x6f7b, 0x6f7b, 0x6f7b, 0x6f7b, 0x6f7b, 0x6f7b, 0x6f7b, 0x6f7b, 0x6f7b, 0x6f7b, 0x6f7b,
    0x6f7b, 0x6f7b, 0x6f7b, 0x6f7b, 0x6f7b, 0x6f7b, 0x6f7b, 0x6f7b, 0x6f7b, 0x6f7b, 0x6f7b, 0x6f7b, 0x6f7b, 0x6f7b, 0x6f7b, 0x6f7b,
    0x6f7b, 0x6f7b, 0x6f7b, 0x6f7b, 0x6f7b, 0x6f7b, 0x6f7b, 0x6f7b, 0x6f7b, 0x6f7b, 0x6f7b, 0x6f7b, 0x6f7b, 0x6f7b, 0x6f7b, 0x6f7b,
    0x6f7b, 0x6f7b, 0x6f7b, 0x6f7b, 0x6f7b, 0x6f7b, 0x6f7b, 0x6f7b, 0x6f7b, 0x6f7b, 0x6f7b, 0x6f7b, 0x6f7b, 0x6f7b, 0x6f7b, 0x6f7b,
    0x6f7b, 0x6f7b, 0x6f7b, 0x6f7b, 0x6f7b, 0x6f7b, 0x6f7b, 0x6f7b, 0x6f7b, 0x6f7b, 0x6f7b, 0x4210, 0x4210, 0x6739, 0x6739, 0x6739,
    0x6739, 0x6739, 0x6739, 0x6739, 0x6f7b, 0x6f7b, 0x6f7b, 0x6f7b, 0x6f7b, 0x6f7b, 0x6f7b, 0x6f7b, 0x6f7b, 0x6f7b, 0x6f7b, 0x6f7b,
    0x6f7b, 0x6f7b, 0x6f7b, 0x6f7b, 0x6f7b, 0x6f7b, 0x6f7b, 0x6f7b, 0x6f7b, 0x6f7b, 0x6f7b, 0x6f7b, 0x6f7b, 0x6f7b, 0x6f7b, 0x6f7b,
    0x6f7b, 0x6f7b, 0x6f7b, 0x6f7b, 0x6f7b, 0x6f7b, 0x6f7b, 0x6f7b, 0x6f7b, 0x6f7b, 0x6f7b, 0x6f7b, 0x6f7b, 0x6f7b, 0x6f7b, 0x6f7b,
    0x6f7b, 0x6f7b, 0x6f7b, 0x6f7b, 0x6f7b, 0x6f7b, 0x6f7b, 0x6f7b, 0x6f7b, 0x6f7b, 0x6f7b, 0x6f7b, 0x6f7b, 0x6f7b, 0x6f7b, 0x6f7b,
    0x6f7b, 0x6f7b, 0x6f7b, 0x6f7b, 0x6f7b, 0x6f7b, 0x6f7b, 0x6f7b, 0x6f7b, 0x6f7b, 0x6f7b, 0x6f7b, 0x6f7b, 0x6f7b, 0x6f7b, 0x6f7b,
    0x6f7b, 0x6f7b, 0x6f7b, 0x6f7b, 0x6f7b, 0x6f7b, 0x6f7b, 0x6f7b, 0x6f7b, 0x6f7b, 0x6f7b, 0x6f7b, 0x6f7b, 0x6f7b, 0x6f7b, 0x6f7b,
    0x6f7b, 0x6f7b, 0x6f7b, 0x6f7b, 0x6f7b, 0x6f7b, 0x6f7b, 0x6f7b, 0x6f7b, 0x6f7b, 0x6f7b, 0x6f7b, 0x6f7b, 0x6f7b, 0x6f7b, 0x6f7b,
    0x6f7b, 0x6f7b, 0x6f7b, 0x6f7b, 0x6f7b, 0x6f7b, 0x6f7b, 0x6f7b, 0x6f7b, 0x6f7b, 0x6f7b, 0x6739, 0x6739, 0x6739, 0x6739, 0x6739,
    0x6739, 0x6739, 0x6739, 0x6739, 0x6f7b, 0x6f7b, 0x6f7b, 0x6f7b, 0x6f7b, 0x6f7b, 0x6f7b, 0x6f7b, 0x6f7b, 0x6f7b, 0x6f7b, 0x6f7b,
    0x6f7b, 0x6f7b, 0x6f7b, 0x6f7b, 0x6f7b, 0x6f7b, 0x6f7b, 0x6f7b, 0x6f7b, 0x6f7b, 0x6f7b, 0x6f7b, 0x6f7b, 0x6f7b, 0x6f7b, 0x6f7b,
    0x6f7b, 0x6f7b, 0x6f7b, 0x6f7b, 0x6f7b, 0x6f7b, 0x6f7b, 0x6f7b, 0x6f7b, 0x6f7b, 0x6f7b, 0x6f7b, 0x6f7b, 0x6f7b, 0x6f7b, 0x6f7b,
    0x6f7b, 0x6f7b, 0x6f7b, 0x6f7b, 0x6f7b, 0x6f7b, 0x6f7b, 0x6f7b, 0x6f7b, 0x6f7b, 0x6f7b, 0x6f7b, 0x6f7b, 0x6f7b, 0x6f7b, 0x6f7b,
    0x6f7b, 0x6f7b, 0x6f7b, 0x6f7b, 0x6f7b, 0x6f7b, 0x6f7b, 0x6f7b, 0x6f7b, 0x6f7b, 0x6f7b, 0x6f7b, 0x6f7b, 0x6f7b, 0x6f7b, 0x6f7b,
    0x6f7b, 0x6f7b, 0x6f7b, 0x6f7b, 0x6f7b, 0x6f7b, 0x6f7b, 0x6f7b, 0x6f7b, 0x6f7b, 0x6f7b, 0x6f7b, 0x6f7b, 0x6f7b, 0x6f7b, 0x6f7b,
    0x6f7b, 0x6f7b, 0x6f7b, 0x6f7b, 0x6f7b, 0x6f7b, 0x6f7b, 0x6f7b, 0x6f7b, 0x6f7b, 0x6f7b, 0x6f7b, 0x6f7b, 0x6f7b, 0x6f7b, 0x0001,
    0x0001, 0x6f7b, 0x6f7b, 0x6f7b, 0x6f7b, 0x6f7b, 0x6f7b, 0x6f7b, 0x6f7b, 0x6f7b, 0x6f7b, 0x6739, 0x6739, 0x6739, 0x6739, 0x6739,
    0x6739, 0x6739, 0x6739, 0x6739, 0x6f7b, 0x6f7b, 0x6f7b, 0x6f7b, 0x6f7b, 0x6f7b, 0x6f7b, 0x6f7b, 0x6f7b, 0x6f7b, 0x6f7b, 0x6f7b,
    0x6f7b, 0x6f7b, 0x6f7b, 0x6f7b, 0x6f7b, 0x6f7b, 0x6f7b, 0x0001, 0x0001, 0x6f7b, 0x6f7b, 0x6f7b, 0x6f7b, 0x6f7b, 0x6f7b, 0x6f7b,
    0x6f7b, 0x6f7b, 0x6f7b, 0x6f7b, 0x6f7b, 0x6f7b, 0x6f7b, 0x6f7b, 0x6f7b, 0x6f7b, 0x6f7b, 0x6f7b, 0x6f7b, 0x6f7b, 0x6f7b, 0x6f7b,
    0x6f7b, 0x6f7b, 0x6f7b, 0x6f7b, 0x6f7b, 0x6f7b, 0x6f7b, 0x6f7b, 0x6f7b, 0x6f7b, 0x6f7b, 0x6f7b, 0x6f7b, 0x6f7b, 0x6f7b, 0x6f7b,
    0x6f7b, 0x6f7b, 0x6f7b, 0x6f7b, 0x6f7b, 0x6f7b, 0x6f7b, 0x6f7b, 0x6f7b, 0x6f7b, 0x6f7b, 0x6f7b, 0x6f7b, 0x6f7b, 0x6f7b, 0x6f7b,
    0x6f7b, 0x6f7b, 0x6f7b, 0x6f7b, 0x6f7b, 0x6f7b, 0x6f7b, 0x6f7b, 0x6f7b, 0x6f7b, 0x6f7b, 0x6f7b, 0x6f7b, 0x6f7b, 0x6f7b, 0x6f7b,
    0x6f7b, 0x6f7b, 0x6f7b, 0x6f7b, 0x6f7b, 0x6f7b, 0x6f7b, 0x6f7b, 0x6f7b, 0x6f7b, 0x6f7b, 0x6f7b, 0x6f7b, 0x6f7b, 0x6f7b, 0x6f7b,
    0x6f7b, 0x6f7b, 0x6f7b, 0x6f7b, 0x6f7b, 0x6f7b, 0x6f7b, 0x6f7b, 0x6f7b, 0x6f7b, 0x6f7b, 0x6739, 0x6739, 0x6739, 0x6739, 0x6739,
    0x6739, 0x6739, 0x6739, 0x6739, 0x6f7b, 0x6f7b, 0x6f7b, 0x6f7b, 0x6f7b, 0x6f7b, 0x6f7b, 0x6f7b, 0x6f7b, 0x6f7b, 0x6f7b, 0x6f7b,
    0x6f7b, 0x6f7b, 0x6f7b, 0x6f7b, 0x6f7b, 0x6f7b, 0x6f7b, 0x6f7b, 0x6f7b, 0x6f7b, 0x6f7b, 0x6f7b, 0x6f7b, 0x6f7b, 0x6f7b, 0x6f7b,
    0x6f7b, 0x6f7b, 0x6f7b, 0x6f7b, 0x6f7b, 0x6f7b, 0x6f7b, 0x6f7b, 0x6f7b, 0x6f7b, 0x6f7b, 0x6f7b, 0x6f7b, 0x6f7b, 0x6f7b, 0x6f7b,
    0x6f7b, 0x6f7b, 0x6f7b, 0x6f7b, 0x6f7b, 0x6f7b, 0x6f7b, 0x6f7b, 0x6f7b, 0x6f7b, 0x6f7b, 0x6f7b, 0x6f7b, 0x6f7b, 0x6f7b, 0x6f7b,
    0x6f7b, 0x6f7b, 0x6f7b, 0x6f7b, 0x6f7b, 0x6f7b, 0x6f7b, 0x6f7b, 0x6f7b, 0x6f7b, 0x6f7b, 0x6f7b, 0x6f7b, 0x6f7b, 0x6f7b, 0x6f7b,
    0x6f7b, 0x6f7b, 0x6f7b, 0x6f7b, 0x6f7b, 0x6f7b, 0x6f7b, 0x6f7b, 0x6f7b, 0x6f7b, 0x6f7b, 0x6f7b, 0x6f7b, 0x6f7b, 0x6f7b, 0x6f7b,
    0x6f7b, 0x6f7b, 0x6f7b, 0x6f7b, 0x6f7b, 0x6f7b, 0x6f7b, 0x6f7b, 0x6f7b, 0x6f7b, 0x6f7b, 0x6f7b, 0x6f7b, 0x6f7b, 0x6f7b, 0x6f7b,
    0x6f7b, 0x6f7b, 0x6f7b, 0x6f7b, 0x6f7b, 0x6f7b, 0x6f7b, 0x6f7b, 0x6f7b, 0x6f7b, 0x6f7b, 0x4210, 0x6739, 0x6739, 0x6739, 0x6739,
    0x6739, 0x6739, 0x6739, 0x6739, 0x6f7b, 0x6f7b, 0x6f7b, 0x6f7b, 0x6f7b, 0x6f7b, 0x6f7b, 0x6f7b, 0x6f7b, 0x6f7b, 0x6f7b, 0x6f7b,
    0x6f7b, 0x6f7b, 0x6f7b, 0x6f7b, 0x6f7b, 0x6f7b, 0x6f7b, 0x6f7b, 0x6f7b, 0x6f7b, 0x6f7b, 0x6f7b, 0x6f7b, 0x6f7b, 0x6f7b, 0x6f7b,
    0x6f7b, 0x6f7b, 0x6f7b, 0x6f7b, 0x6f7b, 0x6f7b, 0x6f7b, 0x6f7b, 0x6f7b, 0x6f7b, 0x6f7b, 0x6f7b, 0x6f7b, 0x6f7b, 0x6f7b, 0x6f7b,
    0x6f7b, 0x6f7b, 0x6f7b, 0x6f7b, 0x6f7b, 0x6f7b, 0x6f7b, 0x6f7b, 0x6f7b, 0x6f7b, 0x6f7b, 0x6f7b, 0x6f7b, 0x6f7b, 0x6f7b, 0x6f7b,
    0x6f7b, 0x6f7b, 0x6f7b, 0x6f7b, 0x6f7b, 0x6f7b, 0x6f7b, 0x6f7b, 0x6f7b, 0x6f7b, 0x6f7b, 0x6f7b, 0x6f7b, 0x6f7b, 0x6f7b, 0x6f7b,
    0x6f7b, 0x6f7b, 0x6f7b, 0x6f7b, 0x6f7b, 0x6f7b, 0x6f7b, 0x6f7b, 0x6f7b, 0x6f7b, 0x6f7b, 0x6f7b, 0x6f7b, 0x6f7b, 0x6f7b, 0x6f7b,
    0x6f7b, 0x6f7b, 0x6f7b, 0x6f7b, 0x6f7b, 0x6f7b, 0x6f7b, 0x6f7b, 0x6f7b, 0x6f7b, 0x6f7b, 0x6f7b, 0x6f7b, 0x6f7b, 0x6f7b, 0x6f7b,
    0x6f7b, 0x6f7b, 0x6f7b, 0x6f7b, 0x6f7b, 0x6f7b, 0x6f7b, 0x6f7b, 0x6f7b, 0x6f7b, 0x6f7b, 0x4210, 0x6739, 0x6739, 0x6739, 0x6739,
    0x6739, 0x6739, 0x6739, 0x6739, 0x6f7b, 0x6f7b, 0x6f7b, 0x6f7b, 0x6f7b, 0x6f7b, 0x6f7b, 0x6f7b, 0x6f7b, 0x6f7b, 0x6f7b, 0x6f7b,
    0x6f7b, 0x6f7b, 0x6f7b, 0x6f7b, 0x6f7b, 0x6f7b, 0x6f7b, 0x6f7b, 0x6f7b, 0x6f7b, 0x6f7b, 0x6f7b, 0x6f7b, 0x6f7b, 0x6f7b, 0x6f7b,
    0x6f7b, 0x6f7b, 0x6f7b, 0x6f7b, 0x6f7b, 0x6f7b, 0x6f7b, 0x6f7b, 0x6f7b, 0x6f7b, 0x6f7b, 0x6f7b, 0x6f7b, 0x6f7b, 0x6f7b, 0x6f7b,
    0x6f7b, 0x6f7b, 0x6f7b, 0x6f7b, 0x6f7b, 0x6f7b, 0x6f7b, 0x6f7b, 0x6f7b, 0x6f7b, 0x6f7b, 0x6f7b, 0x6f7b, 0x6f7b, 0x6f7b, 0x6f7b,
    0x6f7b, 0x6f7b, 0x6f7b, 0x6f7b, 0x6f7b, 0x6f7b, 0x6f7b, 0x6f7b, 0x6f7b, 0x6f7b, 0x6f7b, 0x6f7b, 0x6f7b, 0x6f7b, 0x6f7b, 0x6f7b,
    0x6f7b, 0x6f7b, 0x6f7b, 0x6f7b, 0x6f7b, 0x6f7b, 0x6f7b, 0x6f7b, 0x6f7b, 0x6f7b, 0x6f7b, 0x6f7b, 0x6f7b, 0x6f7b, 0x6f7b, 0x6f7b,
    0x6f7b, 0x6f7b, 0x6f7b, 0x6f7b, 0x6f7b, 0x6f7b, 0x6f7b, 0x6f7b, 0x6f7b, 0x6f7b, 0x6f7b, 0x6f7b, 0x6f7b, 0x6f7b, 0x6f7b, 0x6f7b,
    0x6f7b, 0x6f7b, 0x6f7b, 0x6f7b, 0x6f7b, 0x6f7b, 0x6f7b, 0x6f7b, 0x6f7b, 0x6f7b, 0x6f7b, 0x6739, 0x6739, 0x6739, 0x6739, 0x6739,
    0x6739, 0x6739, 0x6739, 0x6739, 0x6f7b, 0x6f7b, 0x6f7b, 0x6f7b, 0x6f7b, 0x6f7b, 0x6f7b, 0x6f7b, 0x6f7b, 0x6f7b, 0x6f7b, 0x6f7b,
    0x6f7b, 0x6f7b, 0x6f7b, 0x6f7b, 0x6f7b, 0x6f7b, 0x6f7b, 0x6f7b, 0x6f7b, 0x6f7b, 0x6f7b, 0x6f7b, 0x6f7b, 0x6f7b, 0x6f7b, 0x6f7b,
    0x6f7b, 0x6f7b, 0x6f7b, 0x6f7b, 0x6f7b, 0x6f7b, 0x6f7b, 0x6f7b, 0x6f7b, 0x6f7b, 0x6f7b, 0x6f7b, 0x6f7b, 0x6f7b, 0x6f7b, 0x6f7b,
    0x6f7b, 0x6f7b, 0x6f7b, 0x6f7b, 0x6f7b, 0x6f7b, 0x6f7b, 0x6f7b, 0x6f7b, 0x6f7b, 0x6f7b, 0x6f7b, 0x6f7b, 0x6f7b, 0x6f7b, 0x6f7b,
    0x6f7b, 0x6f7b, 0x6f7b, 0x6f7b, 0x6f7b, 0x6f7b, 0x6f7b, 0x6f7b, 0x6f7b, 0x6f7b, 0x6f7b, 0x6f7b, 0x6f7b, 0x6f7b, 0x6f7b, 0x6f7b,
    0x6f7b, 0x6f7b, 0x6f7b, 0x6f7b, 0x6f7b, 0x6f7b, 0x6f7b, 0x6f7b, 0x6f7b, 0x6f7b, 0x6f7b, 0x6f7b, 0x6f7b, 0x6f7b, 0x6f7b, 0x6f7b,
    0x6f7b, 0x6f7b, 0x6f7b, 0x6f7b, 0x6f7b, 0x6f7b, 0x6f7b, 0x6f7b, 0x6f7b, 0x6f7b, 0x6f7b, 0x6f7b, 0x6f7b, 0x6f7b, 0x6f7b, 0x6f7b,
    0x6f7b, 0x6f7b, 0x6f7b, 0x6f7b, 0x6f7b, 0x6f7b, 0x6f7b, 0x6f7b, 0x6f7b, 0x6f7b, 0x6f7b, 0x4210, 0x6739, 0x6739, 0x6739, 0x6739,
    0x6739, 0x6739, 0x6739, 0x6739, 0x6f7b, 0x6f7b, 0x6f7b, 0x6f7b, 0x6f7b, 0x6f7b, 0x6f7b, 0x6f7b, 0x6f7b, 0x6f7b, 0x6f7b, 0x6f7b,
    0x6f7b, 0x6f7b, 0x6f7b, 0x6f7b, 0x6f7b, 0x6f7b, 0x6f7b, 0x6f7b, 0x6f7b, 0x6f7b, 0x6f7b, 0x6f7b, 0x6f7b, 0x6f7b, 0x6f7b, 0x6f7b,
    0x6f7b, 0x6f7b, 0x6f7b, 0x6f7b, 0x6f7b, 0x6f7b, 0x6f7b, 0x6f7b, 0x6f7b, 0x6f7b, 0x6f7b, 0x6f7b, 0x6f7b, 0x6f7b, 0x6f7b, 0x6f7b,
    0x6f7b, 0x6f7b, 0x6f7b, 0x6f7b, 0x6f7b, 0x6f7b, 0x6f7b, 0x6f7b, 0x6f7b, 0x6f7b, 0x6f7b, 0x6f7b, 0x6f7b, 0x6f7b, 0x6f7b, 0x6f7b,
    0x6f7b, 0x6f7b, 0x6f7b, 0x6f7b, 0x6f7b, 0x6f7b, 0x6f7b, 0x6f7b, 0x6f7b, 0x6f7b, 0x6f7b, 0x6f7b, 0x6f7b, 0x6f7b, 0x6f7b, 0x6f7b,
    0x6f7b, 0x6f7b, 0x6f7b, 0x6f7b, 0x6f7b, 0x6f7b, 0x6f7b, 0x6f7b, 0x6f7b, 0x6f7b, 0x6f7b, 0x6f7b, 0x6f7b, 0x6f7b, 0x6f7b, 0x6f7b,
    0x6f7b, 0x6f7b, 0x6f7b, 0x6f7b, 0x6f7b, 0x6f7b, 0x6f7b, 0x6f7b, 0x6f7b, 0x6f7b, 0x6f7b, 0x6f7b, 0x6f7b, 0x6f7b, 0x6f7b, 0x6f7b,
    0x6f7b, 0x6f7b, 0x6f7b, 0x6f7b, 0x6f7b, 0x6f7b, 0x6f7b, 0x6f7b, 0x6f7b, 0x6f7b, 0x6f7b, 0x4210, 0x6739, 0x6739, 0x6739, 0x6739,
    0x6739, 0x6739, 0x6739, 0x6739, 0x6f7b, 0x6f7b, 0x6f7b, 0x6f7b, 0x6f7b, 0x6f7b, 0x6f7b, 0x6f7b, 0x6f7b, 0x6f7b, 0x6f7b, 0x6f7b,
    0x6f7b, 0x6f7b, 0x6f7b, 0x6f7b, 0x6f7b, 0x6f7b, 0x6f7b, 0x6f7b, 0x6f7b, 0x6f7b, 0x6f7b, 0x6f7b, 0x6f7b, 0x6f7b, 0x6f7b, 0x6f7b,
    0x6f7b, 0x6f7b, 0x6f7b, 0x6f7b, 0x6f7b, 0x6f7b, 0x6f7b, 0x6f7b, 0x6f7b, 0x6f7b, 0x6f7b, 0x6f7b, 0x6f7b, 0x6f7b, 0x6f7b, 0x6f7b,
    0x6f7b, 0x6f7b, 0x6f7b, 0x6f7b, 0x6f7b, 0x6f7b, 0x6f7b, 0x6f7b, 0x6f7b, 0x6f7b, 0x6f7b, 0x6f7b, 0x6f7b, 0x6f7b, 0x6f7b, 0x6f7b,
    0x6f7b, 0x6f7b, 0x6f7b, 0x6f7b, 0x6f7b, 0x6f7b, 0x6f7b, 0x6f7b, 0x6f7b, 0x6f7b, 0x6f7b, 0x6f7b, 0x6f7b, 0x6f7b, 0x6f7b, 0x6f7b,
    0x6f7b, 0x6f7b, 0x6f7b, 0x6f7b, 0x6f7b, 0x6f7b, 0x6f7b, 0x6f7b, 0x6f7b, 0x6f7b, 0x6f7b, 0x6f7b, 0x6f7b, 0x6f7b, 0x6f7b, 0x6f7b,
    0x6f7b, 0x6f7b, 0x6f7b, 0x6f7b, 0x6f7b, 0x6f7b, 0x6f7b, 0x6f7b, 0x6f7b, 0x6f7b, 0x6f7b, 0x6f7b, 0x6f7b, 0x6f7b, 0x6f7b, 0x6f7b,
    0x6f7b, 0x6f7b, 0x6f7b, 0x6f7b, 0x6f7b, 0x6f7b, 0x6f7b, 0x6f7b, 0x6f7b, 0x6f7b, 0x6f7b, 0x6739, 0x6739, 0x6739, 0x6739, 0x6739,
    0x6739, 0x6739, 0x6739, 0x6739, 0x6f7b, 0x6f7b, 0x6f7b, 0x6f7b, 0x6f7b, 0x6f7b, 0x6f7b, 0x6f7b, 0x6f7b, 0x6f7b, 0x6f7b, 0x6f7b,
    0x6f7b, 0x6f7b, 0x6f7b, 0x6f7b, 0x6f7b, 0x6f7b, 0x6f7b, 0x6f7b, 0x6f7b, 0x6f7b, 0x6f7b, 0x6f7b, 0x6f7b, 0x6f7b, 0x6f7b, 0x6f7b,
    0x6f7b, 0x6f7b, 0x6f7b, 0x6f7b, 0x6f7b, 0x6f7b, 0x6f7b, 0x6f7b, 0x6f7b, 0x6f7b, 0x6f7b, 0x6f7b, 0x6f7b, 0x6f7b, 0x6f7b, 0x6f7b,
    0x6f7b, 0x6f7b, 0x6f7b, 0x6f7b, 0x6f7b, 0x6f7b, 0x6f7b, 0x6f7b, 0x6f7b, 0x6f7b, 0x6f7b, 0x6f7b, 0x6f7b, 0x6f7b, 0x6f7b, 0x6f7b,
    0x6f7b, 0x6f7b, 0x6f7b, 0x6f7b, 0x6f7b, 0x6f7b, 0x6f7b, 0x6f7b, 0x6f7b, 0x6f7b, 0x6f7b, 0x6f7b, 0x6f7b, 0x6f7b, 0x6f7b, 0x6f7b,
    0x6f7b, 0x6f7b, 0x6f7b, 0x6f7b, 0x6f7b, 0x6f7b, 0x6f7b, 0x6f7b, 0x6f7b, 0x6f7b, 0x6f7b, 0x6f7b, 0x6f7b, 0x6f7b, 0x6f7b, 0x6f7b,
    0x6f7b, 0x6f7b, 0x6f7b, 0x6f7b, 0x6f7b, 0x6f7b, 0x6f7b, 0x6f7b, 0x6f7b, 0x6f7b, 0x6f7b, 0x6f7b, 0x6f7b, 0x6f7b, 0x6f7b, 0x6f7b,
    0x6f7b, 0x6f7b, 0x6f7b, 0x6f7b, 0x6f7b, 0x6f7b, 0x6f7b, 0x6f7b, 0x6f7b, 0x6f7b, 0x6f7b, 0x6f7b, 0x6f7b, 0x6f7b, 0x6f7b, 0x6f7b,
    0x6f7b, 0x6f7b, 0x6f7b, 0x6f7b, 0x6f7b, 0x6f7b, 0x6f7b, 0x6f7b, 0x6f7b, 0x6f7b, 0x6f7b, 0x6f7b, 0x6f7b, 0x6f7b, 0x6f7b, 0x6f7b,
    0x6f7b, 0x6f7b, 0x6f7b, 0x6f7b, 0x6f7b, 0x6f7b, 0x6f7b, 0x6f7b, 0x6f7b, 0x6f7b, 0x6f7b, 0x6f7b, 0x6f7b, 0x6f7b, 0x6f7b, 0x6f7b,
    0x6f7b, 0x6f7b, 0x6f7b, 0x6f7b, 0x6f7b, 0x4b8c, 0x6f7b, 0x6f7b, 0x6f7b, 0x6f7b, 0x6f7b, 0x6f7b, 0x6f7b, 0x6f7b, 0x6f7b, 0x6f7b,
    0x6f7b, 0x6f7b, 0x6f7b, 0x6f7b, 0x6f7b, 0x6f7b, 0x6f7b, 0x6f7b, 0x6f7b, 0x6f7b, 0x6f7b, 0x6f7b, 0x6f7b, 0x6f7b, 0x6f7b, 0x6f7b,
    0x6f7b, 0x6f7b, 0x6f7b, 0x6f7b, 0x6f7b, 0x6f7b, 0x6f7b, 0x6f7b, 0x6f7b, 0x6f7b, 0x6f7b, 0x6f7b, 0x6f7b, 0x6f7b, 0x6f7b, 0x6f7b,
    0x6f7b, 0x6f7b, 0x6f7b, 0x6f7b, 0x6f7b, 0x6f7b, 0x6f7b, 0x6f7b, 0x6f7b, 0x6f7b, 0x6f7b, 0x6f7b, 0x6f7b, 0x6f7b, 0x6f7b, 0x6f7b,
    0x6f7b, 0x6f7b, 0x6f7b, 0x6f7b, 0x6f7b, 0x6f7b, 0x6f7b, 0x6f7b, 0x6f7b, 0x6f7b, 0x6f7b, 0x6f7b, 0x6f7b, 0x6f7b, 0x6f7b, 0x6f7b,
    0x6f7b, 0x6f7b, 0x6f7b, 0x6f7b, 0x6f7b, 0x6f7b, 0x6f7b, 0x6f7b, 0x6f7b, 0x6f7b, 0x6f7b, 0x6f7b, 0x6f7b, 0x6f7b, 0x6f7b, 0x6f7b,
    0x6f7b, 0x6f7b, 0x6f7b, 0x6f7b, 0x6f7b, 0x6f7b, 0x6f7b, 0x6f7b, 0x6f7b, 0x6f7b, 0x6f7b, 0x6f7b, 0x6f7b, 0x6f7b, 0x6f7b, 0x6f7b,
    0x6f7b, 0x6f7b, 0x6f7b, 0x6f7b, 0x6f7b, 0x6f7b, 0x6f7b, 0x6f7b, 0x6f7b, 0x6f7b, 0x6f7b, 0x6f7b, 0x6f7b, 0x6f7b, 0x6f7b, 0x6f7b,
    0x6f7b, 0x6f7b, 0x6f7b, 0x6f7b, 0x6f7b, 0x4b8c, 0x6f7b, 0x6f7b, 0x6f7b, 0x6f7b, 0x6f7b, 0x6f7b, 0x6f7b, 0x6f7b, 0x6f7b, 0x6f7b,
    0x6f7b, 0x6f7b, 0x6f7b, 0x6f7b, 0x6f7b, 0x6f7b, 0x6f7b, 0x6f7b, 0x6f7b, 0x6f7b, 0x6f7b, 0x6f7b, 0x6f7b, 0x6f7b, 0x6f7b, 0x6f7b,
    0x6f7b, 0x6f7b, 0x6f7b, 0x6f7b, 0x6f7b, 0x6f7b, 0x6f7b, 0x6f7b, 0x6f7b, 0x6f7b, 0x6f7b, 0x6f7b, 0x6f7b, 0x6f7b, 0x6f7b, 0x6f7b,
    0x6f7b, 0x6f7b, 0x6f7b, 0x6f7b, 0x6f7b, 0x6f7b, 0x6f7b, 0x6f7b, 0x6f7b, 0x6f7b, 0x6f7b, 0x6f7b, 0x6f7b, 0x6f7b, 0x6f7b, 0x6f7b,
    0x6f7b, 0x6f7b, 0x6f7b, 0x6f7b, 0x6f7b, 0x6f7b, 0x6f7b, 0x6f7b, 0x6f7b, 0x6f7b, 0x6f7b, 0x6f7b, 0x6f7b, 0x6f7b, 0x6f7b, 0x6f7b,
    0x6f7b, 0x6f7b, 0x0001, 0x0001, 0x0001, 0x0001, 0x0001, 0x0001, 0x0001, 0x0001, 0x0001, 0x0001, 0x0001, 0x0001, 0x0001, 0x0001,
    0x0001, 0x0001, 0x0001, 0x0001, 0x6f7b, 0x6f7b, 0x6f7b, 0x6f7b, 0x6f7b, 0x6f7b, 0x6f7b, 0x6f7b, 0x6f7b, 0x6f7b, 0x6f7b, 0x6f7b,
    0x6f7b, 0x6f7b, 0x6f7b, 0x6f7b, 0x6f7b, 0x6f7b, 0x6f7b, 0x6f7b, 0x6f7b, 0x6f7b, 0x6f7b, 0x6f7b, 0x6f7b, 0x6f7b, 0x6f7b, 0x6f7b,
    0x6f7b, 0x6f7b, 0x6f7b, 0x6f7b, 0x6f7b, 0x6f7b, 0x6f7b, 0x6f7b, 0x6f7b, 0x6f7b, 0x6f7b, 0x6f7b, 0x6f7b, 0x6f7b, 0x6f7b, 0x6f7b,
    0x6f7b, 0x6f7b, 0x6f7b, 0x6f7b, 0x6f7b, 0x6f7b, 0x6f7b, 0x6f7b, 0x6f7b, 0x6f7b, 0x6f7b, 0x6f7b, 0x6f7b, 0x6f7b, 0x6f7b, 0x6f7b,
    0x6f7b, 0x6f7b, 0x6f7b, 0x6f7b, 0x6f7b, 0x6f7b, 0x6f7b, 0x6f7b, 0x6f7b, 0x6f7b, 0x6f7b, 0x6f7b, 0x6f7b, 0x6f7b, 0x6f7b, 0x6f7b,
    0x6f7b, 0x6f7b, 0x6f7b, 0x6f7b, 0x6f7b, 0x6f7b, 0x6f7b, 0x6f7b, 0x6f7b, 0x6f7b, 0x6f7b, 0x6f7b, 0x6f7b, 0x6f7b, 0x6f7b, 0x6f7b,
    0x6f7b, 0x6f7b, 0x6f7b, 0x6f7b, 0x6f7b, 0x6f7b, 0x6f7b, 0x6f7b, 0x6f7b, 0x6f7b, 0x6f7b, 0x6f7b, 0x6f7b, 0x6f7b, 0x6f7b, 0x6f7b,
    0x6f7b, 0x6f7b, 0x0001, 0x0001, 0x0001, 0x0001, 0x0001, 0x0001, 0x0001, 0x0001, 0x0001, 0x0001, 0x0001, 0x0001, 0x0001, 0x0001,
    0x0001, 0x0001, 0x0001, 0x0001, 0x6f7b, 0x6f7b, 0x6f7b, 0x6f7b, 0x6f7b, 0x6f7b, 0x6f7b, 0x6f7b, 0x6f7b, 0x6f7b, 0x6f7b, 0x6f7b,
    0x6f7b, 0x6f7b, 0x6f7b, 0x6f7b, 0x6f7b, 0x6f7b, 0x6f7b, 0x6f7b, 0x6f7b, 0x6f7b, 0x6f7b, 0x6f7b, 0x6f7b, 0x6f7b, 0x6f7b, 0x6f7b,
    0x6f7b, 0x6f7b, 0x6f7b, 0x6f7b, 0x6f7b, 0x6f7b, 0x6f7b, 0x6f7b, 0x6f7b, 0x6f7b, 0x6f7b, 0x6f7b, 0x6f7b, 0x5ad6, 0x5ad6, 0x5ad6,
    0x5ad6, 0x5ad6, 0x5ad6, 0x5ad6, 0x5ad6, 0x5ad6, 0x5ad6, 0x5ad6, 0x5ad6, 0x5ad6, 0x5ad6, 0x5ad6, 0x6f7b, 0x6f7b, 0x6f7b, 0x6f7b,
    0x6f7b, 0x6f7b, 0x6f7b, 0x6f7b, 0x6f7b, 0x5ad6, 0x5ad6, 0x5ad6, 0x5ad6, 0x5ad6, 0x5ad6, 0x5ad6, 0x5ad6, 0x5ad6, 0x5ad6, 0x5ad6,
    0x5ad6, 0x5ad6, 0x5ad6, 0x5ad6, 0x6f7b, 0x6f7b, 0x6f7b, 0x6f7b, 0x6f7b, 0x6f7b, 0x6f7b, 0x6f7b, 0x6f7b, 0x6f7b, 0x6f7b, 0x6f7b,
    0x6f7b, 0x6f7b, 0x6f7b, 0x6f7b, 0x6f7b, 0x6f7b, 0x6f7b, 0x6f7b, 0x6f7b, 0x6f7b, 0x6f7b, 0x6f7b, 0x6f7b, 0x6f7b, 0x6f7b, 0x6f7b,
    0x6f7b, 0x6f7b, 0x0001, 0x0001, 0x0001, 0x0001, 0x0001, 0x0001, 0x0001, 0x0001, 0x0001, 0x0001, 0x0001, 0x0001, 0x0001, 0x0001,
    0x0001, 0x0001, 0x0001, 0x0001, 0x6f7b, 0x6f7b, 0x6f7b, 0x6f7b, 0x6f7b, 0x6f7b, 0x6f7b, 0x6f7b, 0x6f7b, 0x6f7b, 0x6f7b, 0x6f7b,
    0x6f7b, 0x6f7b, 0x6f7b, 0x6f7b, 0x6f7b, 0x6f7b, 0x6f7b, 0x6f7b, 0x6f7b, 0x6f7b, 0x6f7b, 0x6f7b, 0x6f7b, 0x6f7b, 0x6f7b, 0x6f7b,
    0x6f7b, 0x6f7b, 0x6f7b, 0x6f7b, 0x6f7b, 0x6f7b, 0x6f7b, 0x6f7b, 0x6f7b, 0x6f7b, 0x6f7b, 0x6f7b, 0x6739, 0x6f7b, 0x6f7b, 0x6f7b,
    0x6f7b, 0x4210, 0x4210, 0x4210, 0x4210, 0x6f7b, 0x4210, 0x4210, 0x6f7b, 0x6f7b, 0x6f7b, 0x5ad6, 0x6739, 0x6f7b, 0x6f7b, 0x6f7b,
    0x6f7b, 0x6f7b, 0x6f7b, 0x6f7b, 0x6739, 0x5ad6, 0x6f7b, 0x6f7b, 0x6f7b, 0x4210, 0x4210, 0x4210, 0x4210, 0x4210, 0x4210, 0x4210,
    0x6f7b, 0x6f7b, 0x6f7b, 0x6f7b, 0x6739, 0x6f7b, 0x6f7b, 0x6f7b, 0x6f7b, 0x6f7b, 0x6f7b, 0x6f7b, 0x6f7b, 0x6f7b, 0x6f7b, 0x6f7b,
    0x6f7b, 0x6f7b, 0x6f7b, 0x6f7b, 0x6f7b, 0x6f7b, 0x6f7b, 0x6f7b, 0x6f7b, 0x6f7b, 0x6f7b, 0x6f7b, 0x6f7b, 0x6f7b, 0x6f7b, 0x6f7b,
    0x6f7b, 0x6f7b, 0x0001, 0x0001, 0x0001, 0x0001, 0x0001, 0x0001, 0x0001, 0x0001, 0x0001, 0x0001, 0x0001, 0x0001, 0x0001, 0x0001,
    0x0001, 0x0001, 0x0001, 0x0001, 0x6f7b, 0x6f7b, 0x6f7b, 0x6f7b, 0x6f7b, 0x6f7b, 0x6f7b, 0x6f7b, 0x6f7b, 0x6f7b, 0x6f7b, 0x6f7b,
    0x6f7b, 0x6f7b, 0x6f7b, 0x6f7b, 0x6f7b, 0x6f7b, 0x6f7b, 0x6f7b, 0x6f7b, 0x6f7b, 0x6f7b, 0x6f7b, 0x6f7b, 0x6f7b, 0x6f7b, 0x6f7b,
    0x6f7b, 0x6f7b, 0x6f7b, 0x6f7b, 0x6f7b, 0x6f7b, 0x6f7b, 0x6f7b, 0x6f7b, 0x6f7b, 0x6f7b, 0x6f7b, 0x6739, 0x6739, 0x6739, 0x6739,
    0x6739, 0x6739, 0x6739, 0x6739, 0x6739, 0x6739, 0x6739, 0x6739, 0x6739, 0x6739, 0x6739, 0x5ad6, 0x6f7b, 0x6f7b, 0x6f7b, 0x6f7b,
    0x6f7b, 0x6f7b, 0x6f7b, 0x6f7b, 0x6f7b, 0x5ad6, 0x6739, 0x6739, 0x6739, 0x6739, 0x6739, 0x6739, 0x6739, 0x6739, 0x6739, 0x6739,
    0x6739, 0x6739, 0x6739, 0x6739, 0x6739, 0x6f7b, 0x6f7b, 0x6f7b, 0x6f7b, 0x6f7b, 0x6f7b, 0x6f7b, 0x6f7b, 0x6f7b, 0x6f7b, 0x6f7b,
    0x6f7b, 0x6f7b, 0x6f7b, 0x6f7b, 0x6f7b, 0x6f7b, 0x6f7b, 0x6f7b, 0x6f7b, 0x6f7b, 0x6f7b, 0x6f7b, 0x6f7b, 0x6f7b, 0x6f7b, 0x6f7b,
    0x6f7b, 0x6f7b, 0x6f7b, 0x6f7b, 0x6f7b, 0x6f7b, 0x6f7b, 0x6f7b, 0x6f7b, 0x6f7b, 0x6f7b, 0x6f7b, 0x6f7b, 0x6f7b, 0x6f7b, 0x6f7b,
    0x6f7b, 0x6f7b, 0x6f7b, 0x6f7b, 0x6f7b, 0x6f7b, 0x6f7b, 0x6f7b, 0x6f7b, 0x6f7b, 0x6f7b, 0x6f7b, 0x6f7b, 0x6f7b, 0x6f7b, 0x6f7b,
    0x6f7b, 0x6f7b, 0x6f7b, 0x6f7b, 0x6f7b, 0x6f7b, 0x6f7b, 0x6f7b, 0x6f7b, 0x6f7b, 0x6f7b, 0x6f7b, 0x6f7b, 0x6f7b, 0x6f7b, 0x6f7b,
    0x6f7b, 0x6f7b, 0x6f7b, 0x6f7b, 0x6f7b, 0x6f7b, 0x6f7b, 0x6f7b, 0x6f7b, 0x6f7b, 0x6f7b, 0x6f7b, 0x6f7b, 0x4210, 0x4210, 0x4210,
    0x4210, 0x4210, 0x4210, 0x4210, 0x4210, 0x4210, 0x4210, 0x4210, 0x4210, 0x4210, 0x4210, 0x4210, 0x6f7b, 0x6f7b, 0x6f7b, 0x6f7b,
    0x6f7b, 0x6f7b, 0x6f7b, 0x6f7b, 0x6f7b, 0x4210, 0x4210, 0x4210, 0x4210, 0x4210, 0x4210, 0x4210, 0x4210, 0x4210, 0x4210, 0x4210,
    0x4210, 0x4210, 0x4210, 0x4210, 0x6f7b, 0x6f7b, 0x6f7b, 0x6f7b, 0x6f7b, 0x6f7b, 0x6f7b, 0x6f7b, 0x6f7b, 0x6f7b, 0x6f7b, 0x6f7b,
    0x6f7b, 0x6f7b, 0x6f7b, 0x6f7b, 0x6f7b, 0x6f7b, 0x6f7b, 0x6f7b, 0x6f7b, 0x6f7b, 0x6f7b, 0x6f7b, 0x6f7b, 0x6f7b, 0x6f7b, 0x6f7b,
    0x6f7b, 0x6f7b, 0x6f7b, 0x6f7b, 0x6f7b, 0x6f7b, 0x6f7b, 0x6f7b, 0x6f7b, 0x6f7b, 0x6f7b, 0x6f7b, 0x6f7b, 0x6f7b, 0x6f7b, 0x6f7b,
    0x6f7b, 0x6f7b, 0x6f7b, 0x6f7b, 0x6f7b, 0x6f7b, 0x6f7b, 0x6f7b, 0x6f7b, 0x6f7b, 0x6f7b, 0x6f7b, 0x6f7b, 0x6f7b, 0x6f7b, 0x6f7b,
    0x6f7b, 0x6f7b, 0x6f7b, 0x6f7b, 0x6f7b, 0x6f7b, 0x6f7b, 0x6f7b, 0x6f7b, 0x6f7b, 0x6f7b, 0x6f7b, 0x6f7b, 0x6f7b, 0x6f7b, 0x6f7b,
    0x6f7b, 0x6f7b, 0x6f7b, 0x6f7b, 0x6f7b, 0x6f7b, 0x6f7b, 0x6f7b, 0x6f7b, 0x6f7b, 0x6f7b, 0x6f7b, 0x6f7b, 0x4210, 0x6f7b, 0x6f7b,
    0x6f7b, 0x6f7b, 0x6f7b, 0x6f7b, 0x6f7b, 0x6f7b, 0x4210, 0x6f7b, 0x6f7b, 0x6f7b, 0x6f7b, 0x4210, 0x6f7b, 0x6f7b, 0x6f7b, 0x6f7b,
    0x6f7b, 0x6f7b, 0x6f7b, 0x6f7b, 0x6f7b, 0x4210, 0x6f7b, 0x6f7b, 0x6f7b, 0x6f7b, 0x4210, 0x6f7b, 0x6f7b, 0x6f7b, 0x6f7b, 0x6f7b,
    0x6f7b, 0x6f7b, 0x6f7b, 0x4210, 0x6f7b, 0x6f7b, 0x6f7b, 0x6f7b, 0x6f7b, 0x6f7b, 0x6f7b, 0x6f7b, 0x6f7b, 0x6f7b, 0x6f7b, 0x6f7b,
    0x6f7b, 0x6f7b, 0x6f7b, 0x6f7b, 0x6f7b, 0x6f7b, 0x6f7b, 0x6f7b, 0x6f7b, 0x6f7b, 0x6f7b, 0x6f7b, 0x6f7b, 0x6f7b, 0x6f7b, 0x6f7b,
    0x6f7b, 0x6f7b, 0x6f7b, 0x6f7b, 0x6f7b, 0x6f7b, 0x6f7b, 0x6f7b, 0x6f7b, 0x6f7b, 0x6f7b, 0x6f7b, 0x6f7b, 0x6f7b, 0x6f7b, 0x6f7b,
    0x6f7b, 0x6f7b, 0x6f7b, 0x6f7b, 0x6f7b, 0x6f7b, 0x6f7b, 0x6f7b, 0x6f7b, 0x6f7b, 0x6f7b, 0x6f7b, 0x6f7b, 0x6f7b, 0x6f7b, 0x6f7b,
    0x6f7b, 0x6f7b, 0x6f7b, 0x6f7b, 0x6f7b, 0x6f7b, 0x6f7b, 0x6f7b, 0x6f7b, 0x6f7b, 0x6f7b, 0x6f7b, 0x6f7b, 0x6f7b, 0x6f7b, 0x6f7b,
    0x6f7b, 0x6f7b, 0x6f7b, 0x6f7b, 0x6f7b, 0x6f7b, 0x6f7b, 0x6f7b, 0x6f7b, 0x6f7b, 0x6f7b, 0x6f7b, 0x6f7b, 0x4210, 0x4210, 0x4210,
    0x4210, 0x4210, 0x4210, 0x4210, 0x4210, 0x4210, 0x4210, 0x4210, 0x4210, 0x4210, 0x4210, 0x6f7b, 0x6f7b, 0x6f7b, 0x6f7b, 0x6f7b,
    0x6f7b, 0x6f7b, 0x6f7b, 0x6f7b, 0x6f7b, 0x6f7b, 0x4210, 0x4210, 0x4210, 0x4210, 0x4210, 0x4210, 0x4210, 0x4210, 0x4210, 0x4210,
    0x4210, 0x4210, 0x4210, 0x4210, 0x6f7b, 0x6f7b, 0x6f7b, 0x6f7b, 0x6f7b, 0x6f7b, 0x6f7b, 0x6f7b, 0x6f7b, 0x6f7b, 0x6f7b, 0x6f7b,
    0x6f7b, 0x6f7b, 0x6f7b, 0x6f7b, 0x6f7b, 0x6f7b, 0x6f7b, 0x6f7b, 0x6f7b, 0x6f7b, 0x6f7b, 0x6f7b, 0x6f7b, 0x6f7b, 0x6f7b, 0x6f7b,
    0x6f7b, 0x6739, 0x6739, 0x6739, 0x6739, 0x6f7b, 0x6f7b, 0x6f7b, 0x6f7b, 0x0001, 0x0001, 0x0001, 0x0001, 0x0001, 0x0001, 0x0001,
    0x0001, 0x0001, 0x0001, 0x0001, 0x6f7b, 0x6f7b, 0x6f7b, 0x6f7b, 0x6f7b, 0x6f7b, 0x6f7b, 0x6f7b, 0x6f7b, 0x6f7b, 0x6f7b, 0x6f7b,
    0x6f7b, 0x6f7b, 0x6f7b, 0x6f7b, 0x6f7b, 0x6f7b, 0x6f7b, 0x6f7b, 0x6f7b, 0x6f7b, 0x6f7b, 0x6f7b, 0x6f7b, 0x6f7b, 0x6f7b, 0x6f7b,
    0x6f7b, 0x6f7b, 0x6f7b, 0x6f7b, 0x6f7b, 0x6f7b, 0x6f7b, 0x6f7b, 0x6f7b, 0x6f7b, 0x6f7b, 0x6f7b, 0x6f7b, 0x6f7b, 0x6f7b, 0x6f7b,
    0x6f7b, 0x6f7b, 0x6f7b, 0x6f7b, 0x6f7b, 0x6f7b, 0x6f7b, 0x6f7b, 0x6f7b, 0x6f7b, 0x6f7b, 0x6f7b, 0x6f7b, 0x6f7b, 0x6f7b, 0x6f7b,
    0x6f7b, 0x6f7b, 0x6f7b, 0x6f7b, 0x6f7b, 0x6f7b, 0x6f7b, 0x6f7b, 0x6f7b, 0x6f7b, 0x6f7b, 0x6f7b, 0x6f7b, 0x6f7b, 0x6f7b, 0x6f7b,
    0x6f7b, 0x6f7b, 0x6f7b, 0x6f7b, 0x6f7b, 0x6f7b, 0x6f7b, 0x6f7b, 0x6f7b, 0x6f7b, 0x6f7b, 0x6f7b, 0x6f7b, 0x6f7b, 0x6f7b, 0x6f7b,
    0x6f7b, 0x6f7b, 0x6f7b, 0x6f7b, 0x6f7b, 0x6f7b, 0x6f7b, 0x6f7b, 0x6f7b, 0x6f7b, 0x6f7b, 0x6f7b, 0x6f7b, 0x6f7b, 0x6f7b, 0x6f7b,
    0x6739, 0x6739, 0x4210, 0x4210, 0x6739, 0x6739, 0x6f7b, 0x6f7b, 0x6f7b, 0x0001, 0x0001, 0x0001, 0x0001, 0x0001, 0x0001, 0x0001,
    0x0001, 0x0001, 0x0001, 0x0001, 0x6f7b, 0x6f7b, 0x6f7b, 0x6f7b, 0x6f7b, 0x6f7b, 0x6f7b, 0x6f7b, 0x6f7b, 0x6f7b, 0x6f7b, 0x6f7b,
    0x6f7b, 0x6f7b, 0x6f7b, 0x6f7b, 0x6f7b, 0x6f7b, 0x6f7b, 0x6f7b, 0x6f7b, 0x6f7b, 0x6f7b, 0x6f7b, 0x6f7b, 0x6f7b, 0x6f7b, 0x6f7b,
    0x6f7b, 0x6f7b, 0x6f7b, 0x6f7b, 0x6f7b, 0x6f7b, 0x6f7b, 0x6f7b, 0x6f7b, 0x6f7b, 0x6f7b, 0x6f7b, 0x6f7b, 0x6f7b, 0x6f7b, 0x6f7b,
    0x6f7b, 0x6f7b, 0x6f7b, 0x6f7b, 0x6f7b, 0x6f7b, 0x6f7b, 0x6f7b, 0x6f7b, 0x6f7b, 0x6f7b, 0x6f7b, 0x6f7b, 0x6f7b, 0x6f7b, 0x6f7b,
    0x6f7b, 0x6f7b, 0x6f7b, 0x6f7b, 0x6f7b, 0x6f7b, 0x6f7b, 0x6f7b, 0x6f7b, 0x6f7b, 0x6f7b, 0x6f7b, 0x6f7b, 0x6f7b, 0x6f7b, 0x6f7b,
    0x6f7b, 0x6f7b, 0x6f7b, 0x6f7b, 0x6f7b, 0x6f7b, 0x6f7b, 0x6f7b, 0x6f7b, 0x6f7b, 0x6f7b, 0x6f7b, 0x6f7b, 0x6f7b, 0x6f7b, 0x6f7b,
    0x6f7b, 0x6f7b, 0x6f7b, 0x6f7b, 0x6f7b, 0x6f7b, 0x6f7b, 0x6f7b, 0x6f7b, 0x6f7b, 0x6f7b, 0x6f7b, 0x6f7b, 0x6f7b, 0x6f7b, 0x6739,
    0x6739, 0x4210, 0x4210, 0x4210, 0x4210, 0x6739, 0x6739, 0x6f7b, 0x6f7b, 0x0001, 0x0001, 0x0001, 0x0001, 0x0001, 0x0001, 0x0001,
    0x0001, 0x0001, 0x0001, 0x0001, 0x6f7b, 0x6f7b, 0x6f7b, 0x6f7b, 0x6f7b, 0x6f7b, 0x6f7b, 0x6f7b, 0x6f7b, 0x6f7b, 0x6f7b, 0x6f7b,
    0x6f7b, 0x6f7b, 0x6f7b, 0x6f7b, 0x6f7b, 0x6f7b, 0x6f7b, 0x6f7b, 0x6f7b, 0x6f7b, 0x6f7b, 0x6f7b, 0x6f7b, 0x6f7b, 0x6f7b, 0x6f7b,
    0x6f7b, 0x6f7b, 0x6f7b, 0x6f7b, 0x6f7b, 0x6f7b, 0x6f7b, 0x6f7b, 0x6f7b, 0x6f7b, 0x6f7b, 0x6f7b, 0x6f7b, 0x6f7b, 0x6f7b, 0x6f7b,
    0x6f7b, 0x6318, 0x6318, 0x6318, 0x6318, 0x6318, 0x6318, 0x6318, 0x6318, 0x6318, 0x6318, 0x6318, 0x6318, 0x6318, 0x6318, 0x6318,
    0x6318, 0x6318, 0x6318, 0x6318, 0x6318, 0x6318, 0x6318, 0x6318, 0x6318, 0x6318, 0x6318, 0x6318, 0x6318, 0x6318, 0x6318, 0x6318,
    0x6f7b, 0x6f7b, 0x6f7b, 0x6f7b, 0x6f7b, 0x6f7b, 0x6f7b, 0x6f7b, 0x6f7b, 0x6f7b, 0x6f7b, 0x6f7b, 0x6f7b, 0x6f7b, 0x6f7b, 0x6f7b,
    0x6f7b, 0x6f7b, 0x6f7b, 0x6f7b, 0x6f7b, 0x6f7b, 0x6f7b, 0x6f7b, 0x6f7b, 0x6f7b, 0x6f7b, 0x6f7b, 0x6f7b, 0x6f7b, 0x6f7b, 0x6739,
    0x4210, 0x4210, 0x4210, 0x4210, 0x4210, 0x4210, 0x6739, 0x6f7b, 0x6f7b, 0x0001, 0x0001, 0x0001, 0x0001, 0x0001, 0x0001, 0x0001,
    0x0001, 0x0001, 0x0001, 0x0001, 0x6f7b, 0x6f7b, 0x6f7b, 0x6f7b, 0x6f7b, 0x6f7b, 0x6f7b, 0x6f7b, 0x6f7b, 0x6f7b, 0x6f7b, 0x6f7b,
    0x6f7b, 0x6f7b, 0x6f7b, 0x6f7b, 0x6f7b, 0x6f7b, 0x6f7b, 0x6f7b, 0x6f7b, 0x6f7b, 0x6f7b, 0x6f7b, 0x6f7b, 0x6f7b, 0x6f7b, 0x6f7b,
    0x6f7b, 0x6f7b, 0x6f7b, 0x6f7b, 0x6f7b, 0x6f7b, 0x6f7b, 0x6f7b, 0x6f7b, 0x6f7b, 0x6f7b, 0x6f7b, 0x6f7b, 0x6f7b, 0x6f7b, 0x6f7b,
    0x6f7b, 0x6f7b, 0x6f7b, 0x6f7b, 0x6f7b, 0x6f7b, 0x6f7b, 0x6f7b, 0x6f7b, 0x6f7b, 0x6f7b, 0x6f7b, 0x6f7b, 0x6f7b, 0x6f7b, 0x6f7b,
    0x6f7b, 0x6f7b, 0x6f7b, 0x6f7b, 0x6f7b, 0x6f7b, 0x6f7b, 0x6f7b, 0x6f7b, 0x6f7b, 0x6f7b, 0x6f7b, 0x6f7b, 0x6f7b, 0x6f7b, 0x6f7b,
    0x6f7b, 0x6f7b, 0x6f7b, 0x6f7b, 0x6f7b, 0x6f7b, 0x6f7b, 0x6f7b, 0x6f7b, 0x6f7b, 0x6f7b, 0x6f7b, 0x6f7b, 0x6f7b, 0x6f7b, 0x6f7b,
    0x6f7b, 0x6f7b, 0x6f7b, 0x6f7b, 0x6f7b, 0x6f7b, 0x6f7b, 0x6f7b, 0x6f7b, 0x6f7b, 0x6f7b, 0x6f7b, 0x6f7b, 0x6f7b, 0x6739, 0x6739,
    0x4210, 0x4210, 0x4210, 0x4210, 0x4210, 0x4210, 0x6739, 0x6739, 0x6f7b, 0x6f7b, 0x6f7b, 0x6f7b, 0x6f7b, 0x6f7b, 0x6f7b, 0x6f7b,
    0x6f7b, 0x6f7b, 0x6f7b, 0x6f7b, 0x6f7b, 0x6f7b, 0x6f7b, 0x6f7b, 0x6f7b, 0x6f7b, 0x6f7b, 0x6f7b, 0x6f7b, 0x6f7b, 0x6f7b, 0x6f7b,
    0x6f7b, 0x6f7b, 0x6f7b, 0x6f7b, 0x6f7b, 0x6f7b, 0x6f7b, 0x6f7b, 0x6f7b, 0x6f7b, 0x6f7b, 0x6f7b, 0x6f7b, 0x6f7b, 0x6f7b, 0x6f7b,
    0x6f7b, 0x6f7b, 0x6f7b, 0x6f7b, 0x6f7b, 0x6f7b, 0x6f7b, 0x6f7b, 0x6f7b, 0x6f7b, 0x6f7b, 0x6f7b, 0x6f7b, 0x6f7b, 0x6f7b, 0x6f7b,
    0x6f7b, 0x6f7b, 0x6f7b, 0x6f7b, 0x6f7b, 0x6f7b, 0x6f7b, 0x6f7b, 0x6f7b, 0x6f7b, 0x6f7b, 0x6f7b, 0x6f7b, 0x6f7b, 0x6f7b, 0x6f7b,
    0x6f7b, 0x6f7b, 0x6f7b, 0x6f7b, 0x6f7b, 0x6f7b, 0x6f7b, 0x6f7b, 0x6f7b, 0x6f7b, 0x6f7b, 0x6f7b, 0x6f7b, 0x6f7b, 0x6f7b, 0x6f7b,
    0x6f7b, 0x6f7b, 0x6f7b, 0x6f7b, 0x6f7b, 0x6f7b, 0x6f7b, 0x6f7b, 0x6f7b, 0x6f7b, 0x6f7b, 0x6f7b, 0x6f7b, 0x6f7b, 0x6f7b, 0x6f7b,
    0x6f7b, 0x6f7b, 0x6f7b, 0x6f7b, 0x6f7b, 0x6f7b, 0x6f7b, 0x6f7b, 0x6f7b, 0x6f7b, 0x6f7b, 0x6f7b, 0x6f7b, 0x6f7b, 0x6f7b, 0x6739,
    0x4210, 0x4210, 0x4210, 0x4210, 0x4210, 0x4210, 0x6739, 0x6f7b, 0x6f7b, 0x6f7b, 0x6f7b, 0x6f7b, 0x6f7b, 0x6f7b, 0x6f7b, 0x6f7b,
    0x6f7b, 0x6f7b, 0x6f7b, 0x6f7b, 0x6f7b, 0x6f7b, 0x6f7b, 0x6f7b, 0x6f7b, 0x6f7b, 0x6f7b, 0x6f7b, 0x6f7b, 0x6f7b, 0x6f7b, 0x6f7b,
    0x6f7b, 0x6f7b, 0x6f7b, 0x6739, 0x6739, 0x6739, 0x6739, 0x6f7b, 0x6f7b, 0x6f7b, 0x6f7b, 0x6f7b, 0x6f7b, 0x6f7b, 0x6f7b, 0x6f7b,
    0x5ad6, 0x5ad6, 0x5ad6, 0x5ad6, 0x5ad6, 0x5ad6, 0x5ad6, 0x5ad6, 0x5ad6, 0x5ad6, 0x5ad6, 0x5ad6, 0x5ad6, 0x5ad6, 0x5ad6, 0x5ad6,
    0x5ad6, 0x5ad6, 0x5ad6, 0x5ad6, 0x5ad6, 0x5ad6, 0x5ad6, 0x5ad6, 0x5ad6, 0x5ad6, 0x5ad6, 0x5ad6, 0x5ad6, 0x5ad6, 0x5ad6, 0x5ad6,
    0x5ad6, 0x5ad6, 0x5ad6, 0x5ad6, 0x5ad6, 0x5ad6, 0x5ad6, 0x5ad6, 0x5ad6, 0x5ad6, 0x5ad6, 0x5ad6, 0x5ad6, 0x5ad6, 0x5ad6, 0x5ad6,
    0x5ad6, 0x5ad6, 0x5ad6, 0x5ad6, 0x5ad6, 0x5ad6, 0x5ad6, 0x5ad6, 0x5ad6, 0x5ad6, 0x5ad6, 0x5ad6, 0x5ad6, 0x5ad6, 0x5ad6, 0x5ad6,
    0x5ad6, 0x5ad6, 0x5ad6, 0x5ad6, 0x5ad6, 0x5ad6, 0x5ad6, 0x5ad6, 0x5ad6, 0x6f7b, 0x6f7b, 0x6f7b, 0x6f7b, 0x6f7b, 0x6f7b, 0x6739,
    0x6739, 0x4210, 0x4210, 0x4210, 0x4210, 0x6739, 0x6739, 0x6f7b, 0x6f7b, 0x6f7b, 0x6f7b, 0x6f7b, 0x6f7b, 0x6f7b, 0x6f7b, 0x6f7b,
    0x6f7b, 0x6f7b, 0x6f7b, 0x6f7b, 0x6f7b, 0x6f7b, 0x6f7b, 0x6f7b, 0x6f7b, 0x6f7b, 0x6f7b, 0x6f7b, 0x6f7b, 0x6f7b, 0x6f7b, 0x6f7b,
    0x6f7b, 0x6f7b, 0x6739, 0x6739, 0x4210, 0x4210, 0x6739, 0x6739, 0x6f7b, 0x6f7b, 0x6f7b, 0x6f7b, 0x6f7b, 0x6f7b, 0x6f7b, 0x6f7b,
    0x6f7b, 0x6f7b, 0x6f7b, 0x6f7b, 0x6f7b, 0x6f7b, 0x6f7b, 0x6f7b, 0x6f7b, 0x6f7b, 0x6f7b, 0x6f7b, 0x6f7b, 0x6f7b, 0x6f7b, 0x6f7b,
    0x6f7b, 0x6f7b, 0x6f7b, 0x6f7b, 0x6f7b, 0x6f7b, 0x6f7b, 0x5ad6, 0x0001, 0x0001, 0x0001, 0x0001, 0x0001, 0x5ad6, 0x6f7b, 0x6f7b,
    0x6f7b, 0x6f7b, 0x6f7b, 0x6f7b, 0x6f7b, 0x6f7b, 0x6f7b, 0x6f7b, 0x07df, 0x0001, 0x5ad6, 0x6f7b, 0x6f7b, 0x6f7b, 0x6f7b, 0x6f7b,
    0x6f7b, 0x6f7b, 0x6f7b, 0x6f7b, 0x6f7b, 0x6f7b, 0x6f7b, 0x6f7b, 0x6f7b, 0x6f7b, 0x6f7b, 0x6f7b, 0x6f7b, 0x6f7b, 0x6f7b, 0x6f7b,
    0x6f7b, 0x6f7b, 0x6f7b, 0x6f7b, 0x6f7b, 0x6f7b, 0x6f7b, 0x6f7b, 0x6f7b, 0x6f7b, 0x6f7b, 0x6f7b, 0x6f7b, 0x6f7b, 0x6f7b, 0x6f7b,
    0x6739, 0x6739, 0x4210, 0x4210, 0x6739, 0x6739, 0x6f7b, 0x6f7b, 0x6f7b, 0x6f7b, 0x6f7b, 0x6f7b, 0x6f7b, 0x6f7b, 0x6f7b, 0x6f7b,
    0x6f7b, 0x6f7b, 0x6f7b, 0x6f7b, 0x6f7b, 0x6f7b, 0x6f7b, 0x6f7b, 0x6f7b, 0x6f7b, 0x6f7b, 0x6f7b, 0x6f7b, 0x6f7b, 0x6f7b, 0x6f7b,
    0x6f7b, 0x6739, 0x6739, 0x4210, 0x4210, 0x4210, 0x4210, 0x6739, 0x6739, 0x6f7b, 0x6f7b, 0x6f7b, 0x6f7b, 0x6f7b, 0x6f7b, 0x6f7b,
    0x6f7b, 0x6f7b, 0x6f7b, 0x6f7b, 0x6f7b, 0x6f7b, 0x6f7b, 0x6f7b, 0x6f7b, 0x6f7b, 0x6f7b, 0x6f7b, 0x6f7b, 0x6f7b, 0x6f7b, 0x6f7b,
    0x6f7b, 0x6f7b, 0x6f7b, 0x6f7b, 0x6f7b, 0x6f7b, 0x6f7b, 0x5ad6, 0x6739, 0x6739, 0x6739, 0x6739, 0x6739, 0x5ad6, 0x6f7b, 0x6f7b,
    0x6f7b, 0x6f7b, 0x6f7b, 0x6f7b, 0x6f7b, 0x6f7b, 0x6f7b, 0x6f7b, 0x5ad6, 0x07df, 0x5ad6, 0x6f7b, 0x6f7b, 0x6f7b, 0x6f7b, 0x6f7b,
    0x6f7b, 0x6f7b, 0x6f7b, 0x6f7b, 0x6f7b, 0x6f7b, 0x6f7b, 0x6f7b, 0x6f7b, 0x6f7b, 0x6f7b, 0x6f7b, 0x6f7b, 0x6f7b, 0x6f7b, 0x6f7b,
    0x6f7b, 0x6f7b, 0x6f7b, 0x6f7b, 0x6f7b, 0x6f7b, 0x6f7b, 0x6f7b, 0x6f7b, 0x6f7b, 0x6f7b, 0x6f7b, 0x6f7b, 0x6f7b, 0x6f7b, 0x6f7b,
    0x6f7b, 0x6739, 0x6739, 0x6739, 0x6739, 0x6f7b, 0x6f7b, 0x6f7b, 0x6f7b, 0x6f7b, 0x6f7b, 0x6f7b, 0x6f7b, 0x6f7b, 0x6f7b, 0x6f7b,
    0x6f7b, 0x6f7b, 0x6f7b, 0x6f7b, 0x6f7b, 0x6f7b, 0x6f7b, 0x6f7b, 0x6f7b, 0x6f7b, 0x6f7b, 0x6f7b, 0x6f7b, 0x6f7b, 0x6f7b, 0x6f7b,
    0x6f7b, 0x6739, 0x4210, 0x4210, 0x4210, 0x4210, 0x4210, 0x4210, 0x6739, 0x6f7b, 0x6f7b, 0x6f7b, 0x6f7b, 0x6f7b, 0x6f7b, 0x6f7b,
    0x6f7b, 0x6f7b, 0x6f7b, 0x6f7b, 0x6f7b, 0x6f7b, 0x6f7b, 0x6f7b, 0x6f7b, 0x6f7b, 0x6f7b, 0x6f7b, 0x6f7b, 0x6f7b, 0x6f7b, 0x6f7b,
    0x6f7b, 0x6f7b, 0x6f7b, 0x6f7b, 0x6f7b, 0x6f7b, 0x6f7b, 0x6f7b, 0x6f7b, 0x6f7b, 0x6f7b, 0x6f7b, 0x6f7b, 0x6f7b, 0x6f7b, 0x6f7b,
    0x6f7b, 0x6f7b, 0x6f7b, 0x6f7b, 0x6f7b, 0x6f7b, 0x6f7b, 0x6f7b, 0x6f7b, 0x6f7b, 0x6f7b, 0x6f7b, 0x6f7b, 0x6f7b, 0x6f7b, 0x6f7b,
    0x6f7b, 0x6f7b, 0x6f7b, 0x6f7b, 0x6f7b, 0x6f7b, 0x6f7b, 0x6f7b, 0x6f7b, 0x6f7b, 0x6f7b, 0x6f7b, 0x6f7b, 0x6f7b, 0x6f7b, 0x6f7b,
    0x6f7b, 0x6f7b, 0x6f7b, 0x6f7b, 0x6f7b, 0x6f7b, 0x6f7b, 0x6f7b, 0x6f7b, 0x6f7b, 0x6f7b, 0x6f7b, 0x6f7b, 0x6f7b, 0x6f7b, 0x6f7b,
    0x6f7b, 0x6f7b, 0x6f7b, 0x6f7b, 0x6f7b, 0x6f7b, 0x6f7b, 0x6f7b, 0x6f7b, 0x6f7b, 0x6f7b, 0x6f7b, 0x6f7b, 0x6f7b, 0x6f7b, 0x6f7b,
    0x6f7b, 0x6f7b, 0x6f7b, 0x6f7b, 0x6f7b, 0x6f7b, 0x6f7b, 0x6f7b, 0x6f7b, 0x6f7b, 0x6f7b, 0x6f7b, 0x6f7b, 0x6f7b, 0x6f7b, 0x6f7b,
    0x6739, 0x6739, 0x4210, 0x4210, 0x4210, 0x4210, 0x4210, 0x4210, 0x6739, 0x6739, 0x6f7b, 0x6f7b, 0x6f7b, 0x6f7b, 0x6f7b, 0x6f7b,
    0x6f7b, 0x6f7b, 0x6f7b, 0x6f7b, 0x6f7b, 0x6f7b, 0x6f7b, 0x6f7b, 0x6f7b, 0x6f7b, 0x6f7b, 0x6f7b, 0x6f7b, 0x6f7b, 0x6f7b, 0x6f7b,
    0x6f7b, 0x6f7b, 0x6f7b, 0x6f7b, 0x6f7b, 0x6f7b, 0x6f7b, 0x6f7b, 0x6f7b, 0x6f7b, 0x6f7b, 0x6f7b, 0x6f7b, 0x6f7b, 0x6f7b, 0x6f7b,
    0x6f7b, 0x6f7b, 0x6f7b, 0x6f7b, 0x6f7b, 0x6f7b, 0x6f7b, 0x6f7b, 0x6f7b, 0x6f7b, 0x6f7b, 0x6f7b, 0x6f7b, 0x6f7b, 0x6f7b, 0x6f7b,
    0x6f7b, 0x6f7b, 0x6f7b, 0x6f7b, 0x6f7b, 0x6f7b, 0x6f7b, 0x6f7b, 0x6f7b, 0x6f7b, 0x6f7b, 0x6f7b, 0x6f7b, 0x6f7b, 0x6f7b, 0x6f7b,
    0x6f7b, 0x6f7b, 0x6f7b, 0x6f7b, 0x6f7b, 0x6f7b, 0x6f7b, 0x6f7b, 0x6f7b, 0x6f7b, 0x6f7b, 0x6f7b, 0x6f7b, 0x6f7b, 0x6f7b, 0x6f7b,
    0x6f7b, 0x6f7b, 0x6f7b, 0x6f7b, 0x6f7b, 0x6f7b, 0x6f7b, 0x6f7b, 0x6f7b, 0x6f7b, 0x6f7b, 0x6f7b, 0x6f7b, 0x6f7b, 0x6f7b, 0x6f7b,
    0x6f7b, 0x6f7b, 0x6f7b, 0x6f7b, 0x6f7b, 0x6f7b, 0x6f7b, 0x6f7b, 0x6f7b, 0x6f7b, 0x6f7b, 0x6f7b, 0x6f7b, 0x6f7b, 0x6f7b, 0x6f7b,
    0x6f7b, 0x6739, 0x4210, 0x4210, 0x4210, 0x4210, 0x4210, 0x4210, 0x6739, 0x6f7b, 0x6f7b, 0x6f7b, 0x6f7b, 0x6f7b, 0x6f7b, 0x6f7b,
    0x6f7b, 0x6f7b, 0x6f7b, 0x6f7b, 0x6f7b, 0x6f7b, 0x6f7b, 0x6f7b, 0x6f7b, 0x6f7b, 0x6f7b, 0x6f7b, 0x6f7b, 0x6f7b, 0x6f7b, 0x6f7b,
    0x6f7b, 0x6f7b, 0x6f7b, 0x6f7b, 0x6f7b, 0x6f7b, 0x6f7b, 0x6f7b, 0x6f7b, 0x6f7b, 0x6f7b, 0x6f7b, 0x6f7b, 0x6f7b, 0x6f7b, 0x6f7b,
    0x6f7b, 0x6f7b, 0x6f7b, 0x6f7b, 0x6f7b, 0x6f7b, 0x6f7b, 0x6f7b, 0x6f7b, 0x6f7b, 0x6f7b, 0x6f7b, 0x6f7b, 0x6f7b, 0x6f7b, 0x6f7b,
    0x6f7b, 0x6f7b, 0x6f7b, 0x6f7b, 0x6f7b, 0x6f7b, 0x6f7b, 0x6f7b, 0x6f7b, 0x6f7b, 0x6f7b, 0x6f7b, 0x6f7b, 0x6f7b, 0x6f7b, 0x6f7b,
    0x6f7b, 0x6f7b, 0x6f7b, 0x6f7b, 0x6f7b, 0x6f7b, 0x6f7b, 0x6f7b, 0x6f7b, 0x6f7b, 0x6f7b, 0x6f7b, 0x6f7b, 0x6f7b, 0x6f7b, 0x6f7b,
    0x6f7b, 0x6f7b, 0x6f7b, 0x6f7b, 0x6f7b, 0x6f7b, 0x6f7b, 0x6f7b, 0x6f7b, 0x6f7b, 0x6f7b, 0x6f7b, 0x6f7b, 0x6f7b, 0x6f7b, 0x6f7b,
    0x6f7b, 0x6f7b, 0x6f7b, 0x6f7b, 0x6f7b, 0x6f7b, 0x6f7b, 0x6f7b, 0x6f7b, 0x6f7b, 0x6f7b, 0x6f7b, 0x6f7b, 0x6f7b, 0x6f7b, 0x6f7b,
    0x6f7b, 0x6739, 0x6739, 0x4210, 0x4210, 0x4210, 0x4210, 0x6739, 0x6739, 0x6f7b, 0x6f7b, 0x6f7b, 0x6f7b, 0x6f7b, 0x6f7b, 0x6f7b,
    0x6f7b, 0x6f7b, 0x6f7b, 0x6f7b, 0x6f7b, 0x6f7b, 0x6f7b, 0x6f7b, 0x6f7b, 0x6f7b, 0x6f7b, 0x6f7b, 0x6f7b, 0x6f7b, 0x6f7b, 0x6f7b,
    0x6f7b, 0x6f7b, 0x6f7b, 0x6f7b, 0x6f7b, 0x6f7b, 0x6f7b, 0x6f7b, 0x6f7b, 0x6f7b, 0x6f7b, 0x6f7b, 0x6f7b, 0x6f7b, 0x6f7b, 0x6f7b,
    0x6f7b, 0x6f7b, 0x6f7b, 0x6f7b, 0x6f7b, 0x6f7b, 0x6f7b, 0x6f7b, 0x6f7b, 0x6f7b, 0x6f7b, 0x6f7b, 0x6f7b, 0x6f7b, 0x6f7b, 0x6f7b,
    0x6f7b, 0x6f7b, 0x6f7b, 0x6f7b, 0x6f7b, 0x6f7b, 0x6f7b, 0x6f7b, 0x6f7b, 0x6f7b, 0x6f7b, 0x6f7b, 0x6f7b, 0x6f7b, 0x6f7b, 0x6f7b,
    0x6f7b, 0x6f7b, 0x6f7b, 0x6f7b, 0x6f7b, 0x6f7b, 0x6f7b, 0x6f7b, 0x6f7b, 0x6f7b, 0x6f7b, 0x6f7b, 0x6f7b, 0x6f7b, 0x6f7b, 0x6f7b,
    0x6f7b, 0x6f7b, 0x6f7b, 0x6f7b, 0x6f7b, 0x6f7b, 0x6f7b, 0x6f7b, 0x6f7b, 0x6f7b, 0x6f7b, 0x6f7b, 0x6f7b, 0x6f7b, 0x6f7b, 0x6f7b,
    0x6f7b, 0x6f7b, 0x6f7b, 0x6f7b, 0x6f7b, 0x6f7b, 0x6f7b, 0x6f7b, 0x6f7b, 0x6f7b, 0x6f7b, 0x6f7b, 0x6f7b, 0x6f7b, 0x6f7b, 0x6f7b,
    0x6f7b, 0x6f7b, 0x6739, 0x6739, 0x4210, 0x4210, 0x6739, 0x6739, 0x6f7b, 0x6f7b, 0x6f7b, 0x6f7b, 0x6f7b, 0x6f7b, 0x6f7b, 0x6f7b,
    0x6f7b, 0x6f7b, 0x6f7b, 0x6f7b, 0x6f7b, 0x6f7b, 0x6f7b, 0x6f7b, 0x6f7b, 0x6f7b, 0x6f7b, 0x6f7b, 0x6f7b, 0x6f7b, 0x6f7b, 0x6f7b,
    0x6f7b, 0x6f7b, 0x6f7b, 0x6f7b, 0x6f7b, 0x6f7b, 0x6f7b, 0x6f7b, 0x6f7b, 0x6f7b, 0x6f7b, 0x6f7b, 0x6f7b, 0x6f7b, 0x6f7b, 0x6f7b,
    0x6f7b, 0x6f7b, 0x6f7b, 0x6f7b, 0x6f7b, 0x6f7b, 0x6f7b, 0x6f7b, 0x6f7b, 0x6f7b, 0x6f7b, 0x6f7b, 0x6f7b, 0x6f7b, 0x6f7b, 0x6f7b,
    0x6f7b, 0x6f7b, 0x6f7b, 0x6f7b, 0x6f7b, 0x6f7b, 0x6f7b, 0x6f7b, 0x6f7b, 0x6f7b, 0x6f7b, 0x6f7b, 0x6f7b, 0x6f7b, 0x6f7b, 0x6f7b,
    0x6f7b, 0x6f7b, 0x6f7b, 0x6f7b, 0x6f7b, 0x6f7b, 0x6f7b, 0x6f7b, 0x6f7b, 0x6f7b, 0x6f7b, 0x6f7b, 0x6f7b, 0x6f7b, 0x6f7b, 0x6f7b,
    0x6f7b, 0x6f7b, 0x6f7b, 0x6f7b, 0x6f7b, 0x6f7b, 0x6f7b, 0x6f7b, 0x6f7b, 0x6f7b, 0x6f7b, 0x6f7b, 0x6f7b, 0x6f7b, 0x6f7b, 0x6f7b,
    0x6f7b, 0x6f7b, 0x6f7b, 0x6f7b, 0x6f7b, 0x6f7b, 0x6f7b, 0x6f7b, 0x6f7b, 0x6f7b, 0x6f7b, 0x6f7b, 0x6f7b, 0x6f7b, 0x6f7b, 0x6f7b,
    0x6f7b, 0x6f7b, 0x6f7b, 0x6739, 0x6739, 0x6739, 0x6739, 0x6f7b, 0x6f7b, 0x6f7b, 0x6f7b, 0x6f7b, 0x6f7b, 0x6f7b, 0x6f7b, 0x6f7b,
    0x6f7b, 0x6f7b, 0x6f7b, 0x6f7b, 0x6f7b, 0x6f7b, 0x6f7b, 0x6f7b, 0x6f7b, 0x6f7b, 0x6f7b, 0x6f7b, 0x6f7b, 0x6f7b, 0x6f7b, 0x6f7b,
    0x6f7b, 0x6f7b, 0x6f7b, 0x6f7b, 0x6f7b, 0x6f7b, 0x6f7b, 0x6f7b, 0x6f7b, 0x6f7b, 0x6f7b, 0x6f7b, 0x6f7b, 0x6f7b, 0x6f7b, 0x6f7b,
    0x6f7b, 0x6f7b, 0x6f7b, 0x6f7b, 0x6f7b, 0x6f7b, 0x6f7b, 0x6f7b, 0x6f7b, 0x6f7b, 0x6f7b, 0x6f7b, 0x6f7b, 0x6f7b, 0x6f7b, 0x6f7b,
    0x6f7b, 0x6f7b, 0x6f7b, 0x6f7b, 0x6f7b, 0x6f7b, 0x6f7b, 0x6f7b, 0x6f7b, 0x6f7b, 0x6f7b, 0x6f7b, 0x6f7b, 0x6f7b, 0x6f7b, 0x6f7b,
    0x6f7b, 0x6f7b, 0x6f7b, 0x6f7b, 0x6f7b, 0x6f7b, 0x6f7b, 0x6f7b, 0x6f7b, 0x6f7b, 0x6f7b, 0x6f7b, 0x6f7b, 0x6f7b, 0x6f7b, 0x6f7b,
    0x6f7b, 0x6f7b, 0x6f7b, 0x6f7b, 0x6f7b, 0x6f7b, 0x6f7b, 0x6f7b, 0x6f7b, 0x6f7b, 0x6f7b, 0x6f7b, 0x6f7b, 0x6f7b, 0x6f7b, 0x6f7b,
    0x6f7b, 0x6f7b, 0x6f7b, 0x6f7b, 0x6f7b, 0x6f7b, 0x6f7b, 0x6f7b, 0x6f7b, 0x6f7b, 0x6f7b, 0x6f7b, 0x6f7b, 0x6f7b, 0x6f7b, 0x6f7b,
    0x6f7b, 0x6f7b, 0x6f7b, 0x6f7b, 0x6f7b, 0x6f7b, 0x6f7b, 0x6f7b, 0x6f7b, 0x6f7b, 0x6f7b, 0x6f7b, 0x6f7b, 0x6f7b, 0x6f7b, 0x6f7b,
    0x6f7b, 0x6f7b, 0x6f7b, 0x6f7b, 0x6f7b, 0x6f7b, 0x6f7b, 0x6f7b, 0x6f7b, 0x6f7b, 0x6f7b, 0x6f7b, 0x6f7b, 0x6f7b, 0x6f7b, 0x6f7b,
    0x6f7b, 0x6f7b, 0x6f7b, 0x6f7b, 0x6f7b, 0x6f7b, 0x6f7b, 0x6f7b, 0x6f7b, 0x6f7b, 0x6f7b, 0x6f7b, 0x6f7b, 0x6f7b, 0x6f7b, 0x6f7b,
    0x6f7b, 0x6f7b, 0x6f7b, 0x6f7b, 0x6f7b, 0x6f7b, 0x6f7b, 0x6f7b, 0x6f7b, 0x6f7b, 0x6f7b, 0x6f7b, 0x6f7b, 0x6f7b, 0x6f7b, 0x6f7b,
    0x6f7b, 0x6f7b, 0x6f7b, 0x6f7b, 0x6f7b, 0x6f7b, 0x6f7b, 0x6f7b, 0x6f7b, 0x6f7b, 0x6f7b, 0x6f7b, 0x6f7b, 0x6f7b, 0x6f7b, 0x6f7b,
    0x6f7b, 0x6f7b, 0x6f7b, 0x6f7b, 0x6f7b, 0x6f7b, 0x6f7b, 0x6f7b, 0x6f7b, 0x6f7b, 0x6f7b, 0x6f7b, 0x6f7b, 0x6f7b, 0x6f7b, 0x6f7b,
    0x6f7b, 0x6f7b, 0x6f7b, 0x6f7b, 0x6f7b, 0x6f7b, 0x6f7b, 0x6f7b, 0x6f7b, 0x6f7b, 0x6f7b, 0x6f7b, 0x6f7b, 0x6f7b, 0x6f7b, 0x6f7b,
    0x6f7b, 0x6f7b, 0x6f7b, 0x6f7b, 0x6f7b, 0x6f7b, 0x6f7b, 0x6f7b, 0x6f7b, 0x6f7b, 0x6f7b, 0x6f7b, 0x6f7b, 0x6f7b, 0x6f7b, 0x6f7b,
    0x6f7b, 0x6f7b, 0x6f7b, 0x6f7b, 0x6f7b, 0x6f7b, 0x6f7b, 0x6f7b, 0x6f7b, 0x6f7b, 0x6f7b, 0x6f7b, 0x6f7b, 0x6f7b, 0x6f7b, 0x6f7b,
    0x6f7b, 0x6f7b, 0x6f7b, 0x6f7b, 0x6f7b, 0x6f7b, 0x6f7b, 0x6f7b, 0x6f7b, 0x6f7b, 0x6f7b, 0x6f7b, 0x6f7b, 0x6f7b, 0x6f7b, 0x6f7b,
    0x6f7b, 0x6f7b, 0x6f7b, 0x6f7b, 0x6f7b, 0x6f7b, 0x6f7b, 0x6f7b, 0x6f7b, 0x6f7b, 0x6f7b, 0x6f7b, 0x6f7b, 0x6f7b, 0x6f7b, 0x6f7b,
    0x6f7b, 0x6f7b, 0x6f7b, 0x6f7b, 0x6f7b, 0x6f7b, 0x6f7b, 0x6f7b, 0x6f7b, 0x6f7b, 0x6f7b, 0x6f7b, 0x6f7b, 0x6f7b, 0x6f7b, 0x6f7b,
    0x6f7b, 0x6f7b, 0x6f7b, 0x6f7b, 0x6f7b, 0x6f7b, 0x6f7b, 0x6f7b, 0x6f7b, 0x6f7b, 0x6f7b, 0x6f7b, 0x6f7b, 0x6f7b, 0x6f7b, 0x6f7b,
    0x6f7b, 0x6f7b, 0x6f7b, 0x6f7b, 0x6f7b, 0x6f7b, 0x6f7b, 0x6f7b, 0x6f7b, 0x6f7b, 0x6f7b, 0x6f7b, 0x6f7b, 0x6f7b, 0x6f7b, 0x6f7b,
    0x6f7b, 0x6f7b, 0x6f7b, 0x6f7b, 0x6f7b, 0x6f7b, 0x6f7b, 0x6f7b, 0x6f7b, 0x6f7b, 0x6f7b, 0x6f7b, 0x6f7b, 0x6f7b, 0x6f7b, 0x6f7b,
    0x6f7b, 0x6f7b, 0x6f7b, 0x6f7b, 0x6f7b, 0x6f7b, 0x6f7b, 0x6f7b, 0x6f7b, 0x6f7b, 0x6f7b, 0x6f7b, 0x6f7b, 0x6f7b, 0x6f7b, 0x6f7b,
    0x6f7b, 0x6f7b, 0x6f7b, 0x6f7b, 0x6f7b, 0x6f7b, 0x6f7b, 0x6f7b, 0x6f7b, 0x6f7b, 0x6f7b, 0x6f7b, 0x6f7b, 0x6f7b, 0x6f7b, 0x6f7b,
    0x6f7b, 0x6f7b, 0x6f7b, 0x6f7b, 0x6f7b, 0x6f7b, 0x6f7b, 0x6f7b, 0x6f7b, 0x6f7b, 0x6f7b, 0x6f7b, 0x6f7b, 0x6f7b, 0x6f7b, 0x6f7b,
    0x6f7b, 0x6f7b, 0x6f7b, 0x6f7b, 0x6f7b, 0x6f7b, 0x6f7b, 0x6f7b, 0x6f7b, 0x6f7b, 0x6f7b, 0x6f7b, 0x6f7b, 0x6f7b, 0x6f7b, 0x6f7b,
    0x6f7b, 0x6f7b, 0x6f7b, 0x6f7b, 0x6f7b, 0x6f7b, 0x6f7b, 0x6f7b, 0x6f7b, 0x6f7b, 0x6f7b, 0x6f7b, 0x6f7b, 0x6f7b, 0x6f7b, 0x6f7b,
    0x6f7b, 0x6f7b, 0x6f7b, 0x6f7b, 0x6f7b, 0x6f7b, 0x6f7b, 0x6f7b, 0x6f7b, 0x6f7b, 0x6f7b, 0x6f7b, 0x6f7b, 0x6f7b, 0x6f7b, 0x6f7b,
    0x6f7b, 0x6f7b, 0x6f7b, 0x6f7b, 0x6f7b, 0x6f7b, 0x6f7b, 0x6f7b, 0x6f7b, 0x6f7b, 0x6f7b, 0x6f7b, 0x6f7b, 0x6f7b, 0x6f7b, 0x6f7b,
    0x6f7b, 0x6f7b, 0x6f7b, 0x6f7b, 0x6f7b, 0x6f7b, 0x6f7b, 0x6f7b, 0x6f7b, 0x6f7b, 0x6f7b, 0x6f7b, 0x6f7b, 0x6f7b, 0x6f7b, 0x6f7b,
    0x6f7b, 0x6f7b, 0x6f7b, 0x6f7b, 0x6f7b, 0x6f7b, 0x6f7b, 0x6f7b, 0x6f7b, 0x6f7b, 0x6f7b, 0x6f7b, 0x6f7b, 0x6f7b, 0x6f7b, 0x6f7b,
    0x6f7b, 0x6f7b, 0x6f7b, 0x6f7b, 0x6f7b, 0x6f7b, 0x6f7b, 0x6f7b, 0x6f7b, 0x6f7b, 0x6f7b, 0x6f7b, 0x6f7b, 0x6f7b, 0x6f7b, 0x6f7b,
    0x6f7b, 0x6f7b, 0x6f7b, 0x6f7b, 0x6f7b, 0x6f7b, 0x6f7b, 0x6f7b, 0x6f7b, 0x6f7b, 0x6f7b, 0x6f7b, 0x6f7b, 0x6f7b, 0x6f7b, 0x6f7b,
    0x6f7b, 0x6f7b, 0x6f7b, 0x6f7b, 0x6f7b, 0x6f7b, 0x6f7b, 0x6f7b, 0x6f7b, 0x6f7b, 0x6f7b, 0x6f7b, 0x6f7b, 0x6f7b, 0x6f7b, 0x6f7b,
    0x6f7b, 0x6f7b, 0x6f7b, 0x6f7b, 0x6f7b, 0x6f7b, 0x6f7b, 0x6f7b, 0x6f7b, 0x6f7b, 0x6f7b, 0x6f7b, 0x6f7b, 0x6f7b, 0x6f7b, 0x6f7b,
    0x6f7b, 0x6f7b, 0x6f7b, 0x6f7b, 0x6f7b, 0x6f7b, 0x6f7b, 0x6f7b, 0x6f7b, 0x6f7b, 0x6f7b, 0x6f7b, 0x6f7b, 0x6f7b, 0x6f7b, 0x6f7b,
    0x6f7b, 0x6f7b, 0x6f7b, 0x6f7b, 0x6f7b, 0x6f7b, 0x6f7b, 0x6f7b, 0x6f7b, 0x6f7b, 0x6f7b, 0x6f7b, 0x6f7b, 0x6f7b, 0x6f7b, 0x6f7b,
    0x6f7b, 0x6f7b, 0x6f7b, 0x6f7b, 0x6f7b, 0x6f7b, 0x6f7b, 0x6f7b, 0x6f7b, 0x6f7b, 0x6f7b, 0x6f7b, 0x6f7b, 0x6f7b, 0x6f7b, 0x6f7b,
    0x6f7b, 0x6f7b, 0x6f7b, 0x6f7b, 0x6f7b, 0x6f7b, 0x6f7b, 0x6f7b, 0x6f7b, 0x6f7b, 0x6f7b, 0x6f7b, 0x6f7b, 0x6f7b, 0x6f7b, 0x6f7b,
    0x6f7b, 0x6f7b, 0x6f7b, 0x6f7b, 0x6f7b, 0x6f7b, 0x6f7b, 0x6f7b, 0x6f7b, 0x6f7b, 0x6f7b, 0x6f7b, 0x6f7b, 0x6f7b, 0x6f7b, 0x6f7b,
};
