#ifndef MODELTEX_DATA_H
#define MODELTEX_DATA_H

#include <stdint.h>

#define MODELTEX_WIDTH  128
#define MODELTEX_HEIGHT 128

// Raw PS1 16bpp (1 STP + 5B + 5G + 5R) texture data, row-major.
static const uint16_t modeltexTextureData[] __attribute__((aligned(4))) = {
    0x6f7b, 0x6f7b, 0x6f7b, 0x6f7b, 0x6f7b, 0x6f7b, 0x6f7b, 0x6f7b, 0x6f7b, 0x6f7b, 0x6f7b, 0x6f7b, 0x6f7b, 0x6f7b, 0x6f7b, 0x6f7b,
    0x6f7b, 0x6f7b, 0x6f7b, 0x6f7b, 0x6f7b, 0x6f7b, 0x6f7b, 0x6f7b, 0x6f7b, 0x6f7b, 0x6f7b, 0x6f7b, 0x6f7b, 0x6f7b, 0x6f7b, 0x6f7b,
    0x6f7b, 0x6f7b, 0x6f7b, 0x6f7b, 0x6f7b, 0x6f7b, 0x6f7b, 0x6f7b, 0x6f7b, 0x6f7b, 0x6f7b, 0x6f7b, 0x6f7b, 0x6f7b, 0x6f7b, 0x6f7b,
    0x6f7b, 0x6f7b, 0x6f7b, 0x6f7b, 0x6f7b, 0x6f7b, 0x6f7b, 0x6f7b, 0x6f7b, 0x6f7b, 0x6f7b, 0x6f7b, 0x6f7b, 0x6f7b, 0x6f7b, 0x6f7b,
    0x6f7b, 0x6f7b, 0x6f7b, 0x6f7b, 0x6f7b, 0x6f7b, 0x6f7b, 0x6f7b, 0x6f7b, 0x6f7b, 0x6f7b, 0x6f7b, 0x6f7b, 0x6f7b, 0x6f7b, 0x6f7b,
    0x6f7b, 0x6f7b, 0x6f7b, 0x6f7b, 0x6f7b, 0x6f7b, 0x6f7b, 0x6f7b, 0x6f7b, 0x6f7b, 0x6f7b, 0x6f7b, 0x6f7b, 0x6f7b, 0x6f7b, 0x6f7b,
    0x6f7b, 0x6f7b, 0x6f7b, 0x6f7b, 0x6f7b, 0x6f7b, 0x6f7b, 0x6f7b, 0x6f7b, 0x6f7b, 0x6f7b, 0x6f7b, 0x6f7b, 0x6f7b, 0x6f7b, 0x6f7b,
    0x6f7b, 0x6f7b, 0x6f7b, 0x6f7b, 0x6f7b, 0x6f7b, 0x6f7b, 0x6f7b, 0x6f7b, 0x6f7b, 0x6f7b, 0x6f7b, 0x6f7b, 0x6f7b, 0x6f7b, 0x6f7b,
    0x6f7b, 0x6f7b, 0x6f7b, 0x6f7b, 0x6f7b, 0x6f7b, 0x6f7b, 0x6f7b, 0x6f7b, 0x6f7b, 0x6f7b, 0x6f7b, 0x6f7b, 0x6f7b, 0x6f7b, 0x6f7b,
    0x6f7b, 0x6f7b, 0x6f7b, 0x6f7b, 0x6f7b, 0x6318, 0x6f7b, 0x6f7b, 0x6f7b, 0x6f7b, 0x6f7b, 0x6f7b, 0x6f7b, 0x6f7b, 0x6f7b, 0x6f7b,
    0x6f7b, 0x6f7b, 0x6f7b, 0x6f7b, 0x6f7b, 0x6f7b, 0x6f7b, 0x6f7b, 0x6f7b, 0x6f7b, 0x6f7b, 0x6f7b, 0x6f7b, 0x6f7b, 0x6f7b, 0x6f7b,
    0x6f7b, 0x6f7b, 0x6f7b, 0x6f7b, 0x6f7b, 0x6f7b, 0x6f7b, 0x6f7b, 0x6f7b, 0x6f7b, 0x6f7b, 0x6f7b, 0x6f7b, 0x6f7b, 0x6f7b, 0x6f7b,
    0x6f7b, 0x6f7b, 0x6f7b, 0x6f7b, 0x6f7b, 0x6f7b, 0x6f7b, 0x6f7b, 0x6f7b, 0x6f7b, 0x6f7b, 0x6f7b, 0x6f7b, 0x6f7b, 0x6f7b, 0x6f7b,
    0x6f7b, 0x6f7b, 0x6f7b, 0x6f7b, 0x6f7b, 0x6f7b, 0x6f7b, 0x6f7b, 0x6f7b, 0x6f7b, 0x6f7b, 0x6f7b, 0x6f7b, 0x6f7b, 0x6f7b, 0x6f7b,
    0x6f7b, 0x6f7b, 0x6f7b, 0x6f7b, 0x6f7b, 0x6f7b, 0x6f7b, 0x6f7b, 0x6f7b, 0x6f7b, 0x6f7b, 0x6f7b, 0x6f7b, 0x6f7b, 0x6f7b, 0x6f7b,
    0x6f7b, 0x6f7b, 0x6f7b, 0x6f7b, 0x6f7b, 0x6f7b, 0x6f7b, 0x6f7b, 0x6f7b, 0x6f7b, 0x6f7b, 0x6f7b, 0x6f7b, 0x6f7b, 0x6f7b, 0x6f7b,
    0x6f7b, 0x6f7b, 0x6f7b, 0x6f7b, 0x6f7b, 0x6f7b, 0x6f7b, 0x6f7b, 0x6f7b, 0x6f7b, 0x6f7b, 0x6f7b, 0x6f7b, 0x6f7b, 0x6f7b, 0x6f7b,
    0x6f7b, 0x6f7b, 0x6f7b, 0x6f7b, 0x6f7b, 0x6318, 0x6f7b, 0x6f7b, 0x6f7b, 0x6f7b, 0x6f7b, 0x6f7b, 0x6f7b, 0x6f7b, 0x6f7b, 0x6f7b,
    0x6f7b, 0x6f7b, 0x6f7b, 0x6f7b, 0x6f7b, 0x6f7b, 0x6f7b, 0x6f7b, 0x6f7b, 0x6f7b, 0x6f7b, 0x6f7b, 0x6f7b, 0x6f7b, 0x6f7b, 0x6f7b,
    0x6f7b, 0x6f7b, 0x6f7b, 0x6f7b, 0x6f7b, 0x6f7b, 0x6f7b, 0x6f7b, 0x6f7b, 0x6f7b, 0x6f7b, 0x6f7b, 0x6f7b, 0x6f7b, 0x6f7b, 0x6f7b,
    0x6f7b, 0x6f7b, 0x6f7b, 0x6f7b, 0x6f7b, 0x6f7b, 0x6f7b, 0x6f7b, 0x6f7b, 0x6f7b, 0x6f7b, 0x6f7b, 0x6f7b, 0x6f7b, 0x6f7b, 0x6f7b,
    0x6f7b, 0x6f7b, 0x6f7b, 0x6f7b, 0x6f7b, 0x6f7b, 0x6f7b, 0x6f7b, 0x6f7b, 0x6f7b, 0x6f7b, 0x6f7b, 0x6f7b, 0x6f7b, 0x6f7b, 0x6f7b,
    0x6f7b, 0x6f7b, 0x6f7b, 0x6f7b, 0x6f7b, 0x6f7b, 0x6f7b, 0x6f7b, 0x6f7b, 0x6f7b, 0x6f7b, 0x6f7b, 0x6f7b, 0x6f7b, 0x6f7b, 0x6f7b,
    0x6f7b, 0x6f7b, 0x6f7b, 0x6f7b, 0x6f7b, 0x6f7b, 0x6f7b, 0x6f7b, 0x6f7b, 0x6f7b, 0x6f7b, 0x6f7b, 0x6f7b, 0x6f7b, 0x6f7b, 0x6f7b,
    0x6f7b, 0x6f7b, 0x6f7b, 0x6f7b, 0x6f7b, 0x6f7b, 0x6f7b, 0x6f7b, 0x6f7b, 0x6f7b, 0x6f7b, 0x6f7b, 0x6f7b, 0x6f7b, 0x6f7b, 0x6f7b,
    0x6f7b, 0x6f7b, 0x6f7b, 0x6f7b, 0x6f7b, 0x6318, 0x6f7b, 0x6f7b, 0x6f7b, 0x6f7b, 0x6f7b, 0x6f7b, 0x6f7b, 0x6f7b, 0x6f7b, 0x6f7b,
    0x6f7b, 0x6f7b, 0x6f7b, 0x6f7b, 0x6f7b, 0x6f7b, 0x6f7b, 0x6f7b, 0x6f7b, 0x6f7b, 0x6f7b, 0x6f7b, 0x6f7b, 0x6f7b, 0x6f7b, 0x6f7b,
    0x6f7b, 0x6f7b, 0x6f7b, 0x6f7b, 0x6f7b, 0x6f7b, 0x6f7b, 0x6f7b, 0x6f7b, 0x6f7b, 0x6f7b, 0x6f7b, 0x6f7b, 0x6f7b, 0x6f7b, 0x6f7b,
    0x6f7b, 0x6f7b, 0x6f7b, 0x6f7b, 0x6f7b, 0x6f7b, 0x6f7b, 0x6f7b, 0x6f7b, 0x6f7b, 0x6f7b, 0x6f7b, 0x6f7b, 0x6f7b, 0x6f7b, 0x6f7b,
    0x6f7b, 0x6f7b, 0x6f7b, 0x6f7b, 0x6f7b, 0x6f7b, 0x6f7b, 0x6f7b, 0x6f7b, 0x6f7b, 0x6f7b, 0x6f7b, 0x6f7b, 0x6f7b, 0x6f7b, 0x6f7b,
    0x6f7b, 0x6f7b, 0x6f7b, 0x6f7b, 0x6f7b, 0x6f7b, 0x6f7b, 0x6f7b, 0x6f7b, 0x6f7b, 0x6f7b, 0x6f7b, 0x6f7b, 0x6f7b, 0x6f7b, 0x6f7b,
    0x6f7b, 0x6f7b, 0x6f7b, 0x6f7b, 0x6f7b, 0x6f7b, 0x6f7b, 0x6f7b, 0x6f7b, 0x6f7b, 0x6f7b, 0x6f7b, 0x6f7b, 0x6f7b, 0x6f7b, 0x6f7b,
    0x6f7b, 0x6f7b, 0x6f7b, 0x6f7b, 0x6f7b, 0x6f7b, 0x6f7b, 0x6f7b, 0x6f7b, 0x6f7b, 0x6f7b, 0x6f7b, 0x6f7b, 0x6f7b, 0x6f7b, 0x6f7b,
    0x6f7b, 0x6f7b, 0x6f7b, 0x6f7b, 0x6f7b, 0x6318, 0x6f7b, 0x6f7b, 0x6f7b, 0x6f7b, 0x6f7b, 0x6f7b, 0x6f7b, 0x6f7b, 0x6f7b, 0x6f7b,
    0x6f7b, 0x6f7b, 0x6f7b, 0x6f7b, 0x6f7b, 0x6f7b, 0x6f7b, 0x6f7b, 0x6f7b, 0x6f7b, 0x6f7b, 0x6f7b, 0x6f7b, 0x6f7b, 0x6f7b, 0x6f7b,
    0x6f7b, 0x6f7b, 0x6f7b, 0x6f7b, 0x6f7b, 0x6f7b, 0x6f7b, 0x6f7b, 0x6f7b, 0x6f7b, 0x6f7b, 0x6f7b, 0x6f7b, 0x6f7b, 0x6f7b, 0x6f7b,
    0x6f7b, 0x6f7b, 0x6f7b, 0x6f7b, 0x6f7b, 0x6f7b, 0x6f7b, 0x6f7b, 0x6f7b, 0x6f7b, 0x6f7b, 0x6f7b, 0x6f7b, 0x6f7b, 0x6f7b, 0x6f7b,
    0x6f7b, 0x6f7b, 0x6f7b, 0x6f7b, 0x6f7b, 0x6f7b, 0x6f7b, 0x6f7b, 0x6f7b, 0x6f7b, 0x6f7b, 0x6f7b, 0x6f7b, 0x6f7b, 0x6f7b, 0x6f7b,
    0x6f7b, 0x6f7b, 0x6f7b, 0x6f7b, 0x6f7b, 0x6f7b, 0x6f7b, 0x6f7b, 0x6f7b, 0x6f7b, 0x6f7b, 0x6f7b, 0x6f7b, 0x6f7b, 0x6f7b, 0x6f7b,
    0x6f7b, 0x6f7b, 0x6f7b, 0x6f7b, 0x6f7b, 0x6f7b, 0x6f7b, 0x6f7b, 0x6f7b, 0x6f7b, 0x6f7b, 0x6f7b, 0x6f7b, 0x6f7b, 0x6f7b, 0x6f7b,
    0x6f7b, 0x6f7b, 0x6f7b, 0x6f7b, 0x6f7b, 0x6f7b, 0x6f7b, 0x6f7b, 0x6f7b, 0x6f7b, 0x6f7b, 0x6f7b, 0x6f7b, 0x6f7b, 0x6f7b, 0x6f7b,
    0x6f7b, 0x6f7b, 0x6f7b, 0x6f7b, 0x6f7b, 0x6318, 0x6f7b, 0x6f7b, 0x6f7b, 0x6f7b, 0x6f7b, 0x6f7b, 0x6f7b, 0x6f7b, 0x6f7b, 0x6f7b,
    0x6f7b, 0x6f7b, 0x6f7b, 0x6f7b, 0x6f7b, 0x6f7b, 0x6f7b, 0x6f7b, 0x6f7b, 0x6f7b, 0x6f7b, 0x6f7b, 0x6f7b, 0x6f7b, 0x6f7b, 0x6f7b,
    0x6f7b, 0x6f7b, 0x6f7b, 0x6f7b, 0x6f7b, 0x6f7b, 0x6f7b, 0x6f7b, 0x6f7b, 0x6f7b, 0x6f7b, 0x6f7b, 0x6f7b, 0x6f7b, 0x6f7b, 0x6f7b,
    0x6f7b, 0x6f7b, 0x6f7b, 0x6f7b, 0x6f7b, 0x6f7b, 0x6f7b, 0x6f7b, 0x6f7b, 0x6f7b, 0x6f7b, 0x6f7b, 0x6f7b, 0x6f7b, 0x6f7b, 0x6f7b,
    0x6f7b, 0x6f7b, 0x6f7b, 0x6f7b, 0x6f7b, 0x6f7b, 0x6f7b, 0x6f7b, 0x6f7b, 0x6f7b, 0x6f7b, 0x6f7b, 0x6f7b, 0x6f7b, 0x6f7b, 0x6f7b,
    0x6f7b, 0x6f7b, 0x6f7b, 0x6f7b, 0x6f7b, 0x6f7b, 0x6f7b, 0x6f7b, 0x6f7b, 0x6f7b, 0x6f7b, 0x6f7b, 0x6f7b, 0x6f7b, 0x6f7b, 0x6f7b,
    0x6f7b, 0x6f7b, 0x6f7b, 0x6f7b, 0x6f7b, 0x6f7b, 0x6f7b, 0x6f7b, 0x6f7b, 0x6f7b, 0x6f7b, 0x6f7b, 0x6f7b, 0x6f7b, 0x6f7b, 0x6f7b,
    0x6f7b, 0x6f7b, 0x6f7b, 0x6f7b, 0x6f7b, 0x6f7b, 0x6f7b, 0x6f7b, 0x6f7b, 0x6f7b, 0x6f7b, 0x6f7b, 0x6f7b, 0x6f7b, 0x6f7b, 0x6f7b,
    0x6f7b, 0x6f7b, 0x6f7b, 0x6f7b, 0x6f7b, 0x6318, 0x6f7b, 0x6f7b, 0x6f7b, 0x6f7b, 0x6f7b, 0x6f7b, 0x6f7b, 0x6f7b, 0x6f7b, 0x6f7b,
    0x6f7b, 0x6f7b, 0x6f7b, 0x6f7b, 0x6f7b, 0x6f7b, 0x6f7b, 0x6f7b, 0x6f7b, 0x6f7b, 0x6f7b, 0x6f7b, 0x6f7b, 0x6f7b, 0x6f7b, 0x6f7b,
    0x6f7b, 0x6f7b, 0x6f7b, 0x6f7b, 0x6f7b, 0x6f7b, 0x6f7b, 0x6f7b, 0x6f7b, 0x6f7b, 0x6f7b, 0x6f7b, 0x6f7b, 0x6f7b, 0x6f7b, 0x6f7b,
    0x6f7b, 0x6f7b, 0x6f7b, 0x6f7b, 0x6f7b, 0x6f7b, 0x6f7b, 0x6f7b, 0x6f7b, 0x6f7b, 0x6f7b, 0x6f7b, 0x6f7b, 0x6f7b, 0x6f7b, 0x6f7b,
    0x6f7b, 0x6f7b, 0x6f7b, 0x6f7b, 0x6f7b, 0x6f7b, 0x6f7b, 0x6f7b, 0x6f7b, 0x6f7b, 0x6f7b, 0x6f7b, 0x6f7b, 0x6f7b, 0x6f7b, 0x6f7b,
    0x6f7b, 0x6f7b, 0x6f7b, 0x6f7b, 0x6f7b, 0x6f7b, 0x6f7b, 0x6f7b, 0x6f7b, 0x6f7b, 0x6f7b, 0x6f7b, 0x6f7b, 0x6f7b, 0x6f7b, 0x6f7b,
    0x6f7b, 0x6f7b, 0x6f7b, 0x6f7b, 0x6f7b, 0x6f7b, 0x6f7b, 0x6f7b, 0x6f7b, 0x6f7b, 0x6f7b, 0x6f7b, 0x6f7b, 0x6f7b, 0x6f7b, 0x6f7b,
    0x6f7b, 0x6f7b, 0x6f7b, 0x6f7b, 0x6f7b, 0x6f7b, 0x6f7b, 0x6f7b, 0x6f7b, 0x6f7b, 0x6f7b, 0x6f7b, 0x6f7b, 0x6f7b, 0x6f7b, 0x6f7b,
    0x6f7b, 0x6f7b, 0x6f7b, 0x6f7b, 0x6f7b, 0x6318, 0x6f7b, 0x6f7b, 0x6f7b, 0x6f7b, 0x6f7b, 0x6f7b, 0x6f7b, 0x6f7b, 0x6f7b, 0x6f7b,
    0x6f7b, 0x6f7b, 0x6f7b, 0x6f7b, 0x6f7b, 0x6f7b, 0x6f7b, 0x6f7b, 0x6f7b, 0x6f7b, 0x6f7b, 0x6f7b, 0x6f7b, 0x6f7b, 0x6f7b, 0x6f7b,
    0x6f7b, 0x6f7b, 0x6f7b, 0x6f7b, 0x6f7b, 0x6f7b, 0x6f7b, 0x6f7b, 0x6f7b, 0x6f7b, 0x6f7b, 0x6f7b, 0x6f7b, 0x6f7b, 0x6f7b, 0x6f7b,
    0x6f7b, 0x6f7b, 0x6f7b, 0x6f7b, 0x6f7b, 0x6f7b, 0x6f7b, 0x6f7b, 0x6f7b, 0x6f7b, 0x6f7b, 0x6f7b, 0x6f7b, 0x6f7b, 0x6f7b, 0x6f7b,
    0x6f7b, 0x6f7b, 0x6f7b, 0x6f7b, 0x6f7b, 0x6f7b, 0x6f7b, 0x6f7b, 0x6f7b, 0x6f7b, 0x6f7b, 0x6f7b, 0x6f7b, 0x6f7b, 0x6f7b, 0x6f7b,
    0x6f7b, 0x6f7b, 0x6f7b, 0x6f7b, 0x6f7b, 0x6f7b, 0x6f7b, 0x6f7b, 0x6f7b, 0x6f7b, 0x6f7b, 0x6f7b, 0x6f7b, 0x6f7b, 0x6f7b, 0x6f7b,
    0x6f7b, 0x6f7b, 0x6f7b, 0x6f7b, 0x6f7b, 0x6f7b, 0x6f7b, 0x6f7b, 0x6f7b, 0x6f7b, 0x6f7b, 0x6f7b, 0x6f7b, 0x6f7b, 0x6f7b, 0x6f7b,
    0x6f7b, 0x6f7b, 0x6f7b, 0x6f7b, 0x6f7b, 0x6f7b, 0x6f7b, 0x6f7b, 0x6f7b, 0x6f7b, 0x6f7b, 0x6f7b, 0x6f7b, 0x6f7b, 0x6f7b, 0x6f7b,
    0x6f7b, 0x6f7b, 0x6f7b, 0x6f7b, 0x6f7b, 0x6318, 0x6f7b, 0x6f7b, 0x6f7b, 0x6f7b, 0x6f7b, 0x6f7b, 0x6f7b, 0x6f7b, 0x6f7b, 0x6f7b,
    0x6f7b, 0x6f7b, 0x6f7b, 0x6f7b, 0x6f7b, 0x6f7b, 0x6f7b, 0x6f7b, 0x6f7b, 0x6f7b, 0x6f7b, 0x6f7b, 0x6f7b, 0x6f7b, 0x6f7b, 0x6f7b,
    0x6f7b, 0x6f7b, 0x6f7b, 0x6f7b, 0x6f7b, 0x6f7b, 0x6f7b, 0x6f7b, 0x6f7b, 0x6f7b, 0x6f7b, 0x6f7b, 0x6f7b, 0x6f7b, 0x6f7b, 0x6f7b,
    0x6f7b, 0x6f7b, 0x6f7b, 0x6f7b, 0x6f7b, 0x6f7b, 0x6f7b, 0x6f7b, 0x6f7b, 0x6f7b, 0x6f7b, 0x6f7b, 0x6f7b, 0x6f7b, 0x6f7b, 0x6f7b,
    0x6f7b, 0x6f7b, 0x6f7b, 0x6f7b, 0x6f7b, 0x6f7b, 0x6f7b, 0x6f7b, 0x6f7b, 0x6f7b, 0x6f7b, 0x6f7b, 0x6f7b, 0x6f7b, 0x6f7b, 0x6f7b,
    0x6f7b, 0x6f7b, 0x6f7b, 0x6f7b, 0x6f7b, 0x6f7b, 0x6f7b, 0x6f7b, 0x6f7b, 0x6f7b, 0x6f7b, 0x6f7b, 0x6f7b, 0x6f7b, 0x6f7b, 0x6f7b,
    0x6f7b, 0x6f7b, 0x6f7b, 0x6f7b, 0x6f7b, 0x6f7b, 0x6f7b, 0x6f7b, 0x6f7b, 0x6f7b, 0x6f7b, 0x6f7b, 0x6f7b, 0x6f7b, 0x6f7b, 0x6f7b,
    0x6f7b, 0x6f7b, 0x6f7b, 0x6f7b, 0x6f7b, 0x6f7b, 0x6f7b, 0x6f7b, 0x6f7b, 0x6f7b, 0x6f7b, 0x6f7b, 0x6f7b, 0x6f7b, 0x6f7b, 0x6f7b,
    0x6f7b, 0x6f7b, 0x6f7b, 0x6f7b, 0x6f7b, 0x6318, 0x6f7b, 0x6f7b, 0x6f7b, 0x6f7b, 0x6f7b, 0x6f7b, 0x6f7b, 0x6f7b, 0x6f7b, 0x6f7b,
    0x6f7b, 0x6f7b, 0x6f7b, 0x6f7b, 0x6f7b, 0x6f7b, 0x6f7b, 0x6f7b, 0x6f7b, 0x6f7b, 0x6f7b, 0x6f7b, 0x6f7b, 0x6f7b, 0x6f7b, 0x6f7b,
    0x6f7b, 0x6f7b, 0x6f7b, 0x6f7b, 0x6f7b, 0x6f7b, 0x6f7b, 0x6f7b, 0x6f7b, 0x6f7b, 0x6f7b, 0x6f7b, 0x6f7b, 0x6f7b, 0x6f7b, 0x6f7b,
    0x6f7b, 0x6f7b, 0x6f7b, 0x6f7b, 0x6f7b, 0x6f7b, 0x6f7b, 0x6f7b, 0x6f7b, 0x6f7b, 0x6f7b, 0x6f7b, 0x6f7b, 0x6f7b, 0x6f7b, 0x6f7b,
    0x6f7b, 0x6f7b, 0x6f7b, 0x6f7b, 0x6f7b, 0x6f7b, 0x6f7b, 0x6f7b, 0x6f7b, 0x6f7b, 0x6f7b, 0x6f7b, 0x6f7b, 0x6f7b, 0x6f7b, 0x6f7b,
    0x6f7b, 0x6f7b, 0x6f7b, 0x6f7b, 0x6f7b, 0x6f7b, 0x6f7b, 0x6f7b, 0x6f7b, 0x6f7b, 0x6f7b, 0x6f7b, 0x6f7b, 0x6f7b, 0x6f7b, 0x6f7b,
    0x6f7b, 0x6f7b, 0x6f7b, 0x6f7b, 0x6f7b, 0x6f7b, 0x6f7b, 0x6f7b, 0x6f7b, 0x6f7b, 0x6f7b, 0x6f7b, 0x6f7b, 0x6f7b, 0x6f7b, 0x6f7b,
    0x6f7b, 0x6f7b, 0x6f7b, 0x6f7b, 0x6f7b, 0x6f7b, 0x6f7b, 0x6f7b, 0x6f7b, 0x6f7b, 0x6f7b, 0x6f7b, 0x6f7b, 0x6f7b, 0x6f7b, 0x6f7b,
    0x6f7b, 0x6f7b, 0x6f7b, 0x6f7b, 0x6f7b, 0x6318, 0x6f7b, 0x6f7b, 0x6f7b, 0x6f7b, 0x6f7b, 0x6f7b, 0x6f7b, 0x6f7b, 0x6f7b, 0x6f7b,
    0x6f7b, 0x6f7b, 0x6f7b, 0x6f7b, 0x6f7b, 0x6f7b, 0x6f7b, 0x6f7b, 0x6f7b, 0x6f7b, 0x6f7b, 0x6f7b, 0x6f7b, 0x6f7b, 0x6f7b, 0x6f7b,
    0x6f7b, 0x6f7b, 0x6f7b, 0x6f7b, 0x6f7b, 0x6f7b, 0x6f7b, 0x6f7b, 0x6f7b, 0x6f7b, 0x6f7b, 0x6f7b, 0x6f7b, 0x6f7b, 0x6f7b, 0x6f7b,
    0x6f7b, 0x6f7b, 0x6f7b, 0x6f7b, 0x6f7b, 0x6f7b, 0x6f7b, 0x6f7b, 0x6f7b, 0x6f7b, 0x6f7b, 0x6f7b, 0x6f7b, 0x6f7b, 0x6f7b, 0x6f7b,
    0x6f7b, 0x6f7b, 0x6f7b, 0x6f7b, 0x6f7b, 0x6f7b, 0x6f7b, 0x6f7b, 0x6f7b, 0x6f7b, 0x6f7b, 0x6f7b, 0x6f7b, 0x6f7b, 0x6f7b, 0x6f7b,
    0x6f7b, 0x6f7b, 0x6f7b, 0x6f7b, 0x6f7b, 0x6f7b, 0x6f7b, 0x6f7b, 0x6f7b, 0x6f7b, 0x6f7b, 0x6f7b, 0x6f7b, 0x6f7b, 0x6f7b, 0x6f7b,
    0x6f7b, 0x6f7b, 0x6f7b, 0x6f7b, 0x6f7b, 0x6f7b, 0x6f7b, 0x6f7b, 0x6f7b, 0x6f7b, 0x6f7b, 0x6f7b, 0x6f7b, 0x6f7b, 0x6f7b, 0x6f7b,
    0x6f7b, 0x6f7b, 0x6f7b, 0x6f7b, 0x6f7b, 0x6f7b, 0x6f7b, 0x6f7b, 0x6f7b, 0x6f7b, 0x6f7b, 0x6f7b, 0x6f7b, 0x6f7b, 0x6f7b, 0x6f7b,
    0x6f7b, 0x6f7b, 0x6f7b, 0x6f7b, 0x6f7b, 0x6318, 0x6f7b, 0x6f7b, 0x6f7b, 0x6f7b, 0x6f7b, 0x6f7b, 0x6f7b, 0x6f7b, 0x6f7b, 0x6f7b,
    0x6f7b, 0x6f7b, 0x6f7b, 0x6f7b, 0x6f7b, 0x6f7b, 0x6f7b, 0x6f7b, 0x6f7b, 0x6f7b, 0x6f7b, 0x6f7b, 0x6f7b, 0x6f7b, 0x6f7b, 0x6f7b,
    0x6f7b, 0x6f7b, 0x6f7b, 0x6f7b, 0x6f7b, 0x6f7b, 0x6f7b, 0x6f7b, 0x6f7b, 0x6f7b, 0x6f7b, 0x6f7b, 0x6f7b, 0x6f7b, 0x6f7b, 0x6f7b,
    0x6f7b, 0x6f7b, 0x6f7b, 0x6f7b, 0x6f7b, 0x6f7b, 0x6f7b, 0x6f7b, 0x6f7b, 0x6f7b, 0x6f7b, 0x6f7b, 0x6f7b, 0x6f7b, 0x6f7b, 0x6f7b,
    0x6f7b, 0x6f7b, 0x6f7b, 0x6f7b, 0x6f7b, 0x6f7b, 0x6f7b, 0x6f7b, 0x6f7b, 0x6f7b, 0x6f7b, 0x6f7b, 0x6f7b, 0x6f7b, 0x6f7b, 0x6f7b,
    0x6f7b, 0x6f7b, 0x6f7b, 0x6f7b, 0x6f7b, 0x6f7b, 0x6f7b, 0x6f7b, 0x6f7b, 0x6f7b, 0x6f7b, 0x6f7b, 0x6f7b, 0x6f7b, 0x6f7b, 0x6f7b,
    0x6f7b, 0x6f7b, 0x6f7b, 0x6f7b, 0x6f7b, 0x6f7b, 0x6f7b, 0x6f7b, 0x6f7b, 0x6f7b, 0x6f7b, 0x6f7b, 0x6f7b, 0x6f7b, 0x6f7b, 0x6f7b,
    0x6f7b, 0x6f7b, 0x6f7b, 0x6f7b, 0x6f7b, 0x6f7b, 0x6f7b, 0x6f7b, 0x6f7b, 0x6f7b, 0x6f7b, 0x6f7b, 0x6f7b, 0x6f7b, 0x6f7b, 0x6f7b,
    0x6f7b, 0x6f7b, 0x6f7b, 0x6f7b, 0x6f7b, 0x6318, 0x6f7b, 0x6f7b, 0x6f7b, 0x6f7b, 0x6f7b, 0x6f7b, 0x6f7b, 0x6f7b, 0x6f7b, 0x6f7b,
    0x6f7b, 0x6f7b, 0x6f7b, 0x6f7b, 0x6f7b, 0x6f7b, 0x6f7b, 0x6f7b, 0x6f7b, 0x6f7b, 0x6f7b, 0x6f7b, 0x6f7b, 0x6f7b, 0x6f7b, 0x6f7b,
    0x6f7b, 0x6f7b, 0x6f7b, 0x6f7b, 0x6f7b, 0x6f7b, 0x6f7b, 0x6f7b, 0x6f7b, 0x6f7b, 0x6f7b, 0x6f7b, 0x6f7b, 0x6f7b, 0x6f7b, 0x6f7b,
    0x6f7b, 0x6f7b, 0x6f7b, 0x6f7b, 0x6f7b, 0x6f7b, 0x6f7b, 0x6f7b, 0x6f7b, 0x6f7b, 0x6f7b, 0x6f7b, 0x6f7b, 0x6f7b, 0x6f7b, 0x6f7b,
    0x6f7b, 0x6f7b, 0x6f7b, 0x6f7b, 0x6f7b, 0x6f7b, 0x6f7b, 0x6f7b, 0x6f7b, 0x6f7b, 0x6f7b, 0x6f7b, 0x6f7b, 0x6f7b, 0x6f7b, 0x6f7b,
    0x6f7b, 0x6f7b, 0x6f7b, 0x6f7b, 0x6f7b, 0x6f7b, 0x6f7b, 0x6f7b, 0x6f7b, 0x6f7b, 0x6f7b, 0x6f7b, 0x6f7b, 0x6f7b, 0x6f7b, 0x6f7b,
    0x6f7b, 0x6f7b, 0x6f7b, 0x6f7b, 0x6f7b, 0x6f7b, 0x6f7b, 0x6f7b, 0x6f7b, 0x6f7b, 0x6f7b, 0x6f7b, 0x6f7b, 0x6f7b, 0x6f7b, 0x6f7b,
    0x6f7b, 0x6f7b, 0x6f7b, 0x6f7b, 0x6f7b, 0x6f7b, 0x6f7b, 0x6f7b, 0x6f7b, 0x6f7b, 0x6f7b, 0x6f7b, 0x6f7b, 0x6f7b, 0x6f7b, 0x6f7b,
    0x6f7b, 0x6f7b, 0x6f7b, 0x6f7b, 0x6f7b, 0x6318, 0x6f7b, 0x6f7b, 0x6f7b, 0x6f7b, 0x6f7b, 0x6f7b, 0x6f7b, 0x6f7b, 0x6f7b, 0x6f7b,
    0x6f7b, 0x6f7b, 0x6f7b, 0x6f7b, 0x6f7b, 0x6f7b, 0x6f7b, 0x6f7b, 0x6f7b, 0x6f7b, 0x6f7b, 0x6f7b, 0x6f7b, 0x6f7b, 0x6f7b, 0x6f7b,
    0x6f7b, 0x6f7b, 0x6f7b, 0x6f7b, 0x6f7b, 0x6f7b, 0x6f7b, 0x6f7b, 0x6f7b, 0x6f7b, 0x6f7b, 0x6f7b, 0x6f7b, 0x6f7b, 0x6f7b, 0x6f7b,
    0x6f7b, 0x6f7b, 0x6f7b, 0x6f7b, 0x6f7b, 0x6f7b, 0x6f7b, 0x6f7b, 0x6f7b, 0x6f7b, 0x6f7b, 0x6f7b, 0x6f7b, 0x6f7b, 0x6f7b, 0x6f7b,
    0x6f7b, 0x6f7b, 0x6f7b, 0x6f7b, 0x6f7b, 0x6f7b, 0x6f7b, 0x6f7b, 0x6f7b, 0x6f7b, 0x6f7b, 0x6f7b, 0x6f7b, 0x6f7b, 0x6f7b, 0x6f7b,
    0x6f7b, 0x6f7b, 0x6f7b, 0x6f7b, 0x6f7b, 0x6f7b, 0x6f7b, 0x6f7b, 0x6f7b, 0x6f7b, 0x6f7b, 0x6f7b, 0x6f7b, 0x6f7b, 0x6f7b, 0x6f7b,
    0x6f7b, 0x6f7b, 0x6f7b, 0x6f7b, 0x6f7b, 0x6f7b, 0x6f7b, 0x6f7b, 0x6f7b, 0x6f7b, 0x6f7b, 0x6f7b, 0x6f7b, 0x6f7b, 0x6f7b, 0x6f7b,
    0x6f7b, 0x6f7b, 0x6f7b, 0x6f7b, 0x6f7b, 0x6f7b, 0x6f7b, 0x6f7b, 0x6f7b, 0x6f7b, 0x6f7b, 0x6f7b, 0x6f7b, 0x6f7b, 0x6f7b, 0x6f7b,
    0x6f7b, 0x6f7b, 0x6f7b, 0x6f7b, 0x6f7b, 0x6318, 0x6f7b, 0x6f7b, 0x6f7b, 0x6f7b, 0x6f7b, 0x6f7b, 0x6f7b, 0x6f7b, 0x6f7b, 0x6f7b,
    0x6f7b, 0x6f7b, 0x6f7b, 0x6f7b, 0x6f7b, 0x6f7b, 0x6f7b, 0x6f7b, 0x6f7b, 0x6f7b, 0x6f7b, 0x6f7b, 0x6f7b, 0x6f7b, 0x6f7b, 0x6f7b,
    0x6f7b, 0x6f7b, 0x6f7b, 0x6f7b, 0x6f7b, 0x6f7b, 0x6f7b, 0x6f7b, 0x6f7b, 0x6f7b, 0x6f7b, 0x6f7b, 0x6f7b, 0x6f7b, 0x6f7b, 0x6f7b,
    0x6f7b, 0x6f7b, 0x6f7b, 0x6f7b, 0x6f7b, 0x6f7b, 0x6f7b, 0x6f7b, 0x6f7b, 0x6f7b, 0x6f7b, 0x6f7b, 0x6f7b, 0x6f7b, 0x6f7b, 0x6f7b,
    0x6f7b, 0x6f7b, 0x6f7b, 0x6f7b, 0x6f7b, 0x6f7b, 0x6f7b, 0x6f7b, 0x6f7b, 0x6f7b, 0x6f7b, 0x6f7b, 0x6f7b, 0x6f7b, 0x6f7b, 0x6f7b,
    0x6f7b, 0x6f7b, 0x6f7b, 0x6f7b, 0x6f7b, 0x6f7b, 0x6f7b, 0x6f7b, 0x6f7b, 0x6f7b, 0x6f7b, 0x6f7b, 0x6f7b, 0x6f7b, 0x6f7b, 0x6f7b,
    0x6f7b, 0x6f7b, 0x6f7b, 0x6f7b, 0x6f7b, 0x6f7b, 0x6f7b, 0x6f7b, 0x6f7b, 0x6f7b, 0x6f7b, 0x6f7b, 0x6f7b, 0x6f7b, 0x6f7b, 0x6f7b,
    0x6f7b, 0x6f7b, 0x6f7b, 0x6f7b, 0x6f7b, 0x6f7b, 0x6f7b, 0x6f7b, 0x6f7b, 0x6f7b, 0x6f7b, 0x6f7b, 0x6f7b, 0x6f7b, 0x6f7b, 0x6f7b,
    0x6f7b, 0x6f7b, 0x6f7b, 0x6f7b, 0x6f7b, 0x6318, 0x6f7b, 0x6f7b, 0x6f7b, 0x6f7b, 0x6f7b, 0x6f7b, 0x6f7b, 0x6f7b, 0x6f7b, 0x6f7b,
    0x6f7b, 0x6318, 0x6318, 0x6318, 0x6318, 0x6318, 0x6318, 0x6318, 0x6318, 0x6318, 0x6b5a, 0x6f7b, 0x6f7b, 0x6f7b, 0x6f7b, 0x6f7b,
    0x6f7b, 0x6f7b, 0x6f7b, 0x6f7b, 0x6f7b, 0x6f7b, 0x6f7b, 0x6f7b, 0x6f7b, 0x6f7b, 0x6f7b, 0x6f7b, 0x6f7b, 0x6f7b, 0x6f7b, 0x6f7b,
    0x6f7b, 0x6f7b, 0x6f7b, 0x6f7b, 0x6f7b, 0x6f7b, 0x6f7b, 0x6f7b, 0x6f7b, 0x6f7b, 0x6f7b, 0x6f7b, 0x6f7b, 0x6f7b, 0x6f7b, 0x6f7b,
    0x6f7b, 0x6f7b, 0x6f7b, 0x6f7b, 0x6f7b, 0x6f7b, 0x6f7b, 0x6f7b, 0x6f7b, 0x6f7b, 0x6f7b, 0x6f7b, 0x6f7b, 0x6f7b, 0x6f7b, 0x6f7b,
    0x6f7b, 0x6f7b, 0x6f7b, 0x6f7b, 0x6f7b, 0x6f7b, 0x6f7b, 0x6f7b, 0x6f7b, 0x6f7b, 0x6f7b, 0x6f7b, 0x6f7b, 0x6f7b, 0x6f7b, 0x6f7b,
    0x6f7b, 0x6f7b, 0x6f7b, 0x6f7b, 0x6f7b, 0x6f7b, 0x6f7b, 0x6f7b, 0x6f7b, 0x6f7b, 0x6f7b, 0x6f7b, 0x6f7b, 0x6f7b, 0x6f7b, 0x6f7b,
    0x6f7b, 0x6f7b, 0x6f7b, 0x6f7b, 0x6f7b, 0x6f7b, 0x6f7b, 0x6f7b, 0x6f7b, 0x6f7b, 0x6f7b, 0x6f7b, 0x6f7b, 0x6f7b, 0x6f7b, 0x6f7b,
    0x6f7b, 0x6f7b, 0x6f7b, 0x6f7b, 0x6f7b, 0x6318, 0x6f7b, 0x6f7b, 0x6f7b, 0x6f7b, 0x6f7b, 0x6f7b, 0x6f7b, 0x6318, 0x6318, 0x6318,
    0x6318, 0x6f7b, 0x6f7b, 0x6f7b, 0x6f7b, 0x6f7b, 0x6f7b, 0x6f7b, 0x6f7b, 0x6f7b, 0x6f7b, 0x6318, 0x6318, 0x6318, 0x6f7b, 0x6f7b,
    0x6f7b, 0x6f7b, 0x6f7b, 0x6f7b, 0x6f7b, 0x6f7b, 0x6f7b, 0x6f7b, 0x6f7b, 0x6f7b, 0x6f7b, 0x6f7b, 0x6f7b, 0x6f7b, 0x6f7b, 0x6f7b,
    0x6f7b, 0x6f7b, 0x6f7b, 0x6f7b, 0x6f7b, 0x6f7b, 0x6f7b, 0x6f7b, 0x6f7b, 0x6f7b, 0x6f7b, 0x6f7b, 0x6f7b, 0x6f7b, 0x6f7b, 0x6f7b,
    0x6f7b, 0x6f7b, 0x6f7b, 0x6f7b, 0x6f7b, 0x6f7b, 0x6f7b, 0x6f7b, 0x6f7b, 0x6f7b, 0x6f7b, 0x6f7b, 0x6f7b, 0x6f7b, 0x6f7b, 0x6f7b,
    0x6f7b, 0x6f7b, 0x6f7b, 0x6f7b, 0x6f7b, 0x6f7b, 0x6f7b, 0x6f7b, 0x6f7b, 0x6f7b, 0x6f7b, 0x6f7b, 0x6f7b, 0x6f7b, 0x6f7b, 0x6f7b,
    0x6f7b, 0x6f7b, 0x6f7b, 0x6f7b, 0x6f7b, 0x6f7b, 0x6f7b, 0x6f7b, 0x6f7b, 0x6f7b, 0x6f7b, 0x6f7b, 0x6f7b, 0x6f7b, 0x6f7b, 0x6f7b,
    0x6f7b, 0x6f7b, 0x6f7b, 0x6f7b, 0x6f7b, 0x6f7b, 0x6f7b, 0x6f7b, 0x6f7b, 0x6f7b, 0x6f7b, 0x6f7b, 0x6f7b, 0x6f7b, 0x6f7b, 0x6f7b,
    0x6f7b, 0x6f7b, 0x6f7b, 0x6f7b, 0x6f7b, 0x6318, 0x6f7b, 0x6f7b, 0x6f7b, 0x6f7b, 0x6f7b, 0x6318, 0x6318, 0x6f7b, 0x6f7b, 0x6f7b,
    0x6f7b, 0x6f7b, 0x6f7b, 0x6f7b, 0x6f7b, 0x6f7b, 0x6f7b, 0x6f7b, 0x6f7b, 0x6f7b, 0x6f7b, 0x6f7b, 0x6f7b, 0x6f7b, 0x6318, 0x6318,
    0x6318, 0x6f7b, 0x6f7b, 0x6f7b, 0x6f7b, 0x6f7b, 0x6f7b, 0x6f7b, 0x6f7b, 0x6f7b, 0x6f7b, 0x6f7b, 0x6f7b, 0x6f7b, 0x6f7b, 0x6f7b,
    0x6f7b, 0x6f7b, 0x6f7b, 0x6f7b, 0x6f7b, 0x6f7b, 0x6f7b, 0x6f7b, 0x6f7b, 0x6f7b, 0x6f7b, 0x6f7b, 0x6f7b, 0x6f7b, 0x6f7b, 0x6f7b,
    0x6f7b, 0x6f7b, 0x6f7b, 0x6f7b, 0x6f7b, 0x6f7b, 0x6f7b, 0x6f7b, 0x6f7b, 0x6f7b, 0x6f7b, 0x6f7b, 0x6f7b, 0x6f7b, 0x6f7b, 0x6f7b,
    0x6f7b, 0x6f7b, 0x6f7b, 0x6f7b, 0x6f7b, 0x6f7b, 0x6f7b, 0x6f7b, 0x6f7b, 0x6f7b, 0x6f7b, 0x6f7b, 0x6f7b, 0x6f7b, 0x6f7b, 0x6f7b,
    0x6f7b, 0x6f7b, 0x6f7b, 0x6f7b, 0x6f7b, 0x6f7b, 0x6f7b, 0x6f7b, 0x6f7b, 0x6f7b, 0x6f7b, 0x6f7b, 0x6f7b, 0x6f7b, 0x6f7b, 0x6f7b,
    0x6f7b, 0x6f7b, 0x6f7b, 0x6f7b, 0x6f7b, 0x6f7b, 0x6f7b, 0x6f7b, 0x6f7b, 0x6f7b, 0x6f7b, 0x6f7b, 0x6f7b, 0x6f7b, 0x6f7b, 0x6f7b,
    0x6f7b, 0x6f7b, 0x6f7b, 0x6f7b, 0x6f7b, 0x6318, 0x6f7b, 0x6f7b, 0x6f7b, 0x6318, 0x6318, 0x6f7b, 0x6f7b, 0x6f7b, 0x6f7b, 0x6f7b,
    0x6f7b, 0x6f7b, 0x6f7b, 0x6f7b, 0x6f7b, 0x6f7b, 0x6f7b, 0x6f7b, 0x6f7b, 0x6f7b, 0x6f7b, 0x6f7b, 0x6f7b, 0x6f7b, 0x6f7b, 0x6f7b,
    0x6f7b, 0x6318, 0x6739, 0x6f7b, 0x6f7b, 0x6f7b, 0x6f7b, 0x6f7b, 0x6f7b, 0x6f7b, 0x6f7b, 0x6f7b, 0x6f7b, 0x6f7b, 0x6f7b, 0x6f7b,
    0x6f7b, 0x6f7b, 0x6f7b, 0x6f7b, 0x6f7b, 0x6f7b, 0x6f7b, 0x6f7b, 0x6f7b, 0x6f7b, 0x6f7b, 0x6f7b, 0x6f7b, 0x6f7b, 0x6f7b, 0x6f7b,
    0x6f7b, 0x6f7b, 0x6f7b, 0x6f7b, 0x6f7b, 0x6f7b, 0x6f7b, 0x6f7b, 0x6f7b, 0x6f7b, 0x6f7b, 0x6f7b, 0x6f7b, 0x6f7b, 0x6f7b, 0x6f7b,
    0x6f7b, 0x6f7b, 0x6f7b, 0x6f7b, 0x6f7b, 0x6f7b, 0x6f7b, 0x6f7b, 0x6f7b, 0x6f7b, 0x6f7b, 0x6f7b, 0x6f7b, 0x6f7b, 0x6f7b, 0x6f7b,
    0x6f7b, 0x6f7b, 0x6f7b, 0x6f7b, 0x6f7b, 0x6f7b, 0x6f7b, 0x6f7b, 0x6f7b, 0x6f7b, 0x6f7b, 0x6f7b, 0x6f7b, 0x6f7b, 0x6f7b, 0x6f7b,
    0x6f7b, 0x6f7b, 0x6f7b, 0x6f7b, 0x6f7b, 0x6f7b, 0x6f7b, 0x6f7b, 0x6f7b, 0x6f7b, 0x6f7b, 0x6f7b, 0x6f7b, 0x6f7b, 0x6f7b, 0x6f7b,
    0x6f7b, 0x6f7b, 0x6f7b, 0x6f7b, 0x6f7b, 0x6318, 0x6f7b, 0x6318, 0x6318, 0x6f7b, 0x6f7b, 0x6f7b, 0x6f7b, 0x6f7b, 0x6f7b, 0x6f7b,
    0x6f7b, 0x6f7b, 0x6f7b, 0x6f7b, 0x6f7b, 0x6f7b, 0x6f7b, 0x6f7b, 0x6f7b, 0x6f7b, 0x6f7b, 0x6f7b, 0x6f7b, 0x6f7b, 0x6f7b, 0x6f7b,
    0x6f7b, 0x6f7b, 0x6f7b, 0x6318, 0x6f7b, 0x6f7b, 0x6f7b, 0x6f7b, 0x6f7b, 0x6f7b, 0x6f7b, 0x6f7b, 0x6f7b, 0x6f7b, 0x6f7b, 0x6f7b,
    0x6f7b, 0x6f7b, 0x6f7b, 0x6f7b, 0x6f7b, 0x6f7b, 0x6f7b, 0x6f7b, 0x6f7b, 0x6f7b, 0x6f7b, 0x6f7b, 0x6f7b, 0x6f7b, 0x6f7b, 0x6f7b,
    0x6f7b, 0x6f7b, 0x6f7b, 0x6f7b, 0x6f7b, 0x6f7b, 0x6f7b, 0x6f7b, 0x6f7b, 0x6f7b, 0x6f7b, 0x6f7b, 0x6f7b, 0x6f7b, 0x6f7b, 0x6f7b,
    0x6f7b, 0x6f7b, 0x6f7b, 0x6f7b, 0x6f7b, 0x6f7b, 0x6f7b, 0x6f7b, 0x6f7b, 0x6f7b, 0x6f7b, 0x6f7b, 0x6f7b, 0x6f7b, 0x6f7b, 0x6f7b,
    0x6f7b, 0x6f7b, 0x6f7b, 0x6f7b, 0x6f7b, 0x6f7b, 0x6f7b, 0x6f7b, 0x6f7b, 0x6f7b, 0x6f7b, 0x6f7b, 0x6f7b, 0x6f7b, 0x6f7b, 0x6f7b,
    0x6f7b, 0x6f7b, 0x6f7b, 0x6f7b, 0x6f7b, 0x6f7b, 0x6f7b, 0x6f7b, 0x6f7b, 0x6f7b, 0x6f7b, 0x6f7b, 0x6f7b, 0x6f7b, 0x6f7b, 0x6f7b,
    0x6f7b, 0x6f7b, 0x6f7b, 0x6f7b, 0x6f7b, 0x6318, 0x6318, 0x6f7b, 0x6f7b, 0x6f7b, 0x6f7b, 0x6f7b, 0x6f7b, 0x6f7b, 0x6f7b, 0x6f7b,
    0x6f7b, 0x6f7b, 0x6f7b, 0x6f7b, 0x6f7b, 0x6f7b, 0x6f7b, 0x6f7b, 0x6f7b, 0x6f7b, 0x6f7b, 0x6f7b, 0x6f7b, 0x6f7b, 0x6f7b, 0x6f7b,
    0x6f7b, 0x6f7b, 0x6f7b, 0x6f7b, 0x6318, 0x6739, 0x6f7b, 0x6f7b, 0x6f7b, 0x6f7b, 0x6f7b, 0x6f7b, 0x6f7b, 0x6f7b, 0x6f7b, 0x6f7b,
    0x6f7b, 0x6f7b, 0x6f7b, 0x6f7b, 0x6f7b, 0x6f7b, 0x6f7b, 0x6f7b, 0x6f7b, 0x6f7b, 0x6f7b, 0x6f7b, 0x6f7b, 0x6f7b, 0x6f7b, 0x6f7b,
    0x6f7b, 0x6f7b, 0x6f7b, 0x6f7b, 0x6f7b, 0x6f7b, 0x6f7b, 0x6f7b, 0x6f7b, 0x6f7b, 0x6f7b, 0x6f7b, 0x6f7b, 0x6f7b, 0x6f7b, 0x6f7b,
    0x6f7b, 0x6f7b, 0x6f7b, 0x6f7b, 0x6f7b, 0x6f7b, 0x6f7b, 0x6f7b, 0x6f7b, 0x6f7b, 0x6f7b, 0x6f7b, 0x6f7b, 0x6f7b, 0x6f7b, 0x6f7b,
    0x6f7b, 0x6f7b, 0x6f7b, 0x6f7b, 0x6f7b, 0x6f7b, 0x6f7b, 0x6f7b, 0x6f7b, 0x6f7b, 0x6f7b, 0x6f7b, 0x6f7b, 0x6f7b, 0x6f7b, 0x6f7b,
    0x6f7b, 0x6f7b, 0x6f7b, 0x6f7b, 0x6f7b, 0x6f7b, 0x6f7b, 0x6f7b, 0x6f7b, 0x6f7b, 0x6f7b, 0x6f7b, 0x6f7b, 0x6f7b, 0x6f7b, 0x6f7b,
    0x6f7b, 0x6f7b, 0x6f7b, 0x6f7b, 0x6f7b, 0x6318, 0x6f7b, 0x6f7b, 0x6f7b, 0x6f7b, 0x6f7b, 0x6f7b, 0x6f7b, 0x6f7b, 0x6f7b, 0x6f7b,
    0x6f7b, 0x6f7b, 0x2d6b, 0x2d6b, 0x2d6b, 0x6f7b, 0x6f7b, 0x2d6b, 0x2d6b, 0x2d6b, 0x6f7b, 0x6f7b, 0x6f7b, 0x6f7b, 0x6f7b, 0x6f7b,
    0x6f7b, 0x6f7b, 0x6f7b, 0x6f7b, 0x6f7b, 0x6f7b, 0x6318, 0x6f7b, 0x6f7b, 0x6f7b, 0x6f7b, 0x6f7b, 0x6f7b, 0x6f7b, 0x6f7b, 0x6f7b,
    0x6f7b, 0x6f7b, 0x6f7b, 0x6f7b, 0x6f7b, 0x6f7b, 0x6f7b, 0x6f7b, 0x6f7b, 0x6f7b, 0x6f7b, 0x6f7b, 0x6f7b, 0x6f7b, 0x6f7b, 0x6f7b,
    0x6f7b, 0x6f7b, 0x6f7b, 0x6f7b, 0x6f7b, 0x6f7b, 0x6f7b, 0x6f7b, 0x6f7b, 0x6f7b, 0x6f7b, 0x6f7b, 0x6f7b, 0x6f7b, 0x6f7b, 0x6f7b,
    0x6f7b, 0x6f7b, 0x6f7b, 0x6f7b, 0x6f7b, 0x6f7b, 0x6f7b, 0x6f7b, 0x6f7b, 0x6f7b, 0x6f7b, 0x6f7b, 0x6f7b, 0x6f7b, 0x6f7b, 0x6f7b,
    0x6f7b, 0x6f7b, 0x6f7b, 0x6f7b, 0x6f7b, 0x6f7b, 0x6f7b, 0x6f7b, 0x6f7b, 0x6f7b, 0x6f7b, 0x6f7b, 0x6f7b, 0x6f7b, 0x6f7b, 0x6f7b,
    0x6f7b, 0x6f7b, 0x6f7b, 0x6f7b, 0x6f7b, 0x6f7b, 0x6f7b, 0x6f7b, 0x6f7b, 0x6f7b, 0x6f7b, 0x6f7b, 0x6f7b, 0x6f7b, 0x6f7b, 0x6f7b,
    0x6f7b, 0x6f7b, 0x6f7b, 0x6f7b, 0x6318, 0x6f7b, 0x6f7b, 0x6f7b, 0x6f7b, 0x6f7b, 0x6f7b, 0x6f7b, 0x6f7b, 0x6f7b, 0x6f7b, 0x6f7b,
    0x6f7b, 0x6f7b, 0x6f7b, 0x2d6b, 0x6f7b, 0x2d6b, 0x6f7b, 0x2d6b, 0x6f7b, 0x6f7b, 0x6f7b, 0x6f7b, 0x6f7b, 0x6f7b, 0x6f7b, 0x6f7b,
    0x6f7b, 0x6f7b, 0x6f7b, 0x6f7b, 0x6f7b, 0x6f7b, 0x6f7b, 0x6318, 0x6f7b, 0x6f7b, 0x6f7b, 0x6f7b, 0x6f7b, 0x6f7b, 0x6f7b, 0x6f7b,
    0x6f7b, 0x6f7b, 0x6f7b, 0x6f7b, 0x6f7b, 0x6f7b, 0x6f7b, 0x6f7b, 0x6f7b, 0x6f7b, 0x6f7b, 0x6f7b, 0x6f7b, 0x6f7b, 0x6f7b, 0x6f7b,
    0x6f7b, 0x6f7b, 0x6f7b, 0x6f7b, 0x6f7b, 0x6f7b, 0x6f7b, 0x6f7b, 0x6f7b, 0x6f7b, 0x6f7b, 0x6f7b, 0x6f7b, 0x6f7b, 0x6f7b, 0x6f7b,
    0x6f7b, 0x6f7b, 0x6f7b, 0x6f7b, 0x6f7b, 0x6f7b, 0x6f7b, 0x6f7b, 0x6f7b, 0x6f7b, 0x6f7b, 0x6f7b, 0x6f7b, 0x6f7b, 0x6f7b, 0x6f7b,
    0x6f7b, 0x6f7b, 0x6f7b, 0x6f7b, 0x6f7b, 0x6f7b, 0x6f7b, 0x6f7b, 0x6f7b, 0x6f7b, 0x6f7b, 0x6f7b, 0x6f7b, 0x6f7b, 0x6f7b, 0x6f7b,
    0x6f7b, 0x6f7b, 0x6f7b, 0x6f7b, 0x6f7b, 0x6f7b, 0x6f7b, 0x6f7b, 0x6f7b, 0x6f7b, 0x6f7b, 0x6f7b, 0x6f7b, 0x6f7b, 0x6f7b, 0x6f7b,
    0x6f7b, 0x6f7b, 0x6f7b, 0x6318, 0x6f7b, 0x6f7b, 0x6f7b, 0x6f7b, 0x6f7b, 0x6f7b, 0x6f7b, 0x6f7b, 0x6f7b, 0x6f7b, 0x6f7b, 0x6f7b,
    0x6f7b, 0x6f7b, 0x6f7b, 0x6f7b, 0x6f7b, 0x6f7b, 0x6f7b, 0x6f7b, 0x6f7b, 0x6f7b, 0x6f7b, 0x6f7b, 0x6f7b, 0x6f7b, 0x6f7b, 0x6f7b,
    0x6f7b, 0x6f7b, 0x6f7b, 0x6f7b, 0x6f7b, 0x6f7b, 0x6f7b, 0x6f7b, 0x6318, 0x6f7b, 0x6f7b, 0x6f7b, 0x6f7b, 0x6f7b, 0x6f7b, 0x6f7b,
    0x6f7b, 0x6f7b, 0x6f7b, 0x6f7b, 0x6f7b, 0x6f7b, 0x6f7b, 0x6f7b, 0x6f7b, 0x6f7b, 0x6f7b, 0x6f7b, 0x6f7b, 0x6f7b, 0x6f7b, 0x6f7b,
    0x6f7b, 0x6f7b, 0x6f7b, 0x6f7b, 0x6f7b, 0x6f7b, 0x6f7b, 0x6f7b, 0x6f7b, 0x6f7b, 0x6f7b, 0x6f7b, 0x6f7b, 0x6f7b, 0x6f7b, 0x6f7b,
    0x6f7b, 0x6f7b, 0x6f7b, 0x6f7b, 0x6f7b, 0x6f7b, 0x6f7b, 0x6f7b, 0x6f7b, 0x6f7b, 0x6f7b, 0x6f7b, 0x6f7b, 0x6f7b, 0x6f7b, 0x6f7b,
    0x6f7b, 0x6f7b, 0x6f7b, 0x6f7b, 0x6f7b, 0x6f7b, 0x6f7b, 0x6f7b, 0x6f7b, 0x6f7b, 0x6f7b, 0x6f7b, 0x6f7b, 0x6f7b, 0x6f7b, 0x6f7b,
    0x6f7b, 0x6f7b, 0x6f7b, 0x6f7b, 0x6f7b, 0x6f7b, 0x6f7b, 0x6f7b, 0x6f7b, 0x6f7b, 0x6f7b, 0x6f7b, 0x6f7b, 0x6f7b, 0x6f7b, 0x6f7b,
    0x6f7b, 0x6f7b, 0x6318, 0x6f7b, 0x6f7b, 0x6f7b, 0x6f7b, 0x6f7b, 0x6f7b, 0x6f7b, 0x6f7b, 0x6f7b, 0x6f7b, 0x6f7b, 0x6f7b, 0x6f7b,
    0x6f7b, 0x6f7b, 0x6f7b, 0x6f7b, 0x6f7b, 0x6f7b, 0x6f7b, 0x6f7b, 0x6f7b, 0x6f7b, 0x6f7b, 0x6f7b, 0x6f7b, 0x6f7b, 0x6f7b, 0x6f7b,
    0x6f7b, 0x6f7b, 0x6f7b, 0x6f7b, 0x6f7b, 0x6f7b, 0x6f7b, 0x6f7b, 0x6f7b, 0x6318, 0x6f7b, 0x6f7b, 0x6f7b, 0x6f7b, 0x6f7b, 0x6f7b,
    0x6f7b, 0x6f7b, 0x6f7b, 0x6f7b, 0x6f7b, 0x6f7b, 0x6f7b, 0x6f7b, 0x6f7b, 0x6f7b, 0x6f7b, 0x6f7b, 0x6f7b, 0x6f7b, 0x6f7b, 0x6f7b,
    0x6f7b, 0x6f7b, 0x6f7b, 0x6f7b, 0x6f7b, 0x6f7b, 0x6f7b, 0x6f7b, 0x6f7b, 0x6f7b, 0x6f7b, 0x6f7b, 0x6f7b, 0x6f7b, 0x6f7b, 0x6f7b,
    0x6f7b, 0x6f7b, 0x6f7b, 0x6f7b, 0x6f7b, 0x6f7b, 0x6f7b, 0x6f7b, 0x6f7b, 0x6f7b, 0x6f7b, 0x6f7b, 0x6f7b, 0x6f7b, 0x6f7b, 0x6f7b,
    0x6f7b, 0x6f7b, 0x6f7b, 0x6f7b, 0x6f7b, 0x6f7b, 0x6f7b, 0x6f7b, 0x6f7b, 0x6f7b, 0x6f7b, 0x6f7b, 0x6f7b, 0x6f7b, 0x6f7b, 0x6f7b,
    0x6f7b, 0x6f7b, 0x6f7b, 0x6f7b, 0x6f7b, 0x6f7b, 0x6f7b, 0x6f7b, 0x6f7b, 0x6f7b, 0x6f7b, 0x6f7b, 0x6f7b, 0x6f7b, 0x6f7b, 0x6f7b,
    0x6f7b, 0x6318, 0x6f7b, 0x6f7b, 0x6f7b, 0x6f7b, 0x6f7b, 0x6f7b, 0x6f7b, 0x6f7b, 0x6f7b, 0x6f7b, 0x6f7b, 0x6f7b, 0x6f7b, 0x6f7b,
    0x6f7b, 0x6f7b, 0x6f7b, 0x6f7b, 0x6f7b, 0x6f7b, 0x6f7b, 0x6f7b, 0x6f7b, 0x6f7b, 0x6f7b, 0x6f7b, 0x6f7b, 0x6f7b, 0x6f7b, 0x6f7b,
    0x6f7b, 0x6f7b, 0x6f7b, 0x6f7b, 0x6f7b, 0x6f7b, 0x6f7b, 0x6f7b, 0x6f7b, 0x6f7b, 0x6b5a, 0x6f7b, 0x6f7b, 0x6f7b, 0x6f7b, 0x6f7b,
    0x6f7b, 0x6f7b, 0x6f7b, 0x6f7b, 0x6f7b, 0x6f7b, 0x6f7b, 0x6f7b, 0x6f7b, 0x6f7b, 0x6f7b, 0x6f7b, 0x6f7b, 0x6f7b, 0x6f7b, 0x6f7b,
    0x6f7b, 0x6f7b, 0x6f7b, 0x6f7b, 0x6f7b, 0x6f7b, 0x6f7b, 0x6f7b, 0x6f7b, 0x6f7b, 0x6f7b, 0x6f7b, 0x6f7b, 0x6f7b, 0x6f7b, 0x6f7b,
    0x6f7b, 0x6f7b, 0x6f7b, 0x6f7b, 0x6f7b, 0x6f7b, 0x6f7b, 0x6f7b, 0x6f7b, 0x6f7b, 0x6f7b, 0x6f7b, 0x6f7b, 0x6f7b, 0x6f7b, 0x6f7b,
    0x6f7b, 0x6f7b, 0x6f7b, 0x6f7b, 0x6f7b, 0x6f7b, 0x6f7b, 0x6f7b, 0x6f7b, 0x6f7b, 0x6f7b, 0x6f7b, 0x6f7b, 0x6f7b, 0x6f7b, 0x6f7b,
    0x6f7b, 0x6f7b, 0x6f7b, 0x6f7b, 0x6f7b, 0x6f7b, 0x6f7b, 0x6f7b, 0x6f7b, 0x6f7b, 0x6f7b, 0x6f7b, 0x6f7b, 0x6f7b, 0x6f7b, 0x6f7b,
    0x6318, 0x6f7b, 0x6f7b, 0x6f7b, 0x6f7b, 0x6f7b, 0x6f7b, 0x6f7b, 0x6f7b, 0x6f7b, 0x6f7b, 0x6f7b, 0x6f7b, 0x6f7b, 0x6f7b, 0x6f7b,
    0x6f7b, 0x6f7b, 0x6f7b, 0x6f7b, 0x6f7b, 0x6f7b, 0x6f7b, 0x6f7b, 0x6f7b, 0x6f7b, 0x6f7b, 0x6f7b, 0x6f7b, 0x6f7b, 0x6f7b, 0x6f7b,
    0x6f7b, 0x6f7b, 0x6f7b, 0x6f7b, 0x6f7b, 0x6f7b, 0x6f7b, 0x6f7b, 0x6f7b, 0x6f7b, 0x6318, 0x6f7b, 0x6f7b, 0x6f7b, 0x6f7b, 0x6f7b,
    0x6f7b, 0x6f7b, 0x6f7b, 0x6f7b, 0x6f7b, 0x6f7b, 0x6f7b, 0x6f7b, 0x6f7b, 0x6f7b, 0x6f7b, 0x6f7b, 0x6f7b, 0x6f7b, 0x6f7b, 0x6f7b,
    0x6f7b, 0x6f7b, 0x6f7b, 0x6f7b, 0x6f7b, 0x6f7b, 0x6f7b, 0x6f7b, 0x6f7b, 0x6f7b, 0x6f7b, 0x6f7b, 0x6f7b, 0x6f7b, 0x6f7b, 0x6f7b,
    0x6f7b, 0x6f7b, 0x6f7b, 0x6f7b, 0x6f7b, 0x6f7b, 0x6f7b, 0x6f7b, 0x6f7b, 0x6f7b, 0x6f7b, 0x6f7b, 0x6f7b, 0x6f7b, 0x6f7b, 0x6f7b,
    0x6f7b, 0x6f7b, 0x6f7b, 0x6f7b, 0x6f7b, 0x6f7b, 0x6f7b, 0x6f7b, 0x6f7b, 0x6f7b, 0x6f7b, 0x6f7b, 0x6f7b, 0x6f7b, 0x6f7b, 0x6f7b,
    0x6f7b, 0x6f7b, 0x6f7b, 0x6f7b, 0x6f7b, 0x6f7b, 0x6f7b, 0x6f7b, 0x6f7b, 0x6f7b, 0x6f7b, 0x6f7b, 0x6f7b, 0x6f7b, 0x6f7b, 0x6f7b,
    0x6318, 0x6f7b, 0x6f7b, 0x6f7b, 0x6f7b, 0x6f7b, 0x6f7b, 0x6f7b, 0x6f7b, 0x6f7b, 0x6f7b, 0x6f7b, 0x6f7b, 0x6f7b, 0x6f7b, 0x6f7b,
    0x6f7b, 0x6f7b, 0x6f7b, 0x6f7b, 0x6f7b, 0x6f7b, 0x6f7b, 0x6f7b, 0x6f7b, 0x6f7b, 0x6f7b, 0x6f7b, 0x6f7b, 0x6f7b, 0x6f7b, 0x6f7b,
    0x6f7b, 0x6f7b, 0x6f7b, 0x6f7b, 0x6f7b, 0x6f7b, 0x6f7b, 0x6f7b, 0x6f7b, 0x6f7b, 0x6f7b, 0x6318, 0x6f7b, 0x6f7b, 0x6f7b, 0x6f7b,
    0x6f7b, 0x6f7b, 0x6f7b, 0x6f7b, 0x6f7b, 0x6f7b, 0x6f7b, 0x6f7b, 0x6f7b, 0x6f7b, 0x6f7b, 0x6f7b, 0x6f7b, 0x6f7b, 0x6f7b, 0x6f7b,
    0x6f7b, 0x6f7b, 0x6f7b, 0x6f7b, 0x6f7b, 0x6f7b, 0x6f7b, 0x6f7b, 0x6f7b, 0x6f7b, 0x6f7b, 0x6f7b, 0x6f7b, 0x6f7b, 0x6f7b, 0x6f7b,
    0x6f7b, 0x6f7b, 0x6f7b, 0x6f7b, 0x6f7b, 0x6f7b, 0x6f7b, 0x6f7b, 0x6f7b, 0x6f7b, 0x6f7b, 0x6f7b, 0x6f7b, 0x6f7b, 0x6f7b, 0x6f7b,
    0x6f7b, 0x6f7b, 0x6f7b, 0x6f7b, 0x6f7b, 0x6f7b, 0x6f7b, 0x6f7b, 0x6f7b, 0x6f7b, 0x6f7b, 0x6f7b, 0x6f7b, 0x6f7b, 0x6f7b, 0x6f7b,
    0x6f7b, 0x6f7b, 0x6f7b, 0x6f7b, 0x6f7b, 0x6f7b, 0x6f7b, 0x6f7b, 0x6f7b, 0x6f7b, 0x6f7b, 0x6f7b, 0x6f7b, 0x6f7b, 0x6f7b, 0x6318,
    0x6f7b, 0x6f7b, 0x6f7b, 0x6f7b, 0x6f7b, 0x6f7b, 0x6f7b, 0x6f7b, 0x6f7b, 0x6f7b, 0x6f7b, 0x6f7b, 0x6f7b, 0x6f7b, 0x6f7b, 0x6f7b,
    0x6f7b, 0x6f7b, 0x6f7b, 0x6f7b, 0x6f7b, 0x6f7b, 0x6f7b, 0x6f7b, 0x6f7b, 0x6f7b, 0x6f7b, 0x6f7b, 0x6f7b, 0x6f7b, 0x6f7b, 0x6f7b,
    0x6f7b, 0x6f7b, 0x6f7b, 0x6f7b, 0x6f7b, 0x6f7b, 0x6f7b, 0x6f7b, 0x6f7b, 0x6f7b, 0x6f7b, 0x6318, 0x6f7b, 0x6f7b, 0x6f7b, 0x6f7b,
    0x6f7b, 0x6f7b, 0x6f7b, 0x6f7b, 0x6f7b, 0x6f7b, 0x6f7b, 0x6f7b, 0x6f7b, 0x6f7b, 0x6f7b, 0x6f7b, 0x6f7b, 0x6f7b, 0x6f7b, 0x6f7b,
    0x6f7b, 0x6f7b, 0x6f7b, 0x6f7b, 0x6f7b, 0x6f7b, 0x6f7b, 0x6f7b, 0x6f7b, 0x6f7b, 0x6f7b, 0x6f7b, 0x6f7b, 0x6f7b, 0x6f7b, 0x6f7b,
    0x6f7b, 0x6f7b, 0x6f7b, 0x6f7b, 0x6f7b, 0x6f7b, 0x6f7b, 0x6f7b, 0x6f7b, 0x6f7b, 0x6f7b, 0x6f7b, 0x6f7b, 0x6f7b, 0x6f7b, 0x6f7b,
    0x6f7b, 0x6f7b, 0x6f7b, 0x6f7b, 0x6f7b, 0x6f7b, 0x6f7b, 0x6f7b, 0x6f7b, 0x6f7b, 0x6f7b, 0x6f7b, 0x6f7b, 0x6f7b, 0x6f7b, 0x6f7b,
    0x6f7b, 0x6f7b, 0x6f7b, 0x6f7b, 0x6f7b, 0x6f7b, 0x6f7b, 0x6f7b, 0x6f7b, 0x6f7b, 0x6f7b, 0x6f7b, 0x6f7b, 0x6f7b, 0x6f7b, 0x6318,
    0x6f7b, 0x6f7b, 0x6f7b, 0x6f7b, 0x6f7b, 0x6f7b, 0x6f7b, 0x6f7b, 0x6f7b, 0x6f7b, 0x6f7b, 0x6f7b, 0x6f7b, 0x6f7b, 0x6f7b, 0x6f7b,
    0x6f7b, 0x6f7b, 0x6f7b, 0x6f7b, 0x6f7b, 0x6f7b, 0x6f7b, 0x6f7b, 0x6f7b, 0x6f7b, 0x6f7b, 0x6f7b, 0x6f7b, 0x6f7b, 0x6f7b, 0x6f7b,
    0x6f7b, 0x6f7b, 0x6f7b, 0x6f7b, 0x6f7b, 0x6f7b, 0x6f7b, 0x6f7b, 0x6f7b, 0x6f7b, 0x6f7b, 0x6f7b, 0x6318, 0x6f7b, 0x6f7b, 0x6f7b,
    0x6f7b, 0x6f7b, 0x6f7b, 0x6f7b, 0x6f7b, 0x6f7b, 0x6f7b, 0x6f7b, 0x6f7b, 0x6f7b, 0x6f7b, 0x6f7b, 0x6f7b, 0x6f7b, 0x6f7b, 0x6f7b,
    0x6f7b, 0x6f7b, 0x6f7b, 0x6f7b, 0x6f7b, 0x6f7b, 0x6f7b, 0x6f7b, 0x6f7b, 0x6f7b, 0x6f7b, 0x6f7b, 0x6f7b, 0x6f7b, 0x6f7b, 0x6f7b,
    0x6f7b, 0x6f7b, 0x6f7b, 0x6f7b, 0x6f7b, 0x6f7b, 0x6f7b, 0x6f7b, 0x6f7b, 0x6f7b, 0x6f7b, 0x6f7b, 0x6f7b, 0x6f7b, 0x6f7b, 0x6f7b,
    0x6f7b, 0x6f7b, 0x6f7b, 0x6f7b, 0x6f7b, 0x6f7b, 0x6f7b, 0x6f7b, 0x6f7b, 0x6f7b, 0x6f7b, 0x6f7b, 0x6f7b, 0x6f7b, 0x6f7b, 0x6f7b,
    0x6f7b, 0x6f7b, 0x6f7b, 0x6f7b, 0x6f7b, 0x6f7b, 0x6f7b, 0x6f7b, 0x6f7b, 0x6f7b, 0x6f7b, 0x6f7b, 0x6f7b, 0x6f7b, 0x6318, 0x6f7b,
    0x6f7b, 0x6f7b, 0x6f7b, 0x6f7b, 0x6f7b, 0x6f7b, 0x6f7b, 0x6f7b, 0x6f7b, 0x6f7b, 0x6f7b, 0x6f7b, 0x6f7b, 0x6f7b, 0x6f7b, 0x6f7b,
    0x6f7b, 0x6f7b, 0x6f7b, 0x6f7b, 0x6f7b, 0x6f7b, 0x6f7b, 0x6f7b, 0x6f7b, 0x6f7b, 0x6f7b, 0x6f7b, 0x6f7b, 0x6f7b, 0x6f7b, 0x6f7b,
    0x6f7b, 0x6f7b, 0x6f7b, 0x6f7b, 0x6f7b, 0x6f7b, 0x6f7b, 0x6f7b, 0x6f7b, 0x6f7b, 0x6f7b, 0x6f7b, 0x6318, 0x6f7b, 0x6f7b, 0x6f7b,
    0x6f7b, 0x6f7b, 0x6f7b, 0x6f7b, 0x6f7b, 0x6f7b, 0x6f7b, 0x6f7b, 0x6f7b, 0x6f7b, 0x6f7b, 0x6f7b, 0x6f7b, 0x6f7b, 0x6f7b, 0x6f7b,
    0x6f7b, 0x6f7b, 0x6f7b, 0x6f7b, 0x6f7b, 0x6f7b, 0x6f7b, 0x6f7b, 0x6f7b, 0x6f7b, 0x6f7b, 0x6f7b, 0x6f7b, 0x6f7b, 0x6f7b, 0x6f7b,
    0x6f7b, 0x6f7b, 0x6f7b, 0x6f7b, 0x6f7b, 0x6f7b, 0x6f7b, 0x6f7b, 0x6f7b, 0x6f7b, 0x6f7b, 0x6f7b, 0x6f7b, 0x6f7b, 0x6f7b, 0x6f7b,
    0x6f7b, 0x6f7b, 0x6f7b, 0x6f7b, 0x6f7b, 0x6f7b, 0x6f7b, 0x6f7b, 0x6f7b, 0x6f7b, 0x6f7b, 0x6f7b, 0x6f7b, 0x6f7b, 0x6f7b, 0x6f7b,
    0x6f7b, 0x6f7b, 0x6f7b, 0x6f7b, 0x6f7b, 0x6f7b, 0x6f7b, 0x6f7b, 0x6f7b, 0x6f7b, 0x6f7b, 0x6f7b, 0x6f7b, 0x6f7b, 0x6318, 0x6f7b,
    0x6f7b, 0x6f7b, 0x6f7b, 0x6f7b, 0x6f7b, 0x6f7b, 0x6f7b, 0x6f7b, 0x6f7b, 0x6f7b, 0x6f7b, 0x6f7b, 0x6f7b, 0x6f7b, 0x6f7b, 0x6f7b,
    0x6f7b, 0x6f7b, 0x6f7b, 0x6f7b, 0x6f7b, 0x6f7b, 0x6f7b, 0x6f7b, 0x6f7b, 0x6f7b, 0x6f7b, 0x6f7b, 0x6f7b, 0x6f7b, 0x6f7b, 0x6f7b,
    0x6f7b, 0x6f7b, 0x6f7b, 0x6f7b, 0x6f7b, 0x6f7b, 0x6f7b, 0x6f7b, 0x6f7b, 0x6f7b, 0x6f7b, 0x6f7b, 0x6f7b, 0x6318, 0x6f7b, 0x6f7b,
    0x6f7b, 0x6f7b, 0x6f7b, 0x6f7b, 0x6f7b, 0x6f7b, 0x6f7b, 0x6f7b, 0x6f7b, 0x6f7b, 0x6f7b, 0x6f7b, 0x6f7b, 0x6f7b, 0x6f7b, 0x6f7b,
    0x6f7b, 0x6f7b, 0x6f7b, 0x6f7b, 0x6f7b, 0x6f7b, 0x6f7b, 0x6f7b, 0x6f7b, 0x6f7b, 0x6f7b, 0x6f7b, 0x6f7b, 0x6f7b, 0x6f7b, 0x6f7b,
    0x6f7b, 0x6f7b, 0x6f7b, 0x6f7b, 0x6f7b, 0x6f7b, 0x6f7b, 0x6f7b, 0x6f7b, 0x6f7b, 0x6f7b, 0x6f7b, 0x6f7b, 0x6f7b, 0x6f7b, 0x6f7b,
    0x6f7b, 0x6f7b, 0x6f7b, 0x6f7b, 0x6f7b, 0x6f7b, 0x6f7b, 0x6f7b, 0x6f7b, 0x6f7b, 0x6f7b, 0x6f7b, 0x6f7b, 0x6f7b, 0x6f7b, 0x6f7b,
    0x6f7b, 0x6f7b, 0x6f7b, 0x6f7b, 0x6f7b, 0x6f7b, 0x6f7b, 0x6f7b, 0x6f7b, 0x6f7b, 0x6f7b, 0x6f7b, 0x6f7b, 0x6318, 0x6f7b, 0x6f7b,
    0x6f7b, 0x6f7b, 0x6f7b, 0x6f7b, 0x6f7b, 0x6f7b, 0x6f7b, 0x6f7b, 0x6f7b, 0x6f7b, 0x6f7b, 0x6f7b, 0x6f7b, 0x6f7b, 0x6f7b, 0x6f7b,
    0x6f7b, 0x6f7b, 0x6f7b, 0x6f7b, 0x6f7b, 0x6f7b, 0x6f7b, 0x6f7b, 0x6f7b, 0x6f7b, 0x6f7b, 0x6f7b, 0x6f7b, 0x6f7b, 0x6f7b, 0x6f7b,
    0x6f7b, 0x6f7b, 0x6f7b, 0x6f7b, 0x6f7b, 0x6f7b, 0x6f7b, 0x6f7b, 0x6f7b, 0x6f7b, 0x6f7b, 0x6f7b, 0x6f7b, 0x6318, 0x6f7b, 0x6f7b,
    0x6f7b, 0x6f7b, 0x6f7b, 0x6f7b, 0x6f7b, 0x6f7b, 0x6f7b, 0x6f7b, 0x6f7b, 0x6f7b, 0x6f7b, 0x6f7b, 0x6f7b, 0x6f7b, 0x6f7b, 0x6f7b,
    0x6f7b, 0x6f7b, 0x6f7b, 0x6f7b, 0x6f7b, 0x6f7b, 0x6f7b, 0x6f7b, 0x6f7b, 0x6f7b, 0x6f7b, 0x6f7b, 0x6f7b, 0x6f7b, 0x6f7b, 0x6f7b,
    0x6f7b, 0x6f7b, 0x6f7b, 0x6f7b, 0x6f7b, 0x6f7b, 0x6f7b, 0x6f7b, 0x6f7b, 0x6f7b, 0x6f7b, 0x6f7b, 0x6f7b, 0x6f7b, 0x6f7b, 0x6f7b,
    0x6f7b, 0x6f7b, 0x6f7b, 0x6f7b, 0x6f7b, 0x6f7b, 0x6f7b, 0x6f7b, 0x6f7b, 0x6f7b, 0x6f7b, 0x6f7b, 0x6f7b, 0x6f7b, 0x6f7b, 0x6f7b,
    0x6f7b, 0x6f7b, 0x6f7b, 0x6f7b, 0x6f7b, 0x6f7b, 0x6f7b, 0x6f7b, 0x6f7b, 0x6f7b, 0x6f7b, 0x6f7b, 0x6f7b, 0x6318, 0x6f7b, 0x6f7b,
    0x6f7b, 0x6f7b, 0x6f7b, 0x6f7b, 0x6f7b, 0x6f7b, 0x6f7b, 0x6f7b, 0x6f7b, 0x6f7b, 0x6f7b, 0x6f7b, 0x6f7b, 0x6f7b, 0x6f7b, 0x6f7b,
    0x6f7b, 0x6f7b, 0x6f7b, 0x6f7b, 0x6f7b, 0x6f7b, 0x6f7b, 0x6f7b, 0x6f7b, 0x6f7b, 0x6f7b, 0x6f7b, 0x6f7b, 0x6f7b, 0x6f7b, 0x6f7b,
    0x6f7b, 0x6f7b, 0x6f7b, 0x6f7b, 0x6f7b, 0x6f7b, 0x6f7b, 0x6f7b, 0x6f7b, 0x6f7b, 0x6f7b, 0x6f7b, 0x6f7b, 0x6318, 0x6f7b, 0x6f7b,
    0x6f7b, 0x6f7b, 0x6f7b, 0x6f7b, 0x6f7b, 0x6f7b, 0x6f7b, 0x6f7b, 0x6f7b, 0x6f7b, 0x6f7b, 0x6f7b, 0x6f7b, 0x6f7b, 0x6f7b, 0x6f7b,
    0x6f7b, 0x6f7b, 0x6f7b, 0x6f7b, 0x6f7b, 0x6f7b, 0x6f7b, 0x6f7b, 0x6f7b, 0x6f7b, 0x6f7b, 0x6f7b, 0x6f7b, 0x6f7b, 0x6f7b, 0x6f7b,
    0x6f7b, 0x6f7b, 0x6f7b, 0x6f7b, 0x6f7b, 0x6f7b, 0x6f7b, 0x6f7b, 0x6f7b, 0x6f7b, 0x6f7b, 0x6f7b, 0x6f7b, 0x6f7b, 0x6f7b, 0x6f7b,
    0x6f7b, 0x6f7b, 0x6f7b, 0x6f7b, 0x6f7b, 0x6f7b, 0x6f7b, 0x6f7b, 0x6f7b, 0x6f7b, 0x6f7b, 0x6f7b, 0x6f7b, 0x6f7b, 0x6f7b, 0x6f7b,
    0x6f7b, 0x6f7b, 0x6f7b, 0x6f7b, 0x6f7b, 0x6f7b, 0x6f7b, 0x6f7b, 0x6f7b, 0x6f7b, 0x6f7b, 0x6f7b, 0x6f7b, 0x6318, 0x6f7b, 0x6f7b,
    0x6f7b, 0x6f7b, 0x6f7b, 0x6f7b, 0x6f7b, 0x6f7b, 0x6f7b, 0x6f7b, 0x6f7b, 0x6f7b, 0x6f7b, 0x6f7b, 0x6f7b, 0x6f7b, 0x6f7b, 0x6f7b,
    0x6f7b, 0x6f7b, 0x6f7b, 0x6f7b, 0x6f7b, 0x6f7b, 0x6f7b, 0x6f7b, 0x6f7b, 0x6f7b, 0x6f7b, 0x6f7b, 0x6f7b, 0x6f7b, 0x6f7b, 0x6f7b,
    0x6f7b, 0x6f7b, 0x6f7b, 0x6f7b, 0x6f7b, 0x6f7b, 0x6f7b, 0x6f7b, 0x6f7b, 0x6f7b, 0x6f7b, 0x6f7b, 0x6f7b, 0x6f7b, 0x6318, 0x6f7b,
    0x6f7b, 0x6f7b, 0x6f7b, 0x6f7b, 0x6f7b, 0x6f7b, 0x6f7b, 0x6f7b, 0x6f7b, 0x6f7b, 0x6f7b, 0x6f7b, 0x6f7b, 0x6f7b, 0x6f7b, 0x6f7b,
    0x6f7b, 0x6f7b, 0x6f7b, 0x6f7b, 0x6f7b, 0x6f7b, 0x6f7b, 0x6f7b, 0x6f7b, 0x6f7b, 0x6f7b, 0x6f7b, 0x6f7b, 0x6f7b, 0x6f7b, 0x6f7b,
    0x6f7b, 0x6f7b, 0x6f7b, 0x6f7b, 0x6f7b, 0x6f7b, 0x6f7b, 0x6f7b, 0x6f7b, 0x6f7b, 0x6f7b, 0x6f7b, 0x6f7b, 0x6f7b, 0x6f7b, 0x6f7b,
    0x6f7b, 0x6f7b, 0x6f7b, 0x6f7b, 0x6f7b, 0x6f7b, 0x6f7b, 0x6f7b, 0x6f7b, 0x6f7b, 0x6f7b, 0x6f7b, 0x6f7b, 0x6f7b, 0x6f7b, 0x6f7b,
    0x6f7b, 0x6f7b, 0x6f7b, 0x6f7b, 0x6f7b, 0x6f7b, 0x6f7b, 0x6f7b, 0x6f7b, 0x6f7b, 0x6f7b, 0x6f7b, 0x6f7b, 0x6318, 0x6f7b, 0x6f7b,
    0x6f7b, 0x6f7b, 0x6f7b, 0x6f7b, 0x6f7b, 0x6f7b, 0x6f7b, 0x6f7b, 0x6f7b, 0x6f7b, 0x6f7b, 0x6f7b, 0x6f7b, 0x6f7b, 0x6f7b, 0x6f7b,
    0x6f7b, 0x6f7b, 0x6f7b, 0x6f7b, 0x6f7b, 0x6f7b, 0x6f7b, 0x6f7b, 0x6f7b, 0x6f7b, 0x6f7b, 0x6f7b, 0x6f7b, 0x6f7b, 0x6f7b, 0x6f7b,
    0x6f7b, 0x6f7b, 0x6f7b, 0x6f7b, 0x6f7b, 0x6f7b, 0x6f7b, 0x6f7b, 0x6f7b, 0x6f7b, 0x6f7b, 0x6f7b, 0x6f7b, 0x6f7b, 0x6318, 0x6f7b,
    0x6f7b, 0x6f7b, 0x6f7b, 0x6f7b, 0x6f7b, 0x6f7b, 0x6f7b, 0x6f7b, 0x6f7b, 0x6f7b, 0x6f7b, 0x6f7b, 0x6f7b, 0x6f7b, 0x6f7b, 0x6f7b,
    0x6f7b, 0x6f7b, 0x6f7b, 0x6f7b, 0x6f7b, 0x6f7b, 0x6f7b, 0x6f7b, 0x6f7b, 0x6f7b, 0x6f7b, 0x6f7b, 0x6f7b, 0x6f7b, 0x6f7b, 0x6f7b,
    0x6f7b, 0x6f7b, 0x6f7b, 0x6f7b, 0x6f7b, 0x6f7b, 0x6f7b, 0x6f7b, 0x6f7b, 0x6f7b, 0x6f7b, 0x6f7b, 0x6f7b, 0x6f7b, 0x6f7b, 0x6f7b,
    0x6f7b, 0x6f7b, 0x6f7b, 0x6f7b, 0x6f7b, 0x6f7b, 0x6f7b, 0x6f7b, 0x6f7b, 0x6f7b, 0x6f7b, 0x6f7b, 0x6f7b, 0x6f7b, 0x6f7b, 0x6f7b,
    0x6f7b, 0x6f7b, 0x6f7b, 0x6f7b, 0x6f7b, 0x6f7b, 0x6f7b, 0x6f7b, 0x6f7b, 0x6f7b, 0x6f7b, 0x6f7b, 0x6318, 0x6f7b, 0x6f7b, 0x6f7b,
    0x6f7b, 0x6f7b, 0x6f7b, 0x6f7b, 0x6f7b, 0x6f7b, 0x6f7b, 0x6f7b, 0x6f7b, 0x6f7b, 0x6f7b, 0x6f7b, 0x6f7b, 0x6f7b, 0x6f7b, 0x6f7b,
    0x6f7b, 0x6f7b, 0x6f7b, 0x6f7b, 0x6f7b, 0x6f7b, 0x6f7b, 0x6f7b, 0x6f7b, 0x6f7b, 0x6f7b, 0x6f7b, 0x6f7b, 0x6f7b, 0x6f7b, 0x6f7b,
    0x6f7b, 0x6f7b, 0x6f7b, 0x6f7b, 0x6f7b, 0x6f7b, 0x6f7b, 0x6f7b, 0x6f7b, 0x6f7b, 0x6f7b, 0x6f7b, 0x6f7b, 0x6f7b, 0x6739, 0x6f7b,
    0x6f7b, 0x6f7b, 0x6f7b, 0x6f7b, 0x6f7b, 0x6f7b, 0x6f7b, 0x6f7b, 0x6f7b, 0x6f7b, 0x6f7b, 0x6f7b, 0x6f7b, 0x6f7b, 0x6f7b, 0x6f7b,
    0x6f7b, 0x6f7b, 0x6f7b, 0x6f7b, 0x6f7b, 0x6f7b, 0x6f7b, 0x6f7b, 0x6f7b, 0x6f7b, 0x6f7b, 0x6f7b, 0x6f7b, 0x6f7b, 0x6f7b, 0x6f7b,
    0x6f7b, 0x6f7b, 0x6f7b, 0x6f7b, 0x6f7b, 0x6f7b, 0x6f7b, 0x6f7b, 0x6f7b, 0x6f7b, 0x6f7b, 0x6f7b, 0x6f7b, 0x6f7b, 0x6f7b, 0x6f7b,
    0x6f7b, 0x6f7b, 0x6f7b, 0x6f7b, 0x6f7b, 0x6f7b, 0x6f7b, 0x6f7b, 0x6f7b, 0x6f7b, 0x6f7b, 0x6f7b, 0x6f7b, 0x6f7b, 0x6f7b, 0x6f7b,
    0x6f7b, 0x6f7b, 0x6f7b, 0x6f7b, 0x6f7b, 0x6f7b, 0x6f7b, 0x6f7b, 0x6f7b, 0x6f7b, 0x6f7b, 0x6f7b, 0x6318, 0x6f7b, 0x6f7b, 0x6f7b,
    0x6f7b, 0x6f7b, 0x6f7b, 0x6f7b, 0x6f7b, 0x6f7b, 0x6f7b, 0x6f7b, 0x6f7b, 0x6f7b, 0x6f7b, 0x6f7b, 0x6f7b, 0x6f7b, 0x6f7b, 0x6f7b,
    0x6f7b, 0x6f7b, 0x6f7b, 0x6f7b, 0x6f7b, 0x6f7b, 0x6f7b, 0x6f7b, 0x6f7b, 0x6f7b, 0x6f7b, 0x6f7b, 0x6f7b, 0x6f7b, 0x6f7b, 0x6f7b,
    0x6f7b, 0x6f7b, 0x6f7b, 0x6f7b, 0x6f7b, 0x6f7b, 0x6f7b, 0x6f7b, 0x6f7b, 0x6f7b, 0x6f7b, 0x6f7b, 0x6f7b, 0x6f7b, 0x6318, 0x6f7b,
    0x6f7b, 0x6f7b, 0x6f7b, 0x6f7b, 0x6f7b, 0x6f7b, 0x6f7b, 0x6f7b, 0x6f7b, 0x6f7b, 0x6f7b, 0x6f7b, 0x6f7b, 0x6f7b, 0x6f7b, 0x6f7b,
    0x6f7b, 0x6f7b, 0x6f7b, 0x6f7b, 0x6f7b, 0x6f7b, 0x6f7b, 0x6f7b, 0x6f7b, 0x6f7b, 0x6f7b, 0x6f7b, 0x6f7b, 0x6f7b, 0x6f7b, 0x6f7b,
    0x6f7b, 0x6f7b, 0x6f7b, 0x6f7b, 0x6f7b, 0x6f7b, 0x6f7b, 0x6f7b, 0x6f7b, 0x6f7b, 0x6f7b, 0x6f7b, 0x6f7b, 0x6f7b, 0x6f7b, 0x6f7b,
    0x6f7b, 0x6f7b, 0x6f7b, 0x6f7b, 0x6f7b, 0x6f7b, 0x6f7b, 0x6f7b, 0x6f7b, 0x6f7b, 0x6f7b, 0x6f7b, 0x6f7b, 0x6f7b, 0x6f7b, 0x6f7b,
    0x6f7b, 0x6f7b, 0x6f7b, 0x6f7b, 0x6f7b, 0x6f7b, 0x6f7b, 0x6f7b, 0x6f7b, 0x6f7b, 0x6f7b, 0x6f7b, 0x6318, 0x6f7b, 0x6f7b, 0x6f7b,
    0x6f7b, 0x6f7b, 0x6f7b, 0x6f7b, 0x6f7b, 0x6f7b, 0x6f7b, 0x6f7b, 0x6f7b, 0x6f7b, 0x6f7b, 0x6f7b, 0x6f7b, 0x6f7b, 0x6f7b, 0x6f7b,
    0x6f7b, 0x6f7b, 0x6f7b, 0x6f7b, 0x6f7b, 0x6f7b, 0x6f7b, 0x6f7b, 0x6f7b, 0x6f7b, 0x6f7b, 0x6f7b, 0x6f7b, 0x6f7b, 0x6f7b, 0x6f7b,
    0x6f7b, 0x6f7b, 0x6f7b, 0x6f7b, 0x6f7b, 0x6f7b, 0x6f7b, 0x6f7b, 0x6f7b, 0x6f7b, 0x6f7b, 0x6f7b, 0x6f7b, 0x6f7b, 0x6318, 0x6f7b,
    0x6f7b, 0x6f7b, 0x6f7b, 0x6f7b, 0x6f7b, 0x6f7b, 0x6f7b, 0x6f7b, 0x6f7b, 0x6f7b, 0x6f7b, 0x6f7b, 0x6f7b, 0x6f7b, 0x6f7b, 0x6f7b,
    0x6f7b, 0x6f7b, 0x6f7b, 0x6f7b, 0x6f7b, 0x6f7b, 0x6f7b, 0x6f7b, 0x6f7b, 0x6f7b, 0x6f7b, 0x6f7b, 0x6f7b, 0x6f7b, 0x6f7b, 0x6f7b,
    0x6f7b, 0x6f7b, 0x6f7b, 0x6f7b, 0x6f7b, 0x6f7b, 0x6f7b, 0x6f7b, 0x6f7b, 0x6f7b, 0x6f7b, 0x6f7b, 0x6f7b, 0x6f7b, 0x6f7b, 0x6f7b,
    0x6f7b, 0x6f7b, 0x6f7b, 0x6f7b, 0x6f7b, 0x6f7b, 0x6f7b, 0x6f7b, 0x6f7b, 0x6f7b, 0x6f7b, 0x6f7b, 0x6f7b, 0x6f7b, 0x6f7b, 0x6f7b,
    0x6f7b, 0x6f7b, 0x6f7b, 0x6f7b, 0x6f7b, 0x6f7b, 0x6f7b, 0x6f7b, 0x6f7b, 0x6f7b, 0x6f7b, 0x6f7b, 0x6318, 0x6f7b, 0x6f7b, 0x6f7b,
    0x6f7b, 0x6f7b, 0x6f7b, 0x6f7b, 0x6f7b, 0x6f7b, 0x6f7b, 0x6f7b, 0x6f7b, 0x6f7b, 0x6f7b, 0x6f7b, 0x6f7b, 0x6f7b, 0x6f7b, 0x6f7b,
    0x6f7b, 0x6f7b, 0x6f7b, 0x6f7b, 0x6f7b, 0x6f7b, 0x6f7b, 0x6f7b, 0x6f7b, 0x6f7b, 0x6f7b, 0x6f7b, 0x6f7b, 0x6f7b, 0x6f7b, 0x6f7b,
    0x6f7b, 0x6f7b, 0x6f7b, 0x6f7b, 0x6f7b, 0x6f7b, 0x6f7b, 0x6f7b, 0x6f7b, 0x6f7b, 0x6f7b, 0x6f7b, 0x6f7b, 0x6f7b, 0x6318, 0x6f7b,
    0x6f7b, 0x6f7b, 0x6f7b, 0x6f7b, 0x6f7b, 0x6f7b, 0x6f7b, 0x6f7b, 0x6f7b, 0x6f7b, 0x6f7b, 0x6f7b, 0x6f7b, 0x6f7b, 0x6f7b, 0x6f7b,
    0x6f7b, 0x6f7b, 0x6f7b, 0x6f7b, 0x6f7b, 0x6f7b, 0x6f7b, 0x6f7b, 0x6f7b, 0x6f7b, 0x6f7b, 0x6f7b, 0x6f7b, 0x6f7b, 0x6f7b, 0x6f7b,
    0x6f7b, 0x6f7b, 0x6f7b, 0x6f7b, 0x6f7b, 0x6f7b, 0x6f7b, 0x6f7b, 0x6f7b, 0x6f7b, 0x6f7b, 0x6f7b, 0x6f7b, 0x6f7b, 0x6f7b, 0x6f7b,
    0x6f7b, 0x6f7b, 0x6f7b, 0x6f7b, 0x6f7b, 0x6f7b, 0x6f7b, 0x6f7b, 0x6f7b, 0x6f7b, 0x6f7b, 0x6f7b, 0x6f7b, 0x6f7b, 0x6f7b, 0x6f7b,
    0x6f7b, 0x6f7b, 0x6f7b, 0x6f7b, 0x6f7b, 0x6f7b, 0x6f7b, 0x6f7b, 0x6f7b, 0x6f7b, 0x6f7b, 0x6f7b, 0x6318, 0x6f7b, 0x6f7b, 0x6f7b,
    0x6f7b, 0x6f7b, 0x6f7b, 0x6f7b, 0x6f7b, 0x6f7b, 0x6f7b, 0x6f7b, 0x6f7b, 0x6f7b, 0x6f7b, 0x6f7b, 0x6f7b, 0x6f7b, 0x6f7b, 0x6f7b,
    0x6f7b, 0x6f7b, 0x6f7b, 0x6f7b, 0x6f7b, 0x6f7b, 0x6f7b, 0x6f7b, 0x6f7b, 0x6f7b, 0x6f7b, 0x6f7b, 0x6f7b, 0x6f7b, 0x6f7b, 0x6f7b,
    0x6f7b, 0x6f7b, 0x6f7b, 0x6f7b, 0x6f7b, 0x6f7b, 0x6f7b, 0x6f7b, 0x6f7b, 0x6f7b, 0x6f7b, 0x6f7b, 0x6f7b, 0x6f7b, 0x6318, 0x6f7b,
    0x6f7b, 0x6f7b, 0x6f7b, 0x6f7b, 0x6f7b, 0x6f7b, 0x6f7b, 0x6f7b, 0x6f7b, 0x6f7b, 0x6f7b, 0x6f7b, 0x6f7b, 0x6f7b, 0x6f7b, 0x6f7b,
    0x6f7b, 0x6f7b, 0x6f7b, 0x6f7b, 0x6f7b, 0x6f7b, 0x6f7b, 0x6f7b, 0x6f7b, 0x6f7b, 0x6f7b, 0x6f7b, 0x6f7b, 0x6f7b, 0x6f7b, 0x6f7b,
    0x6f7b, 0x6f7b, 0x6f7b, 0x6f7b, 0x6f7b, 0x6f7b, 0x6f7b, 0x6f7b, 0x6f7b, 0x6f7b, 0x6f7b, 0x6f7b, 0x6f7b, 0x6f7b, 0x6f7b, 0x6f7b,
    0x6f7b, 0x6f7b, 0x6f7b, 0x6f7b, 0x6f7b, 0x6f7b, 0x6f7b, 0x6f7b, 0x6f7b, 0x6f7b, 0x6f7b, 0x6f7b, 0x6f7b, 0x6f7b, 0x6f7b, 0x6f7b,
    0x6f7b, 0x6f7b, 0x6f7b, 0x6f7b, 0x6f7b, 0x6f7b, 0x6f7b, 0x6f7b, 0x6f7b, 0x6f7b, 0x6f7b, 0x6f7b, 0x6318, 0x6f7b, 0x6f7b, 0x6f7b,
    0x6f7b, 0x6f7b, 0x6f7b, 0x6f7b, 0x6f7b, 0x6f7b, 0x6f7b, 0x6f7b, 0x6f7b, 0x6f7b, 0x6f7b, 0x6f7b, 0x6f7b, 0x6f7b, 0x6f7b, 0x6f7b,
    0x6f7b, 0x6f7b, 0x6f7b, 0x6f7b, 0x6f7b, 0x6f7b, 0x6f7b, 0x6f7b, 0x6f7b, 0x6f7b, 0x6f7b, 0x6f7b, 0x6f7b, 0x6f7b, 0x6f7b, 0x6f7b,
    0x6f7b, 0x6f7b, 0x6f7b, 0x6f7b, 0x6f7b, 0x6f7b, 0x6f7b, 0x6f7b, 0x6f7b, 0x6f7b, 0x6f7b, 0x6f7b, 0x6f7b, 0x6f7b, 0x6318, 0x6f7b,
    0x6f7b, 0x6f7b, 0x6f7b, 0x6f7b, 0x6f7b, 0x6f7b, 0x6f7b, 0x6f7b, 0x6f7b, 0x6f7b, 0x6f7b, 0x6f7b, 0x6f7b, 0x6f7b, 0x6f7b, 0x6f7b,
    0x6f7b, 0x6f7b, 0x6f7b, 0x6f7b, 0x6f7b, 0x6f7b, 0x6f7b, 0x6f7b, 0x6f7b, 0x6f7b, 0x6f7b, 0x6f7b, 0x6f7b, 0x6f7b, 0x6f7b, 0x6f7b,
    0x6f7b, 0x6f7b, 0x6f7b, 0x6f7b, 0x6f7b, 0x6f7b, 0x6f7b, 0x6f7b, 0x6f7b, 0x6f7b, 0x6f7b, 0x6f7b, 0x6f7b, 0x6f7b, 0x6f7b, 0x6f7b,
    0x6f7b, 0x6f7b, 0x6f7b, 0x6f7b, 0x6f7b, 0x6f7b, 0x6f7b, 0x6f7b, 0x6f7b, 0x6f7b, 0x6f7b, 0x6f7b, 0x6f7b, 0x6f7b, 0x6f7b, 0x6f7b,
    0x6f7b, 0x6f7b, 0x6f7b, 0x6f7b, 0x6f7b, 0x6f7b, 0x6f7b, 0x6f7b, 0x6f7b, 0x6f7b, 0x6f7b, 0x6f7b, 0x6318, 0x6f7b, 0x6f7b, 0x6f7b,
    0x6f7b, 0x6f7b, 0x6f7b, 0x6f7b, 0x6f7b, 0x6f7b, 0x6f7b, 0x6f7b, 0x6f7b, 0x6f7b, 0x6f7b, 0x6f7b, 0x6f7b, 0x6f7b, 0x6f7b, 0x6f7b,
    0x6f7b, 0x6f7b, 0x6f7b, 0x6f7b, 0x6f7b, 0x6f7b, 0x6f7b, 0x6f7b, 0x6f7b, 0x6f7b, 0x6f7b, 0x6f7b, 0x6f7b, 0x6f7b, 0x6f7b, 0x6f7b,
    0x6f7b, 0x6f7b, 0x6f7b, 0x6f7b, 0x6f7b, 0x6f7b, 0x6f7b, 0x6f7b, 0x6f7b, 0x6f7b, 0x6f7b, 0x6f7b, 0x6f7b, 0x6f7b, 0x6318, 0x6f7b,
    0x6f7b, 0x6f7b, 0x6f7b, 0x6f7b, 0x6f7b, 0x6f7b, 0x6f7b, 0x6f7b, 0x6f7b, 0x6f7b, 0x6f7b, 0x6f7b, 0x6f7b, 0x6f7b, 0x6f7b, 0x6f7b,
    0x6f7b, 0x6f7b, 0x6f7b, 0x6f7b, 0x6f7b, 0x6f7b, 0x6f7b, 0x6f7b, 0x6f7b, 0x6f7b, 0x6f7b, 0x6f7b, 0x6f7b, 0x6f7b, 0x6f7b, 0x6f7b,
    0x6f7b, 0x6f7b, 0x6f7b, 0x6f7b, 0x6f7b, 0x6f7b, 0x6f7b, 0x6f7b, 0x6f7b, 0x6f7b, 0x6f7b, 0x6f7b, 0x6f7b, 0x6f7b, 0x6f7b, 0x6f7b,
    0x6f7b, 0x6f7b, 0x6f7b, 0x6f7b, 0x6f7b, 0x6f7b, 0x6f7b, 0x6f7b, 0x6f7b, 0x6f7b, 0x6f7b, 0x6f7b, 0x6f7b, 0x6f7b, 0x6f7b, 0x6f7b,
    0x6f7b, 0x6f7b, 0x6f7b, 0x6f7b, 0x6f7b, 0x6f7b, 0x6f7b, 0x6f7b, 0x6f7b, 0x6f7b, 0x6f7b, 0x6f7b, 0x6318, 0x6f7b, 0x6f7b, 0x6f7b,
    0x6f7b, 0x6f7b, 0x6f7b, 0x6f7b, 0x6f7b, 0x6f7b, 0x6f7b, 0x6f7b, 0x6f7b, 0x6f7b, 0x6f7b, 0x6f7b, 0x6f7b, 0x6f7b, 0x6f7b, 0x6f7b,
    0x6f7b, 0x6f7b, 0x6f7b, 0x6f7b, 0x6f7b, 0x6f7b, 0x6f7b, 0x6f7b, 0x6f7b, 0x6f7b, 0x6f7b, 0x6f7b, 0x6f7b, 0x6f7b, 0x6f7b, 0x6f7b,
    0x6f7b, 0x6f7b, 0x6f7b, 0x6f7b, 0x6f7b, 0x6f7b, 0x6f7b, 0x6f7b, 0x6f7b, 0x6f7b, 0x6f7b, 0x6f7b, 0x6f7b, 0x6f7b, 0x6318, 0x6f7b,
    0x6f7b, 0x6f7b, 0x6f7b, 0x6f7b, 0x6f7b, 0x6f7b, 0x6f7b, 0x6f7b, 0x6f7b, 0x6f7b, 0x6f7b, 0x6f7b, 0x6f7b, 0x6f7b, 0x6f7b, 0x6f7b,
    0x6f7b, 0x6f7b, 0x6f7b, 0x6f7b, 0x6f7b, 0x6f7b, 0x6f7b, 0x6f7b, 0x6f7b, 0x6f7b, 0x6f7b, 0x6f7b, 0x6f7b, 0x6f7b, 0x6f7b, 0x6f7b,
    0x6f7b, 0x6f7b, 0x6f7b, 0x6f7b, 0x6f7b, 0x6f7b, 0x6f7b, 0x6f7b, 0x6f7b, 0x6f7b, 0x6f7b, 0x6f7b, 0x6f7b, 0x6f7b, 0x6f7b, 0x6f7b,
    0x6f7b, 0x6f7b, 0x6f7b, 0x6f7b, 0x6f7b, 0x6f7b, 0x6f7b, 0x6f7b, 0x6f7b, 0x6f7b, 0x6f7b, 0x6f7b, 0x6f7b, 0x6f7b, 0x6f7b, 0x6f7b,
    0x6f7b, 0x6f7b, 0x6f7b, 0x6f7b, 0x6f7b, 0x6f7b, 0x6f7b, 0x6f7b, 0x6f7b, 0x6f7b, 0x6f7b, 0x6f7b, 0x6318, 0x6f7b, 0x6f7b, 0x6f7b,
    0x6f7b, 0x6f7b, 0x6f7b, 0x6f7b, 0x6f7b, 0x6f7b, 0x6f7b, 0x6f7b, 0x6f7b, 0x6f7b, 0x6f7b, 0x6f7b, 0x6f7b, 0x6f7b, 0x6f7b, 0x6f7b,
    0x6f7b, 0x6f7b, 0x6f7b, 0x6f7b, 0x6f7b, 0x6f7b, 0x6f7b, 0x6f7b, 0x6f7b, 0x6f7b, 0x6f7b, 0x6f7b, 0x6f7b, 0x6f7b, 0x6f7b, 0x6f7b,
    0x6f7b, 0x6f7b, 0x6f7b, 0x6f7b, 0x6f7b, 0x6f7b, 0x6f7b, 0x6f7b, 0x6f7b, 0x6f7b, 0x6f7b, 0x6f7b, 0x6f7b, 0x6f7b, 0x6318, 0x6f7b,
    0x6f7b, 0x6f7b, 0x6f7b, 0x6f7b, 0x6f7b, 0x6f7b, 0x6f7b, 0x6f7b, 0x6f7b, 0x6f7b, 0x6f7b, 0x6f7b, 0x6f7b, 0x6f7b, 0x6f7b, 0x6f7b,
    0x6f7b, 0x6f7b, 0x6f7b, 0x6f7b, 0x6f7b, 0x6f7b, 0x6f7b, 0x6f7b, 0x6f7b, 0x6f7b, 0x6f7b, 0x6f7b, 0x6f7b, 0x6f7b, 0x6f7b, 0x6f7b,
    0x6f7b, 0x6f7b, 0x6f7b, 0x6f7b, 0x6f7b, 0x6f7b, 0x6f7b, 0x6f7b, 0x6f7b, 0x6f7b, 0x6f7b, 0x6f7b, 0x6f7b, 0x6f7b, 0x6f7b, 0x6f7b,
    0x6f7b, 0x6f7b, 0x6f7b, 0x6f7b, 0x6f7b, 0x6f7b, 0x6f7b, 0x6f7b, 0x6f7b, 0x6f7b, 0x6f7b, 0x6f7b, 0x6f7b, 0x6f7b, 0x6f7b, 0x6f7b,
    0x6f7b, 0x6f7b, 0x6f7b, 0x6f7b, 0x6f7b, 0x6f7b, 0x6f7b, 0x6f7b, 0x6f7b, 0x6f7b, 0x6f7b, 0x6f7b, 0x6b5a, 0x6f7b, 0x6f7b, 0x6f7b,
    0x6f7b, 0x6f7b, 0x6f7b, 0x6f7b, 0x6f7b, 0x6f7b, 0x6f7b, 0x6f7b, 0x6f7b, 0x6f7b, 0x6f7b, 0x6f7b, 0x6f7b, 0x6f7b, 0x6f7b, 0x6f7b,
    0x6f7b, 0x6f7b, 0x6f7b, 0x6f7b, 0x6f7b, 0x6f7b, 0x6f7b, 0x6f7b, 0x6f7b, 0x6f7b, 0x6f7b, 0x6f7b, 0x6f7b, 0x6f7b, 0x6f7b, 0x6f7b,
    0x6f7b, 0x6f7b, 0x6f7b, 0x6f7b, 0x6f7b, 0x6f7b, 0x6f7b, 0x6f7b, 0x6f7b, 0x6f7b, 0x6f7b, 0x6f7b, 0x6f7b, 0x6f7b, 0x6318, 0x6f7b,
    0x6f7b, 0x6f7b, 0x6f7b, 0x6f7b, 0x6f7b, 0x6f7b, 0x6f7b, 0x6f7b, 0x6f7b, 0x6f7b, 0x6f7b, 0x6f7b, 0x6f7b, 0x6f7b, 0x6f7b, 0x6f7b,
    0x6f7b, 0x6f7b, 0x6f7b, 0x6f7b, 0x6f7b, 0x6f7b, 0x6f7b, 0x6f7b, 0x6f7b, 0x6f7b, 0x6f7b, 0x6f7b, 0x6f7b, 0x6f7b, 0x6f7b, 0x6f7b,
    0x6f7b, 0x6f7b, 0x6f7b, 0x6f7b, 0x6f7b, 0x6f7b, 0x6f7b, 0x6f7b, 0x6f7b, 0x6f7b, 0x6f7b, 0x6f7b, 0x6f7b, 0x6f7b, 0x6f7b, 0x6f7b,
    0x6f7b, 0x6f7b, 0x6f7b, 0x6f7b, 0x6f7b, 0x6f7b, 0x6f7b, 0x6f7b, 0x6f7b, 0x6f7b, 0x6f7b, 0x6f7b, 0x6f7b, 0x6f7b, 0x6f7b, 0x6f7b,
    0x6f7b, 0x6f7b, 0x6f7b, 0x6f7b, 0x6f7b, 0x6f7b, 0x6f7b, 0x6f7b, 0x6f7b, 0x6f7b, 0x6f7b, 0x6f7b, 0x6f7b, 0x6318, 0x6f7b, 0x6f7b,
    0x6f7b, 0x6f7b, 0x6f7b, 0x6f7b, 0x6f7b, 0x6f7b, 0x6f7b, 0x6f7b, 0x6f7b, 0x6f7b, 0x6f7b, 0x6f7b, 0x6f7b, 0x6f7b, 0x6f7b, 0x6f7b,
    0x6f7b, 0x6f7b, 0x6f7b, 0x6f7b, 0x6f7b, 0x6f7b, 0x6f7b, 0x6f7b, 0x6f7b, 0x6f7b, 0x6f7b, 0x6f7b, 0x6f7b, 0x6f7b, 0x6f7b, 0x6f7b,
    0x6f7b, 0x6f7b, 0x6f7b, 0x6f7b, 0x6f7b, 0x6f7b, 0x6f7b, 0x6f7b, 0x6f7b, 0x6f7b, 0x6f7b, 0x6f7b, 0x6f7b, 0x6f7b, 0x6318, 0x6f7b,
    0x6f7b, 0x6f7b, 0x6f7b, 0x6f7b, 0x6f7b, 0x6f7b, 0x6f7b, 0x6f7b, 0x6f7b, 0x6f7b, 0x6f7b, 0x6f7b, 0x6f7b, 0x6f7b, 0x6f7b, 0x6f7b,
    0x6f7b, 0x6f7b, 0x6f7b, 0x6f7b, 0x6f7b, 0x6f7b, 0x6f7b, 0x6f7b, 0x6f7b, 0x6f7b, 0x6f7b, 0x6f7b, 0x6f7b, 0x6f7b, 0x6f7b, 0x6f7b,
    0x6f7b, 0x6f7b, 0x6f7b, 0x6f7b, 0x6f7b, 0x6f7b, 0x6f7b, 0x6f7b, 0x6f7b, 0x6f7b, 0x6f7b, 0x6f7b, 0x6f7b, 0x6f7b, 0x6f7b, 0x6f7b,
    0x6f7b, 0x6f7b, 0x6f7b, 0x6f7b, 0x6f7b, 0x6f7b, 0x6f7b, 0x6f7b, 0x6f7b, 0x6f7b, 0x6f7b, 0x6f7b, 0x6f7b, 0x6f7b, 0x6f7b, 0x6f7b,
    0x6f7b, 0x6f7b, 0x6f7b, 0x6f7b, 0x6f7b, 0x6f7b, 0x6f7b, 0x6f7b, 0x6f7b, 0x6f7b, 0x6f7b, 0x6f7b, 0x6f7b, 0x6318, 0x6f7b, 0x6f7b,
    0x6f7b, 0x6f7b, 0x6f7b, 0x6f7b, 0x6f7b, 0x6f7b, 0x6f7b, 0x6f7b, 0x6f7b, 0x6f7b, 0x6f7b, 0x6f7b, 0x6f7b, 0x6f7b, 0x6f7b, 0x6f7b,
    0x6f7b, 0x6f7b, 0x6f7b, 0x6f7b, 0x6f7b, 0x6f7b, 0x6f7b, 0x6f7b, 0x6f7b, 0x6f7b, 0x6f7b, 0x6f7b, 0x6f7b, 0x6f7b, 0x6f7b, 0x6f7b,
    0x6f7b, 0x6f7b, 0x6f7b, 0x6f7b, 0x6f7b, 0x6f7b, 0x6f7b, 0x6f7b, 0x6f7b, 0x6f7b, 0x6f7b, 0x6f7b, 0x6f7b, 0x6f7b, 0x6739, 0x6f7b,
    0x6f7b, 0x6f7b, 0x6f7b, 0x6f7b, 0x6f7b, 0x6f7b, 0x6f7b, 0x6f7b, 0x6f7b, 0x6f7b, 0x6f7b, 0x6f7b, 0x6f7b, 0x6f7b, 0x6f7b, 0x6f7b,
    0x6f7b, 0x6f7b, 0x6f7b, 0x6f7b, 0x6f7b, 0x6f7b, 0x6f7b, 0x6f7b, 0x6f7b, 0x6f7b, 0x6f7b, 0x6f7b, 0x6f7b, 0x6f7b, 0x6f7b, 0x6f7b,
    0x6f7b, 0x6f7b, 0x6f7b, 0x6f7b, 0x6f7b, 0x6f7b, 0x6f7b, 0x6f7b, 0x6f7b, 0x6f7b, 0x6f7b, 0x6f7b, 0x6f7b, 0x6f7b, 0x6f7b, 0x6f7b,
    0x6f7b, 0x6f7b, 0x6f7b, 0x6f7b, 0x6f7b, 0x6f7b, 0x6f7b, 0x6f7b, 0x6f7b, 0x6f7b, 0x6f7b, 0x6f7b, 0x6f7b, 0x6f7b, 0x6f7b, 0x6f7b,
    0x6f7b, 0x6f7b, 0x6f7b, 0x6f7b, 0x6f7b, 0x6f7b, 0x6f7b, 0x6f7b, 0x6f7b, 0x6f7b, 0x6f7b, 0x6f7b, 0x6f7b, 0x6318, 0x6f7b, 0x6f7b,
    0x6f7b, 0x6f7b, 0x6f7b, 0x6f7b, 0x6f7b, 0x6f7b, 0x6f7b, 0x6f7b, 0x6f7b, 0x6f7b, 0x6f7b, 0x6f7b, 0x6f7b, 0x6f7b, 0x6f7b, 0x6f7b,
    0x6f7b, 0x6f7b, 0x6f7b, 0x6f7b, 0x6f7b, 0x6f7b, 0x6f7b, 0x6f7b, 0x6f7b, 0x6f7b, 0x6f7b, 0x6f7b, 0x6f7b, 0x6f7b, 0x6f7b, 0x6f7b,
    0x6f7b, 0x6f7b, 0x6f7b, 0x6f7b, 0x6f7b, 0x6f7b, 0x6f7b, 0x6f7b, 0x6f7b, 0x6f7b, 0x6f7b, 0x6f7b, 0x6f7b, 0x6318, 0x6f7b, 0x6f7b,
    0x6f7b, 0x6f7b, 0x6f7b, 0x6f7b, 0x6f7b, 0x6f7b, 0x6f7b, 0x6f7b, 0x6f7b, 0x6f7b, 0x6f7b, 0x6f7b, 0x6f7b, 0x6f7b, 0x6f7b, 0x6f7b,
    0x6f7b, 0x6f7b, 0x6f7b, 0x6f7b, 0x6f7b, 0x6f7b, 0x6f7b, 0x6f7b, 0x6f7b, 0x6f7b, 0x6f7b, 0x6f7b, 0x6f7b, 0x6f7b, 0x6f7b, 0x6f7b,
    0x6f7b, 0x6f7b, 0x6f7b, 0x6f7b, 0x6f7b, 0x6f7b, 0x6f7b, 0x6f7b, 0x6f7b, 0x6f7b, 0x6f7b, 0x6f7b, 0x6f7b, 0x6f7b, 0x6f7b, 0x6f7b,
    0x6f7b, 0x6f7b, 0x6f7b, 0x6f7b, 0x6f7b, 0x6f7b, 0x6f7b, 0x6f7b, 0x6f7b, 0x6f7b, 0x6f7b, 0x6f7b, 0x6f7b, 0x6f7b, 0x6f7b, 0x6f7b,
    0x6f7b, 0x6f7b, 0x6f7b, 0x6f7b, 0x6f7b, 0x6f7b, 0x6f7b, 0x6f7b, 0x6f7b, 0x6f7b, 0x6f7b, 0x6f7b, 0x6f7b, 0x6f7b, 0x6318, 0x6f7b,
    0x6f7b, 0x6f7b, 0x6f7b, 0x6f7b, 0x6f7b, 0x6f7b, 0x6f7b, 0x6f7b, 0x6f7b, 0x6f7b, 0x6f7b, 0x6f7b, 0x6f7b, 0x6f7b, 0x6f7b, 0x6f7b,
    0x6f7b, 0x6f7b, 0x6f7b, 0x6f7b, 0x6f7b, 0x6f7b, 0x6f7b, 0x6f7b, 0x6f7b, 0x6f7b, 0x6f7b, 0x6f7b, 0x6f7b, 0x6f7b, 0x6f7b, 0x6f7b,
    0x6f7b, 0x6f7b, 0x6f7b, 0x6f7b, 0x6f7b, 0x6f7b, 0x6f7b, 0x6f7b, 0x6f7b, 0x6f7b, 0x6f7b, 0x6f7b, 0x6f7b, 0x6318, 0x6f7b, 0x6f7b,
    0x6f7b, 0x6f7b, 0x6f7b, 0x6f7b, 0x6f7b, 0x6f7b, 0x6f7b, 0x6f7b, 0x6f7b, 0x6f7b, 0x6f7b, 0x6f7b, 0x6f7b, 0x6f7b, 0x6f7b, 0x6f7b,
    0x6f7b, 0x6f7b, 0x6f7b, 0x6f7b, 0x6f7b, 0x6f7b, 0x6f7b, 0x6f7b, 0x6f7b, 0x6f7b, 0x6f7b, 0x6f7b, 0x6f7b, 0x6f7b, 0x6f7b, 0x6f7b,
    0x6f7b, 0x6f7b, 0x6f7b, 0x6f7b, 0x6f7b, 0x6f7b, 0x6f7b, 0x6f7b, 0x6f7b, 0x6f7b, 0x6f7b, 0x6f7b, 0x6f7b, 0x6f7b, 0x6f7b, 0x6f7b,
    0x6f7b, 0x6f7b, 0x6f7b, 0x6f7b, 0x6f7b, 0x6f7b, 0x6f7b, 0x6f7b, 0x6f7b, 0x6f7b, 0x6f7b, 0x6f7b, 0x6f7b, 0x6f7b, 0x6f7b, 0x6f7b,
    0x6f7b, 0x6f7b, 0x6f7b, 0x6f7b, 0x6f7b, 0x6f7b, 0x6f7b, 0x6f7b, 0x6f7b, 0x6f7b, 0x6f7b, 0x6f7b, 0x6f7b, 0x6f7b, 0x6318, 0x6f7b,
    0x6f7b, 0x6f7b, 0x6f7b, 0x6f7b, 0x6f7b, 0x6f7b, 0x6f7b, 0x6f7b, 0x6f7b, 0x6f7b, 0x6f7b, 0x6f7b, 0x6f7b, 0x6f7b, 0x6f7b, 0x6f7b,
    0x6f7b, 0x6f7b, 0x6f7b, 0x6f7b, 0x6f7b, 0x6f7b, 0x6f7b, 0x6f7b, 0x6f7b, 0x6f7b, 0x6f7b, 0x6f7b, 0x6f7b, 0x6f7b, 0x6f7b, 0x6f7b,
    0x6f7b, 0x6f7b, 0x6f7b, 0x6f7b, 0x6f7b, 0x6f7b, 0x6f7b, 0x6f7b, 0x6f7b, 0x6f7b, 0x6f7b, 0x6f7b, 0x6f7b, 0x6739, 0x6f7b, 0x6f7b,
    0x6f7b, 0x6f7b, 0x6f7b, 0x6f7b, 0x6f7b, 0x6f7b, 0x6f7b, 0x6f7b, 0x6f7b, 0x6f7b, 0x6f7b, 0x6f7b, 0x6f7b, 0x6f7b, 0x6f7b, 0x6f7b,
    0x6f7b, 0x6f7b, 0x6f7b, 0x6f7b, 0x6f7b, 0x6f7b, 0x6f7b, 0x6f7b, 0x6f7b, 0x6f7b, 0x6f7b, 0x6f7b, 0x6f7b, 0x6f7b, 0x6f7b, 0x6f7b,
    0x6f7b, 0x6f7b, 0x6f7b, 0x6f7b, 0x6f7b, 0x6f7b, 0x6f7b, 0x6f7b, 0x6f7b, 0x6f7b, 0x6f7b, 0x6f7b, 0x6f7b, 0x6f7b, 0x6f7b, 0x6f7b,
    0x6f7b, 0x6f7b, 0x6f7b, 0x6f7b, 0x6f7b, 0x6f7b, 0x6f7b, 0x6f7b, 0x6f7b, 0x6f7b, 0x6f7b, 0x6f7b, 0x6f7b, 0x6f7b, 0x6f7b, 0x6f7b,
    0x6f7b, 0x6f7b, 0x6f7b, 0x6f7b, 0x6f7b, 0x6f7b, 0x6f7b, 0x6f7b, 0x6f7b, 0x6f7b, 0x6f7b, 0x6f7b, 0x6f7b, 0x6f7b, 0x6318, 0x6f7b,
    0x6f7b, 0x6f7b, 0x6f7b, 0x6f7b, 0x6f7b, 0x6f7b, 0x6f7b, 0x6f7b, 0x6f7b, 0x6f7b, 0x6f7b, 0x6f7b, 0x6f7b, 0x6f7b, 0x6f7b, 0x6f7b,
    0x6f7b, 0x6f7b, 0x6f7b, 0x6f7b, 0x6f7b, 0x6f7b, 0x6f7b, 0x6f7b, 0x6f7b, 0x6f7b, 0x6f7b, 0x6f7b, 0x6f7b, 0x6f7b, 0x6f7b, 0x6f7b,
    0x6f7b, 0x6f7b, 0x6f7b, 0x6f7b, 0x6f7b, 0x6f7b, 0x6f7b, 0x6f7b, 0x6f7b, 0x6f7b, 0x6f7b, 0x6f7b, 0x6318, 0x6f7b, 0x6f7b, 0x6f7b,
    0x6f7b, 0x6f7b, 0x6f7b, 0x6f7b, 0x6f7b, 0x6f7b, 0x6f7b, 0x6f7b, 0x6f7b, 0x6f7b, 0x6f7b, 0x6f7b, 0x6f7b, 0x6f7b, 0x6f7b, 0x6f7b,
    0x6f7b, 0x6f7b, 0x6f7b, 0x6f7b, 0x6f7b, 0x6f7b, 0x6f7b, 0x6f7b, 0x6f7b, 0x6f7b, 0x6f7b, 0x6f7b, 0x6f7b, 0x6f7b, 0x6f7b, 0x6f7b,
    0x6f7b, 0x6f7b, 0x6f7b, 0x6f7b, 0x6f7b, 0x6f7b, 0x6f7b, 0x6f7b, 0x6f7b, 0x6f7b, 0x6f7b, 0x6f7b, 0x6f7b, 0x6f7b, 0x6f7b, 0x6f7b,
    0x6f7b, 0x6f7b, 0x6f7b, 0x6f7b, 0x6f7b, 0x6f7b, 0x6f7b, 0x6f7b, 0x6f7b, 0x6f7b, 0x6f7b, 0x6f7b, 0x6f7b, 0x6f7b, 0x6f7b, 0x6f7b,
    0x6f7b, 0x6f7b, 0x6f7b, 0x6f7b, 0x6f7b, 0x6f7b, 0x6f7b, 0x6f7b, 0x6f7b, 0x6f7b, 0x6f7b, 0x6f7b, 0x6f7b, 0x6f7b, 0x6f7b, 0x6318,
    0x6f7b, 0x6f7b, 0x6f7b, 0x6f7b, 0x6f7b, 0x6f7b, 0x6f7b, 0x6f7b, 0x6f7b, 0x6f7b, 0x6f7b, 0x6f7b, 0x6f7b, 0x6f7b, 0x6f7b, 0x6f7b,
    0x6f7b, 0x6f7b, 0x6f7b, 0x6f7b, 0x6f7b, 0x6f7b, 0x107d, 0x6f7b, 0x6f7b, 0x6f7b, 0x6f7b, 0x6f7b, 0x6f7b, 0x6f7b, 0x6f7b, 0x6f7b,
    0x6f7b, 0x6f7b, 0x6f7b, 0x6f7b, 0x6f7b, 0x6f7b, 0x6f7b, 0x6f7b, 0x6f7b, 0x6f7b, 0x6f7b, 0x6f7b, 0x6318, 0x6f7b, 0x6f7b, 0x6f7b,
    0x6f7b, 0x6f7b, 0x6f7b, 0x6f7b, 0x6f7b, 0x6f7b, 0x6f7b, 0x6f7b, 0x6f7b, 0x6f7b, 0x6f7b, 0x6f7b, 0x6f7b, 0x6f7b, 0x6f7b, 0x6f7b,
    0x6f7b, 0x6f7b, 0x6f7b, 0x6f7b, 0x6f7b, 0x6f7b, 0x6f7b, 0x6f7b, 0x6f7b, 0x6f7b, 0x6f7b, 0x6f7b, 0x6f7b, 0x6f7b, 0x6f7b, 0x6f7b,
    0x6f7b, 0x6f7b, 0x6f7b, 0x6f7b, 0x6f7b, 0x6f7b, 0x6f7b, 0x6f7b, 0x6f7b, 0x6f7b, 0x6f7b, 0x6f7b, 0x6f7b, 0x6f7b, 0x6f7b, 0x6f7b,
    0x6f7b, 0x6f7b, 0x6f7b, 0x6f7b, 0x6f7b, 0x6f7b, 0x6f7b, 0x6f7b, 0x6f7b, 0x6f7b, 0x6f7b, 0x6f7b, 0x6f7b, 0x6f7b, 0x6f7b, 0x6f7b,
    0x6f7b, 0x6f7b, 0x6f7b, 0x6f7b, 0x6f7b, 0x6f7b, 0x6f7b, 0x6f7b, 0x6f7b, 0x6f7b, 0x6f7b, 0x6f7b, 0x6f7b, 0x6f7b, 0x6f7b, 0x6739,
    0x6f7b, 0x6f7b, 0x6f7b, 0x6f7b, 0x6f7b, 0x6f7b, 0x6f7b, 0x6f7b, 0x6f7b, 0x6f7b, 0x6f7b, 0x6f7b, 0x6f7b, 0x6f7b, 0x6f7b, 0x6f7b,
    0x6f7b, 0x6f7b, 0x6f7b, 0x6f7b, 0x6f7b, 0x6f7b, 0x6f7b, 0x107d, 0x6f7b, 0x6f7b, 0x6f7b, 0x6f7b, 0x6f7b, 0x6f7b, 0x6f7b, 0x6f7b,
    0x6f7b, 0x6f7b, 0x6f7b, 0x6f7b, 0x6f7b, 0x6f7b, 0x6f7b, 0x6f7b, 0x6f7b, 0x6f7b, 0x6f7b, 0x6318, 0x6f7b, 0x6f7b, 0x6f7b, 0x6f7b,
    0x6f7b, 0x6f7b, 0x6f7b, 0x6f7b, 0x6f7b, 0x6f7b, 0x6f7b, 0x6f7b, 0x6f7b, 0x6f7b, 0x6f7b, 0x6f7b, 0x6f7b, 0x6f7b, 0x6f7b, 0x6f7b,
    0x6f7b, 0x6f7b, 0x6f7b, 0x6f7b, 0x6f7b, 0x6f7b, 0x6f7b, 0x6f7b, 0x6f7b, 0x6f7b, 0x6f7b, 0x6f7b, 0x6f7b, 0x6f7b, 0x6f7b, 0x6f7b,
    0x6f7b, 0x6f7b, 0x6f7b, 0x6f7b, 0x6f7b, 0x6f7b, 0x6f7b, 0x6f7b, 0x6f7b, 0x6f7b, 0x6f7b, 0x6f7b, 0x6f7b, 0x6f7b, 0x6f7b, 0x6f7b,
    0x6f7b, 0x6f7b, 0x6f7b, 0x6f7b, 0x6f7b, 0x6f7b, 0x6f7b, 0x6f7b, 0x6f7b, 0x6f7b, 0x6f7b, 0x6f7b, 0x6f7b, 0x6f7b, 0x6f7b, 0x6f7b,
    0x6f7b, 0x6f7b, 0x6f7b, 0x6f7b, 0x6f7b, 0x6f7b, 0x6f7b, 0x6f7b, 0x6f7b, 0x6f7b, 0x5294, 0x0001, 0x5294, 0x6f7b, 0x6f7b, 0x6f7b,
    0x6318, 0x6f7b, 0x6f7b, 0x6f7b, 0x6f7b, 0x6f7b, 0x6f7b, 0x6f7b, 0x6f7b, 0x6f7b, 0x6f7b, 0x6f7b, 0x6f7b, 0x6f7b, 0x6f7b, 0x6f7b,
    0x6f7b, 0x6f7b, 0x6f7b, 0x6f7b, 0x6f7b, 0x4cc5, 0x6f7b, 0x6f7b, 0x6f7b, 0x6f7b, 0x6f7b, 0x6f7b, 0x6f7b, 0x6f7b, 0x6f7b, 0x6f7b,
    0x6f7b, 0x6f7b, 0x6f7b, 0x6f7b, 0x6f7b, 0x6f7b, 0x6f7b, 0x6f7b, 0x6f7b, 0x6f7b, 0x6f7b, 0x6739, 0x6f7b, 0x6f7b, 0x5294, 0x0001,
    0x0001, 0x5294, 0x6f7b, 0x6f7b, 0x6f7b, 0x6f7b, 0x6f7b, 0x6f7b, 0x6f7b, 0x6f7b, 0x6f7b, 0x6f7b, 0x6f7b, 0x6f7b, 0x6f7b, 0x6f7b,
    0x6f7b, 0x6f7b, 0x6f7b, 0x6f7b, 0x6f7b, 0x6f7b, 0x6f7b, 0x6f7b, 0x6f7b, 0x6f7b, 0x6f7b, 0x6f7b, 0x6f7b, 0x6f7b, 0x6f7b, 0x6f7b,
    0x6f7b, 0x6f7b, 0x6f7b, 0x6f7b, 0x6f7b, 0x6f7b, 0x6f7b, 0x6f7b, 0x6f7b, 0x6f7b, 0x6f7b, 0x6f7b, 0x6f7b, 0x6f7b, 0x6f7b, 0x6f7b,
    0x6f7b, 0x6f7b, 0x6f7b, 0x6f7b, 0x6f7b, 0x6f7b, 0x6f7b, 0x6f7b, 0x6f7b, 0x6f7b, 0x6f7b, 0x6f7b, 0x6f7b, 0x6f7b, 0x6f7b, 0x6f7b,
    0x6f7b, 0x6f7b, 0x6f7b, 0x6f7b, 0x6f7b, 0x6f7b, 0x6f7b, 0x6f7b, 0x5294, 0x0001, 0x6f7b, 0x6f7b, 0x6f7b, 0x0001, 0x5294, 0x6f7b,
    0x6f7b, 0x6318, 0x6f7b, 0x6f7b, 0x6f7b, 0x6f7b, 0x6f7b, 0x6f7b, 0x6f7b, 0x6f7b, 0x6f7b, 0x6f7b, 0x6f7b, 0x6f7b, 0x6f7b, 0x6f7b,
    0x6f7b, 0x6f7b, 0x6f7b, 0x6f7b, 0x071f, 0x26c4, 0x6f7b, 0x26c4, 0x6f7b, 0x6f7b, 0x6f7b, 0x6f7b, 0x6f7b, 0x6f7b, 0x6f7b, 0x6f7b,
    0x6f7b, 0x6f7b, 0x6f7b, 0x6f7b, 0x6f7b, 0x6f7b, 0x6f7b, 0x6f7b, 0x6f7b, 0x6f7b, 0x6318, 0x6f7b, 0x6f7b, 0x0001, 0x6f7b, 0x6f7b,
    0x6f7b, 0x6f7b, 0x0001, 0x6f7b, 0x6f7b, 0x6f7b, 0x6f7b, 0x6f7b, 0x6f7b, 0x6f7b, 0x6f7b, 0x6f7b, 0x6f7b, 0x6f7b, 0x6f7b, 0x6f7b,
    0x6f7b, 0x6f7b, 0x6f7b, 0x6f7b, 0x6f7b, 0x6f7b, 0x6f7b, 0x6f7b, 0x6f7b, 0x6f7b, 0x6f7b, 0x6f7b, 0x6f7b, 0x6f7b, 0x6f7b, 0x6f7b,
    0x6f7b, 0x6f7b, 0x6f7b, 0x6f7b, 0x6f7b, 0x6f7b, 0x6f7b, 0x6f7b, 0x6f7b, 0x6f7b, 0x6f7b, 0x6f7b, 0x6f7b, 0x6f7b, 0x6f7b, 0x6f7b,
    0x6f7b, 0x6f7b, 0x6f7b, 0x6f7b, 0x6f7b, 0x6f7b, 0x6f7b, 0x6f7b, 0x6f7b, 0x6f7b, 0x6f7b, 0x6f7b, 0x6f7b, 0x6f7b, 0x6f7b, 0x6f7b,
    0x6f7b, 0x6f7b, 0x6f7b, 0x6f7b, 0x6f7b, 0x6f7b, 0x6f7b, 0x5294, 0x6f7b, 0x6f7b, 0x6f7b, 0x6f7b, 0x6f7b, 0x6f7b, 0x6f7b, 0x5294,
    0x6f7b, 0x6739, 0x6f7b, 0x6f7b, 0x6f7b, 0x6f7b, 0x6f7b, 0x6f7b, 0x6f7b, 0x6f7b, 0x6f7b, 0x6f7b, 0x6f7b, 0x6f7b, 0x6f7b, 0x6f7b,
    0x6f7b, 0x6f7b, 0x6f7b, 0x6f7b, 0x6f7b, 0x6f7b, 0x6f7b, 0x6f7b, 0x6f7b, 0x6f7b, 0x6f7b, 0x6f7b, 0x6f7b, 0x6f7b, 0x6f7b, 0x6f7b,
    0x6f7b, 0x6f7b, 0x6f7b, 0x6f7b, 0x6f7b, 0x6f7b, 0x6f7b, 0x6f7b, 0x6f7b, 0x6318, 0x6f7b, 0x6f7b, 0x0001, 0x6f7b, 0x6f7b, 0x6f7b,
    0x6f7b, 0x6f7b, 0x6f7b, 0x0001, 0x6f7b, 0x6f7b, 0x6f7b, 0x6f7b, 0x6f7b, 0x6f7b, 0x6f7b, 0x6f7b, 0x6f7b, 0x6f7b, 0x6f7b, 0x6f7b,
    0x6f7b, 0x6f7b, 0x6f7b, 0x6f7b, 0x6f7b, 0x6f7b, 0x6f7b, 0x6f7b, 0x6f7b, 0x6f7b, 0x6f7b, 0x6f7b, 0x6f7b, 0x6f7b, 0x6f7b, 0x6f7b,
    0x6f7b, 0x6f7b, 0x6f7b, 0x6f7b, 0x6f7b, 0x6f7b, 0x6f7b, 0x6f7b, 0x6f7b, 0x6f7b, 0x6f7b, 0x6f7b, 0x6f7b, 0x6f7b, 0x6f7b, 0x6f7b,
    0x6f7b, 0x6f7b, 0x6f7b, 0x6f7b, 0x6f7b, 0x6f7b, 0x6f7b, 0x6f7b, 0x6f7b, 0x6f7b, 0x6f7b, 0x6f7b, 0x6f7b, 0x6f7b, 0x6f7b, 0x6f7b,
    0x6f7b, 0x6f7b, 0x6f7b, 0x6f7b, 0x6f7b, 0x6f7b, 0x6f7b, 0x0001, 0x6f7b, 0x6f7b, 0x6f7b, 0x6f7b, 0x6f7b, 0x6f7b, 0x6f7b, 0x0001,
    0x6f7b, 0x6f7b, 0x6318, 0x6f7b, 0x6f7b, 0x6f7b, 0x6f7b, 0x6f7b, 0x6f7b, 0x6f7b, 0x6f7b, 0x6f7b, 0x6f7b, 0x6f7b, 0x6f7b, 0x6f7b,
    0x6f7b, 0x6f7b, 0x6f7b, 0x6f7b, 0x6f7b, 0x6f7b, 0x6f7b, 0x6f7b, 0x6f7b, 0x6f7b, 0x6f7b, 0x6f7b, 0x6f7b, 0x6f7b, 0x6f7b, 0x6f7b,
    0x6f7b, 0x6f7b, 0x6f7b, 0x6f7b, 0x6f7b, 0x6f7b, 0x6f7b, 0x6f7b, 0x6318, 0x6f7b, 0x6f7b, 0x5294, 0x6f7b, 0x6f7b, 0x6f7b, 0x6f7b,
    0x6f7b, 0x6f7b, 0x6f7b, 0x6f7b, 0x5294, 0x6f7b, 0x6f7b, 0x6f7b, 0x6f7b, 0x6f7b, 0x6f7b, 0x6f7b, 0x6f7b, 0x6f7b, 0x6f7b, 0x6f7b,
    0x6f7b, 0x6f7b, 0x6f7b, 0x6f7b, 0x6f7b, 0x6f7b, 0x6f7b, 0x6f7b, 0x6f7b, 0x6f7b, 0x6f7b, 0x6f7b, 0x6f7b, 0x6f7b, 0x6f7b, 0x6f7b,
    0x6f7b, 0x6f7b, 0x6f7b, 0x6f7b, 0x6f7b, 0x6f7b, 0x6f7b, 0x6f7b, 0x6f7b, 0x6f7b, 0x6f7b, 0x6f7b, 0x6f7b, 0x6f7b, 0x6f7b, 0x6f7b,
    0x6f7b, 0x6f7b, 0x6f7b, 0x6f7b, 0x6f7b, 0x6f7b, 0x6f7b, 0x6f7b, 0x6f7b, 0x6f7b, 0x6f7b, 0x6f7b, 0x6f7b, 0x6f7b, 0x6f7b, 0x6f7b,
    0x6f7b, 0x6f7b, 0x6f7b, 0x6f7b, 0x6f7b, 0x6f7b, 0x5294, 0x6f7b, 0x6f7b, 0x6f7b, 0x6f7b, 0x6f7b, 0x6f7b, 0x4b8c, 0x6f7b, 0x6f7b,
    0x5294, 0x6f7b, 0x6f7b, 0x6318, 0x6f7b, 0x6f7b, 0x6f7b, 0x6f7b, 0x6f7b, 0x6f7b, 0x6f7b, 0x6f7b, 0x6f7b, 0x6f7b, 0x6f7b, 0x6f7b,
    0x6f7b, 0x6f7b, 0x2d6b, 0x6f7b, 0x6f7b, 0x6f7b, 0x6f7b, 0x6f7b, 0x6f7b, 0x6f7b, 0x6f7b, 0x6f7b, 0x6f7b, 0x6f7b, 0x6f7b, 0x6f7b,
    0x6f7b, 0x6f7b, 0x6f7b, 0x6f7b, 0x6f7b, 0x6f7b, 0x6f7b, 0x6318, 0x6f7b, 0x6f7b, 0x6f7b, 0x0001, 0x6f7b, 0x6f7b, 0x6f7b, 0x6f7b,
    0x6f7b, 0x6f7b, 0x6f7b, 0x6f7b, 0x0001, 0x6f7b, 0x6f7b, 0x6f7b, 0x6f7b, 0x6f7b, 0x6f7b, 0x6f7b, 0x6f7b, 0x6f7b, 0x6f7b, 0x6f7b,
    0x6f7b, 0x6f7b, 0x6f7b, 0x6f7b, 0x6f7b, 0x6f7b, 0x6f7b, 0x6f7b, 0x6f7b, 0x6f7b, 0x6f7b, 0x6f7b, 0x6f7b, 0x6f7b, 0x6f7b, 0x6f7b,
    0x6f7b, 0x6f7b, 0x6f7b, 0x6f7b, 0x6f7b, 0x6f7b, 0x6f7b, 0x6f7b, 0x6f7b, 0x6f7b, 0x6f7b, 0x6f7b, 0x6f7b, 0x6f7b, 0x6f7b, 0x6f7b,
    0x6f7b, 0x6f7b, 0x6f7b, 0x6f7b, 0x6f7b, 0x6f7b, 0x6f7b, 0x6f7b, 0x6f7b, 0x6f7b, 0x6f7b, 0x6f7b, 0x6f7b, 0x6f7b, 0x6f7b, 0x6f7b,
    0x6f7b, 0x6f7b, 0x6f7b, 0x6f7b, 0x6f7b, 0x6f7b, 0x0001, 0x6f7b, 0x6f7b, 0x6f7b, 0x4b8c, 0x6f7b, 0x6f7b, 0x4b8c, 0x6f7b, 0x6f7b,
    0x0001, 0x6f7b, 0x6f7b, 0x6f7b, 0x6318, 0x6f7b, 0x6f7b, 0x6f7b, 0x6f7b, 0x6f7b, 0x6f7b, 0x6f7b, 0x6f7b, 0x6f7b, 0x6f7b, 0x6f7b,
    0x6f7b, 0x6f7b, 0x6f7b, 0x6f7b, 0x6f7b, 0x2d6b, 0x2d6b, 0x6f7b, 0x2d6b, 0x2d6b, 0x6f7b, 0x6f7b, 0x6f7b, 0x6f7b, 0x6f7b, 0x6f7b,
    0x6f7b, 0x6f7b, 0x6f7b, 0x6f7b, 0x6f7b, 0x6f7b, 0x6318, 0x6f7b, 0x6f7b, 0x6f7b, 0x5294, 0x6f7b, 0x6f7b, 0x6f7b, 0x6f7b, 0x6f7b,
    0x6f7b, 0x6f7b, 0x6f7b, 0x6f7b, 0x6f7b, 0x5294, 0x6f7b, 0x6f7b, 0x6f7b, 0x6f7b, 0x6f7b, 0x6f7b, 0x6f7b, 0x6f7b, 0x6f7b, 0x6f7b,
    0x6f7b, 0x6f7b, 0x6f7b, 0x6f7b, 0x6f7b, 0x6f7b, 0x6f7b, 0x6f7b, 0x6f7b, 0x6f7b, 0x6f7b, 0x6f7b, 0x6f7b, 0x6f7b, 0x6f7b, 0x6f7b,
    0x6f7b, 0x6f7b, 0x6f7b, 0x6f7b, 0x6f7b, 0x6f7b, 0x6f7b, 0x6f7b, 0x6f7b, 0x6f7b, 0x6f7b, 0x6f7b, 0x6f7b, 0x6f7b, 0x6f7b, 0x6f7b,
    0x6f7b, 0x6f7b, 0x6f7b, 0x6f7b, 0x6f7b, 0x6f7b, 0x6f7b, 0x6f7b, 0x6f7b, 0x6f7b, 0x6f7b, 0x6f7b, 0x6f7b, 0x6f7b, 0x6f7b, 0x6f7b,
    0x6f7b, 0x6f7b, 0x6f7b, 0x6f7b, 0x6f7b, 0x6f7b, 0x5294, 0x6f7b, 0x6f7b, 0x6f7b, 0x6f7b, 0x6f7b, 0x4b8c, 0x6f7b, 0x4b8c, 0x6f7b,
    0x5294, 0x6f7b, 0x6f7b, 0x6f7b, 0x6f7b, 0x6318, 0x6f7b, 0x6f7b, 0x6f7b, 0x6f7b, 0x6f7b, 0x6f7b, 0x6f7b, 0x6f7b, 0x6f7b, 0x6f7b,
    0x6f7b, 0x6f7b, 0x6f7b, 0x6f7b, 0x6f7b, 0x6f7b, 0x6f7b, 0x6f7b, 0x6f7b, 0x6f7b, 0x6f7b, 0x6f7b, 0x6f7b, 0x6f7b, 0x6f7b, 0x6f7b,
    0x6f7b, 0x6f7b, 0x6f7b, 0x6f7b, 0x6f7b, 0x6318, 0x6f7b, 0x6f7b, 0x6f7b, 0x6f7b, 0x6f7b, 0x0001, 0x6f7b, 0x6f7b, 0x7ea7, 0x6f7b,
    0x6f7b, 0x7ea7, 0x6f7b, 0x6f7b, 0x0001, 0x6f7b, 0x6f7b, 0x6f7b, 0x6f7b, 0x6f7b, 0x6f7b, 0x6f7b, 0x6f7b, 0x6f7b, 0x6f7b, 0x6f7b,
    0x6f7b, 0x6f7b, 0x0001, 0x0001, 0x0001, 0x0001, 0x0001, 0x0001, 0x0001, 0x0001, 0x0001, 0x0001, 0x0001, 0x0001, 0x0001, 0x0001,
    0x0001, 0x0001, 0x0001, 0x0001, 0x6f7b, 0x6f7b, 0x6f7b, 0x6f7b, 0x6f7b, 0x6f7b, 0x6f7b, 0x6f7b, 0x6f7b, 0x6f7b, 0x6f7b, 0x6f7b,
    0x6f7b, 0x6f7b, 0x6f7b, 0x6f7b, 0x6f7b, 0x6f7b, 0x6f7b, 0x6f7b, 0x6f7b, 0x6f7b, 0x6f7b, 0x6f7b, 0x6f7b, 0x6f7b, 0x6f7b, 0x6f7b,
    0x6f7b, 0x6f7b, 0x6f7b, 0x6f7b, 0x6f7b, 0x6f7b, 0x6f7b, 0x0001, 0x6f7b, 0x6f7b, 0x6f7b, 0x6f7b, 0x6f7b, 0x6f7b, 0x6f7b, 0x0001,
    0x6f7b, 0x6f7b, 0x6f7b, 0x6f7b, 0x6f7b, 0x6f7b, 0x6b5a, 0x6318, 0x6f7b, 0x6f7b, 0x6f7b, 0x6f7b, 0x6f7b, 0x6f7b, 0x6f7b, 0x6f7b,
    0x6f7b, 0x6f7b, 0x6f7b, 0x6f7b, 0x6f7b, 0x6f7b, 0x6f7b, 0x6f7b, 0x6f7b, 0x6f7b, 0x6f7b, 0x6f7b, 0x6f7b, 0x6f7b, 0x6f7b, 0x6f7b,
    0x6f7b, 0x6f7b, 0x6f7b, 0x6f7b, 0x6318, 0x6f7b, 0x6f7b, 0x6f7b, 0x6f7b, 0x6f7b, 0x6f7b, 0x5294, 0x6f7b, 0x6f7b, 0x6f7b, 0x6f7b,
    0x6f7b, 0x6f7b, 0x6f7b, 0x6f7b, 0x5294, 0x6f7b, 0x6f7b, 0x6f7b, 0x6f7b, 0x6f7b, 0x6f7b, 0x6f7b, 0x6f7b, 0x6f7b, 0x6f7b, 0x6f7b,
    0x6f7b, 0x6f7b, 0x0001, 0x0001, 0x0001, 0x0001, 0x0001, 0x0001, 0x0001, 0x0001, 0x0001, 0x0001, 0x0001, 0x0001, 0x0001, 0x0001,
    0x0001, 0x0001, 0x0001, 0x0001, 0x6f7b, 0x6f7b, 0x6f7b, 0x6f7b, 0x6f7b, 0x6f7b, 0x6f7b, 0x6f7b, 0x6f7b, 0x6f7b, 0x6f7b, 0x6f7b,
    0x6f7b, 0x6f7b, 0x6f7b, 0x6f7b, 0x6739, 0x6739, 0x6f7b, 0x6f7b, 0x6f7b, 0x6f7b, 0x6f7b, 0x6f7b, 0x6f7b, 0x6f7b, 0x6f7b, 0x6f7b,
    0x6f7b, 0x6f7b, 0x6f7b, 0x6f7b, 0x6f7b, 0x6f7b, 0x6f7b, 0x5294, 0x6f7b, 0x6f7b, 0x6f7b, 0x6f7b, 0x6f7b, 0x6f7b, 0x6f7b, 0x5294,
    0x6f7b, 0x6f7b, 0x6f7b, 0x6f7b, 0x6f7b, 0x6f7b, 0x6f7b, 0x6f7b, 0x6318, 0x6318, 0x6f7b, 0x6f7b, 0x6f7b, 0x6f7b, 0x6f7b, 0x6f7b,
    0x6f7b, 0x6f7b, 0x6f7b, 0x6f7b, 0x6f7b, 0x6f7b, 0x6f7b, 0x6f7b, 0x6f7b, 0x6f7b, 0x6f7b, 0x6f7b, 0x6f7b, 0x6f7b, 0x6f7b, 0x6f7b,
    0x6f7b, 0x6f7b, 0x6318, 0x6739, 0x6f7b, 0x6f7b, 0x6f7b, 0x6f7b, 0x6f7b, 0x6f7b, 0x6f7b, 0x6f7b, 0x0001, 0x6f7b, 0x6f7b, 0x6f7b,
    0x6f7b, 0x6f7b, 0x6f7b, 0x0001, 0x6f7b, 0x6f7b, 0x6f7b, 0x6f7b, 0x6f7b, 0x6f7b, 0x6f7b, 0x6f7b, 0x6f7b, 0x6f7b, 0x6f7b, 0x6f7b,
    0x6f7b, 0x6f7b, 0x6f7b, 0x6f7b, 0x6f7b, 0x6f7b, 0x6f7b, 0x6f7b, 0x6f7b, 0x6f7b, 0x6f7b, 0x6f7b, 0x6f7b, 0x6f7b, 0x6f7b, 0x6f7b,
    0x6f7b, 0x6f7b, 0x6f7b, 0x6f7b, 0x6f7b, 0x6739, 0x6739, 0x6739, 0x6739, 0x6739, 0x6739, 0x6739, 0x6739, 0x6f7b, 0x6f7b, 0x6f7b,
    0x6f7b, 0x6f7b, 0x6739, 0x6739, 0x6739, 0x6739, 0x6739, 0x6739, 0x6f7b, 0x6f7b, 0x6f7b, 0x6f7b, 0x6f7b, 0x6f7b, 0x6f7b, 0x6f7b,
    0x6f7b, 0x6f7b, 0x6f7b, 0x6f7b, 0x6f7b, 0x6f7b, 0x6f7b, 0x6f7b, 0x5294, 0x0001, 0x6f7b, 0x6f7b, 0x6f7b, 0x0001, 0x5294, 0x6f7b,
    0x6f7b, 0x6f7b, 0x6f7b, 0x6f7b, 0x6f7b, 0x6f7b, 0x6f7b, 0x6f7b, 0x6f7b, 0x6f7b, 0x6318, 0x6318, 0x6f7b, 0x6f7b, 0x6f7b, 0x6f7b,
    0x6f7b, 0x6f7b, 0x6f7b, 0x6f7b, 0x6f7b, 0x6f7b, 0x6f7b, 0x6f7b, 0x6f7b, 0x6f7b, 0x6f7b, 0x6f7b, 0x6f7b, 0x6f7b, 0x6f7b, 0x6f7b,
    0x6318, 0x6318, 0x6f7b, 0x6f7b, 0x6f7b, 0x6f7b, 0x6f7b, 0x6f7b, 0x6f7b, 0x6f7b, 0x6f7b, 0x6f7b, 0x6f7b, 0x0001, 0x6f7b, 0x6f7b,
    0x6f7b, 0x6f7b, 0x0001, 0x6f7b, 0x6f7b, 0x6f7b, 0x6f7b, 0x6f7b, 0x6f7b, 0x6f7b, 0x6f7b, 0x6f7b, 0x6f7b, 0x6f7b, 0x6f7b, 0x6f7b,
    0x6f7b, 0x6f7b, 0x6f7b, 0x6f7b, 0x6f7b, 0x6f7b, 0x6f7b, 0x6f7b, 0x6f7b, 0x6f7b, 0x6f7b, 0x6f7b, 0x6f7b, 0x6f7b, 0x6f7b, 0x6f7b,
    0x6f7b, 0x6f7b, 0x6f7b, 0x6f7b, 0x6f7b, 0x6739, 0x6739, 0x6739, 0x6739, 0x6739, 0x6739, 0x6739, 0x6739, 0x6f7b, 0x6f7b, 0x6f7b,
    0x6f7b, 0x6739, 0x6739, 0x4210, 0x4210, 0x4210, 0x4210, 0x6739, 0x6739, 0x6f7b, 0x6f7b, 0x6f7b, 0x6f7b, 0x6f7b, 0x6f7b, 0x6f7b,
    0x6f7b, 0x6f7b, 0x6f7b, 0x6f7b, 0x6f7b, 0x6f7b, 0x6f7b, 0x6f7b, 0x6f7b, 0x6f7b, 0x5294, 0x0001, 0x5294, 0x6f7b, 0x6f7b, 0x6f7b,
    0x6f7b, 0x6f7b, 0x6f7b, 0x6f7b, 0x6f7b, 0x6f7b, 0x6f7b, 0x6f7b, 0x6f7b, 0x6f7b, 0x6f7b, 0x6f7b, 0x6318, 0x6318, 0x6318, 0x6f7b,
    0x6f7b, 0x6f7b, 0x6f7b, 0x6f7b, 0x6f7b, 0x6f7b, 0x6f7b, 0x6f7b, 0x6f7b, 0x6f7b, 0x6f7b, 0x6f7b, 0x6f7b, 0x6318, 0x6318, 0x6739,
    0x6f7b, 0x0001, 0x6f7b, 0x6f7b, 0x6f7b, 0x6f7b, 0x6f7b, 0x6f7b, 0x6f7b, 0x6f7b, 0x6f7b, 0x6f7b, 0x6f7b, 0x6f7b, 0x5294, 0x0001,
    0x0001, 0x5294, 0x6f7b, 0x6f7b, 0x6f7b, 0x6f7b, 0x6f7b, 0x6f7b, 0x6f7b, 0x6f7b, 0x6f7b, 0x6f7b, 0x6f7b, 0x6f7b, 0x6f7b, 0x6f7b,
    0x6f7b, 0x6f7b, 0x6f7b, 0x6f7b, 0x6f7b, 0x6f7b, 0x6f7b, 0x6f7b, 0x6f7b, 0x6f7b, 0x6f7b, 0x6f7b, 0x6f7b, 0x6f7b, 0x6f7b, 0x6f7b,
    0x6f7b, 0x6f7b, 0x6f7b, 0x6f7b, 0x6f7b, 0x6739, 0x6739, 0x6739, 0x6739, 0x6739, 0x6739, 0x6739, 0x6739, 0x6f7b, 0x6f7b, 0x6f7b,
    0x6f7b, 0x6739, 0x4210, 0x4210, 0x4210, 0x4210, 0x4210, 0x4210, 0x6739, 0x6f7b, 0x6f7b, 0x6f7b, 0x6f7b, 0x6f7b, 0x6f7b, 0x6f7b,
    0x6f7b, 0x6f7b, 0x6f7b, 0x6f7b, 0x6f7b, 0x6f7b, 0x6f7b, 0x6f7b, 0x6f7b, 0x6f7b, 0x6f7b, 0x4b8c, 0x6f7b, 0x6f7b, 0x6f7b, 0x6f7b,
    0x6f7b, 0x6f7b, 0x6f7b, 0x6f7b, 0x6f7b, 0x6f7b, 0x6f7b, 0x6f7b, 0x6f7b, 0x6f7b, 0x6f7b, 0x6f7b, 0x6f7b, 0x6f7b, 0x6f7b, 0x6318,
    0x6318, 0x6739, 0x6318, 0x6318, 0x6318, 0x6318, 0x6318, 0x6318, 0x6318, 0x6318, 0x6318, 0x6318, 0x6739, 0x6f7b, 0x6f7b, 0x6f7b,
    0x6f7b, 0x0001, 0x6f7b, 0x6f7b, 0x6f7b, 0x6f7b, 0x6f7b, 0x6f7b, 0x6f7b, 0x6f7b, 0x6f7b, 0x6f7b, 0x6f7b, 0x6f7b, 0x6f7b, 0x6f7b,
    0x6f7b, 0x6f7b, 0x6f7b, 0x6f7b, 0x6f7b, 0x6f7b, 0x6f7b, 0x6f7b, 0x6f7b, 0x6f7b, 0x6f7b, 0x6f7b, 0x6f7b, 0x6f7b, 0x6f7b, 0x6f7b,
    0x6f7b, 0x6f7b, 0x6f7b, 0x6f7b, 0x6f7b, 0x6f7b, 0x6f7b, 0x6f7b, 0x6f7b, 0x6f7b, 0x6f7b, 0x6f7b, 0x6f7b, 0x6f7b, 0x6f7b, 0x6f7b,
    0x6f7b, 0x6f7b, 0x6f7b, 0x6f7b, 0x6f7b, 0x6739, 0x6739, 0x6739, 0x6739, 0x6739, 0x6739, 0x6739, 0x6739, 0x6f7b, 0x6f7b, 0x6f7b,
    0x6739, 0x6739, 0x4210, 0x4210, 0x4210, 0x4210, 0x4210, 0x4210, 0x6739, 0x6739, 0x6f7b, 0x6f7b, 0x6f7b, 0x6f7b, 0x6f7b, 0x6f7b,
    0x6f7b, 0x6f7b, 0x6f7b, 0x6f7b, 0x6f7b, 0x6f7b, 0x6f7b, 0x6f7b, 0x6f7b, 0x6f7b, 0x6f7b, 0x4b8c, 0x6f7b, 0x6f7b, 0x6f7b, 0x6f7b,
    0x6f7b, 0x6f7b, 0x6f7b, 0x6f7b, 0x6f7b, 0x6f7b, 0x6f7b, 0x6f7b, 0x6f7b, 0x6f7b, 0x6f7b, 0x6f7b, 0x6f7b, 0x6f7b, 0x6f7b, 0x6f7b,
    0x6f7b, 0x6f7b, 0x6f7b, 0x6f7b, 0x6f7b, 0x6f7b, 0x6f7b, 0x6f7b, 0x6f7b, 0x6f7b, 0x6f7b, 0x6f7b, 0x6f7b, 0x6f7b, 0x6f7b, 0x6f7b,
    0x6f7b, 0x6f7b, 0x6f7b, 0x6f7b, 0x6f7b, 0x6f7b, 0x6f7b, 0x6f7b, 0x6f7b, 0x6f7b, 0x6f7b, 0x6f7b, 0x6f7b, 0x6f7b, 0x6f7b, 0x6f7b,
    0x6f7b, 0x6f7b, 0x6f7b, 0x6f7b, 0x6f7b, 0x6f7b, 0x6f7b, 0x6f7b, 0x6f7b, 0x6f7b, 0x6f7b, 0x6f7b, 0x6f7b, 0x6f7b, 0x6f7b, 0x0001,
    0x0001, 0x6f7b, 0x6739, 0x6739, 0x6f7b, 0x6f7b, 0x6f7b, 0x6f7b, 0x6f7b, 0x6f7b, 0x6f7b, 0x6f7b, 0x6f7b, 0x6f7b, 0x6f7b, 0x6f7b,
    0x6f7b, 0x6f7b, 0x6f7b, 0x6f7b, 0x6f7b, 0x6739, 0x6739, 0x6739, 0x6739, 0x6739, 0x6739, 0x6739, 0x6739, 0x6f7b, 0x6f7b, 0x6f7b,
    0x6739, 0x6739, 0x4210, 0x4210, 0x4210, 0x4210, 0x4210, 0x4210, 0x6739, 0x6739, 0x6f7b, 0x6f7b, 0x6f7b, 0x6f7b, 0x6f7b, 0x6f7b,
    0x6f7b, 0x6f7b, 0x6f7b, 0x6f7b, 0x6f7b, 0x6f7b, 0x6f7b, 0x6f7b, 0x6f7b, 0x6f7b, 0x6f7b, 0x6f7b, 0x6f7b, 0x6f7b, 0x6f7b, 0x6f7b,
    0x6f7b, 0x6f7b, 0x6f7b, 0x6f7b, 0x6f7b, 0x6f7b, 0x6f7b, 0x6f7b, 0x6f7b, 0x6f7b, 0x6f7b, 0x6f7b, 0x6f7b, 0x6f7b, 0x6f7b, 0x6f7b,
    0x6f7b, 0x6f7b, 0x6f7b, 0x6f7b, 0x6f7b, 0x6f7b, 0x6f7b, 0x6f7b, 0x6f7b, 0x6f7b, 0x6f7b, 0x6f7b, 0x6f7b, 0x6f7b, 0x6f7b, 0x6f7b,
    0x6f7b, 0x6f7b, 0x6f7b, 0x6f7b, 0x6f7b, 0x6f7b, 0x6f7b, 0x6f7b, 0x6f7b, 0x6f7b, 0x6f7b, 0x6f7b, 0x6f7b, 0x6f7b, 0x6f7b, 0x6f7b,
    0x6f7b, 0x6f7b, 0x6f7b, 0x6f7b, 0x6f7b, 0x6f7b, 0x6f7b, 0x6f7b, 0x6f7b, 0x6f7b, 0x6f7b, 0x6f7b, 0x6f7b, 0x6f7b, 0x6f7b, 0x6f7b,
    0x6739, 0x6739, 0x6739, 0x6739, 0x6739, 0x6739, 0x6f7b, 0x6f7b, 0x6f7b, 0x6f7b, 0x6f7b, 0x6f7b, 0x6f7b, 0x6f7b, 0x6f7b, 0x6f7b,
    0x6f7b, 0x6f7b, 0x6f7b, 0x6f7b, 0x6f7b, 0x6739, 0x6739, 0x6739, 0x6739, 0x6739, 0x6739, 0x6739, 0x6739, 0x6f7b, 0x6f7b, 0x6f7b,
    0x6f7b, 0x6739, 0x4210, 0x4210, 0x4210, 0x4210, 0x4210, 0x4210, 0x6739, 0x6f7b, 0x6f7b, 0x6f7b, 0x6f7b, 0x6f7b, 0x6f7b, 0x6f7b,
    0x6f7b, 0x6f7b, 0x6f7b, 0x6f7b, 0x6f7b, 0x6f7b, 0x6f7b, 0x6f7b, 0x6f7b, 0x6f7b, 0x6f7b, 0x6f7b, 0x6f7b, 0x6f7b, 0x6f7b, 0x6f7b,
    0x6f7b, 0x6f7b, 0x6f7b, 0x6f7b, 0x6f7b, 0x6f7b, 0x6f7b, 0x6f7b, 0x6f7b, 0x6f7b, 0x6f7b, 0x6f7b, 0x6f7b, 0x6f7b, 0x6f7b, 0x6f7b,
    0x6f7b, 0x6f7b, 0x6f7b, 0x6f7b, 0x6f7b, 0x6f7b, 0x6f7b, 0x6f7b, 0x6f7b, 0x6f7b, 0x6f7b, 0x6f7b, 0x6f7b, 0x6f7b, 0x6f7b, 0x6f7b,
    0x6f7b, 0x6f7b, 0x6f7b, 0x6f7b, 0x6f7b, 0x6f7b, 0x6f7b, 0x6f7b, 0x6f7b, 0x6f7b, 0x6f7b, 0x6f7b, 0x6f7b, 0x6f7b, 0x6f7b, 0x6f7b,
    0x6f7b, 0x6f7b, 0x6f7b, 0x6f7b, 0x6f7b, 0x6f7b, 0x6f7b, 0x6f7b, 0x6f7b, 0x6f7b, 0x6f7b, 0x6f7b, 0x6f7b, 0x6f7b, 0x6f7b, 0x6739,
    0x6739, 0x4210, 0x4210, 0x4210, 0x4210, 0x6739, 0x6739, 0x6f7b, 0x6f7b, 0x6f7b, 0x6f7b, 0x6f7b, 0x6f7b, 0x6f7b, 0x6f7b, 0x6f7b,
    0x6f7b, 0x6f7b, 0x6f7b, 0x6f7b, 0x6f7b, 0x6739, 0x6739, 0x6739, 0x6739, 0x6739, 0x6739, 0x6739, 0x6739, 0x6f7b, 0x6f7b, 0x6f7b,
    0x6f7b, 0x6739, 0x6739, 0x4210, 0x4210, 0x4210, 0x4210, 0x6739, 0x6739, 0x6f7b, 0x6f7b, 0x6f7b, 0x6f7b, 0x6f7b, 0x6f7b, 0x6f7b,
    0x6f7b, 0x6f7b, 0x6f7b, 0x6f7b, 0x6f7b, 0x6f7b, 0x6f7b, 0x6f7b, 0x6f7b, 0x6f7b, 0x6f7b, 0x6f7b, 0x6f7b, 0x6f7b, 0x6f7b, 0x6f7b,
    0x6f7b, 0x6f7b, 0x6f7b, 0x6f7b, 0x6f7b, 0x6f7b, 0x6f7b, 0x6f7b, 0x6f7b, 0x6f7b, 0x6f7b, 0x6f7b, 0x6f7b, 0x6f7b, 0x6f7b, 0x6f7b,
    0x6f7b, 0x6f7b, 0x6f7b, 0x6f7b, 0x6f7b, 0x6f7b, 0x6f7b, 0x6f7b, 0x6f7b, 0x6f7b, 0x6f7b, 0x6f7b, 0x6f7b, 0x6f7b, 0x6f7b, 0x6f7b,
    0x6f7b, 0x6f7b, 0x6f7b, 0x6f7b, 0x6f7b, 0x6f7b, 0x6f7b, 0x6f7b, 0x6f7b, 0x6f7b, 0x6f7b, 0x6f7b, 0x6f7b, 0x6f7b, 0x6f7b, 0x6f7b,
    0x6f7b, 0x6f7b, 0x6f7b, 0x6f7b, 0x6f7b, 0x6f7b, 0x6f7b, 0x6f7b, 0x6f7b, 0x6f7b, 0x6f7b, 0x6f7b, 0x6f7b, 0x6f7b, 0x6f7b, 0x6739,
    0x4210, 0x4210, 0x4210, 0x4210, 0x4210, 0x4210, 0x6739, 0x6f7b, 0x6f7b, 0x6f7b, 0x6f7b, 0x6f7b, 0x6f7b, 0x6f7b, 0x6f7b, 0x6f7b,
    0x6f7b, 0x6f7b, 0x6f7b, 0x6f7b, 0x6f7b, 0x6739, 0x6739, 0x6739, 0x6739, 0x6739, 0x6739, 0x6739, 0x6739, 0x6f7b, 0x6f7b, 0x6f7b,
    0x6f7b, 0x6f7b, 0x6739, 0x6739, 0x6739, 0x6739, 0x6739, 0x6739, 0x6f7b, 0x6f7b, 0x6f7b, 0x6f7b, 0x6f7b, 0x6f7b, 0x6f7b, 0x6f7b,
    0x6f7b, 0x6f7b, 0x6f7b, 0x6f7b, 0x6f7b, 0x6f7b, 0x6f7b, 0x6f7b, 0x6f7b, 0x6f7b, 0x6f7b, 0x6f7b, 0x6f7b, 0x6f7b, 0x6f7b, 0x6f7b,
    0x6f7b, 0x6f7b, 0x6f7b, 0x6f7b, 0x6f7b, 0x6f7b, 0x6f7b, 0x6f7b, 0x6f7b, 0x6f7b, 0x6f7b, 0x6f7b, 0x6f7b, 0x6f7b, 0x6f7b, 0x6f7b,
    0x6f7b, 0x6f7b, 0x6f7b, 0x6f7b, 0x6f7b, 0x6f7b, 0x6f7b, 0x6f7b, 0x6f7b, 0x6f7b, 0x6f7b, 0x6f7b, 0x6f7b, 0x6f7b, 0x6f7b, 0x6f7b,
    0x6f7b, 0x6f7b, 0x6f7b, 0x6f7b, 0x6f7b, 0x6f7b, 0x6f7b, 0x6f7b, 0x6f7b, 0x6f7b, 0x6f7b, 0x6f7b, 0x6f7b, 0x6f7b, 0x6f7b, 0x6f7b,
    0x6f7b, 0x6f7b, 0x6f7b, 0x6f7b, 0x6f7b, 0x6f7b, 0x6f7b, 0x6f7b, 0x6f7b, 0x6f7b, 0x6f7b, 0x6f7b, 0x6f7b, 0x6f7b, 0x6739, 0x6739,
    0x4210, 0x4210, 0x4210, 0x4210, 0x4210, 0x4210, 0x6739, 0x6739, 0x6f7b, 0x6f7b, 0x6f7b, 0x6f7b, 0x6f7b, 0x6f7b, 0x6f7b, 0x6f7b,
    0x6f7b, 0x6f7b, 0x6f7b, 0x6f7b, 0x6f7b, 0x6739, 0x6739, 0x6739, 0x6739, 0x6739, 0x6739, 0x6739, 0x6739, 0x6f7b, 0x6f7b, 0x6f7b,
    0x6f7b, 0x6f7b, 0x6f7b, 0x6f7b, 0x6739, 0x6739, 0x6f7b, 0x0001, 0x0001, 0x6f7b, 0x6f7b, 0x6f7b, 0x6f7b, 0x6f7b, 0x6f7b, 0x6f7b,
    0x6f7b, 0x6f7b, 0x6f7b, 0x6f7b, 0x6f7b, 0x6f7b, 0x6f7b, 0x6f7b, 0x6f7b, 0x6f7b, 0x6f7b, 0x6f7b, 0x6f7b, 0x6f7b, 0x6f7b, 0x6f7b,
    0x6f7b, 0x6f7b, 0x6f7b, 0x6f7b, 0x6f7b, 0x6f7b, 0x6f7b, 0x6f7b, 0x6f7b, 0x6f7b, 0x6f7b, 0x6f7b, 0x6f7b, 0x6f7b, 0x6f7b, 0x6f7b,
    0x6f7b, 0x6f7b, 0x6f7b, 0x6f7b, 0x6f7b, 0x6f7b, 0x6f7b, 0x6f7b, 0x6f7b, 0x6f7b, 0x6f7b, 0x6f7b, 0x6f7b, 0x6f7b, 0x6f7b, 0x6f7b,
    0x6f7b, 0x6f7b, 0x6f7b, 0x6f7b, 0x6f7b, 0x6f7b, 0x6f7b, 0x6f7b, 0x6f7b, 0x6f7b, 0x6f7b, 0x6f7b, 0x6f7b, 0x6f7b, 0x6f7b, 0x6f7b,
    0x6f7b, 0x6f7b, 0x6f7b, 0x6f7b, 0x6f7b, 0x6f7b, 0x6f7b, 0x6f7b, 0x6f7b, 0x6f7b, 0x6f7b, 0x6f7b, 0x6f7b, 0x6f7b, 0x6739, 0x6739,
    0x4210, 0x4210, 0x4210, 0x4210, 0x4210, 0x4210, 0x6739, 0x6739, 0x6f7b, 0x6f7b, 0x6f7b, 0x6f7b, 0x6f7b, 0x6f7b, 0x6f7b, 0x6f7b,
    0x6f7b, 0x6f7b, 0x6f7b, 0x6f7b, 0x6f7b, 0x6739, 0x6739, 0x6739, 0x6739, 0x6739, 0x6739, 0x6739, 0x6739, 0x6f7b, 0x6f7b, 0x6f7b,
    0x6f7b, 0x6f7b, 0x6f7b, 0x6f7b, 0x6f7b, 0x6f7b, 0x6f7b, 0x6f7b, 0x6f7b, 0x6f7b, 0x6f7b, 0x6f7b, 0x6f7b, 0x6f7b, 0x6f7b, 0x6f7b,
    0x6f7b, 0x6f7b, 0x6f7b, 0x6f7b, 0x6f7b, 0x6f7b, 0x6f7b, 0x6f7b, 0x6f7b, 0x6f7b, 0x6f7b, 0x6f7b, 0x6f7b, 0x6f7b, 0x6f7b, 0x6f7b,
    0x6f7b, 0x6f7b, 0x6f7b, 0x6f7b, 0x6f7b, 0x6f7b, 0x6f7b, 0x6f7b, 0x6f7b, 0x6f7b, 0x6f7b, 0x6f7b, 0x6f7b, 0x6f7b, 0x6f7b, 0x6f7b,
    0x6f7b, 0x6f7b, 0x6f7b, 0x6f7b, 0x6f7b, 0x6f7b, 0x6f7b, 0x6f7b, 0x6f7b, 0x6f7b, 0x6f7b, 0x6f7b, 0x6f7b, 0x6f7b, 0x6f7b, 0x6f7b,
    0x6f7b, 0x6f7b, 0x6f7b, 0x6f7b, 0x6f7b, 0x6f7b, 0x6f7b, 0x6f7b, 0x6f7b, 0x6f7b, 0x6f7b, 0x6f7b, 0x6f7b, 0x6f7b, 0x6f7b, 0x6f7b,
    0x6f7b, 0x6f7b, 0x6f7b, 0x6f7b, 0x6f7b, 0x6f7b, 0x6f7b, 0x6f7b, 0x6f7b, 0x6f7b, 0x6f7b, 0x6f7b, 0x6f7b, 0x6f7b, 0x6f7b, 0x6739,
    0x4210, 0x4210, 0x4210, 0x4210, 0x4210, 0x4210, 0x6739, 0x6f7b, 0x6f7b, 0x0001, 0x0001, 0x0001, 0x0001, 0x0001, 0x0001, 0x0001,
    0x0001, 0x0001, 0x0001, 0x0001, 0x6f7b, 0x6739, 0x6739, 0x6739, 0x6739, 0x6739, 0x6739, 0x6739, 0x6739, 0x6f7b, 0x6f7b, 0x6f7b,
    0x6f7b, 0x6f7b, 0x6f7b, 0x6f7b, 0x6f7b, 0x6f7b, 0x6f7b, 0x6f7b, 0x6f7b, 0x6f7b, 0x6f7b, 0x6f7b, 0x6f7b, 0x6f7b, 0x6f7b, 0x6f7b,
    0x6f7b, 0x6f7b, 0x6f7b, 0x6f7b, 0x6f7b, 0x6f7b, 0x6f7b, 0x6f7b, 0x6f7b, 0x6f7b, 0x6f7b, 0x6f7b, 0x6f7b, 0x6f7b, 0x6f7b, 0x6f7b,
    0x6f7b, 0x6f7b, 0x6f7b, 0x6f7b, 0x6f7b, 0x6f7b, 0x6f7b, 0x6f7b, 0x6f7b, 0x6f7b, 0x6f7b, 0x6f7b, 0x6f7b, 0x6f7b, 0x6f7b, 0x6f7b,
    0x6f7b, 0x6f7b, 0x6f7b, 0x6f7b, 0x6f7b, 0x6f7b, 0x6f7b, 0x6f7b, 0x6f7b, 0x6f7b, 0x6f7b, 0x6f7b, 0x6f7b, 0x6f7b, 0x6f7b, 0x6f7b,
    0x6f7b, 0x6f7b, 0x6f7b, 0x6f7b, 0x6f7b, 0x6f7b, 0x6f7b, 0x6f7b, 0x6f7b, 0x6f7b, 0x6f7b, 0x6f7b, 0x6f7b, 0x6f7b, 0x6f7b, 0x6f7b,
    0x6f7b, 0x6f7b, 0x6f7b, 0x6f7b, 0x6f7b, 0x6f7b, 0x6f7b, 0x6f7b, 0x6f7b, 0x6f7b, 0x6f7b, 0x6f7b, 0x6f7b, 0x6f7b, 0x6f7b, 0x6739,
    0x6739, 0x4210, 0x4210, 0x4210, 0x4210, 0x6739, 0x6739, 0x6f7b, 0x6f7b, 0x0001, 0x0001, 0x0001, 0x0001, 0x0001, 0x0001, 0x0001,
    0x0001, 0x0001, 0x0001, 0x0001, 0x6f7b, 0x6739, 0x6739, 0x6739, 0x6739, 0x6739, 0x6739, 0x6739, 0x6739, 0x6f7b, 0x6f7b, 0x6f7b,
    0x6f7b, 0x6f7b, 0x6f7b, 0x6f7b, 0x6f7b, 0x6f7b, 0x6f7b, 0x6f7b, 0x6f7b, 0x6f7b, 0x6f7b, 0x6f7b, 0x6f7b, 0x6f7b, 0x6f7b, 0x6f7b,
    0x6f7b, 0x6f7b, 0x6f7b, 0x6f7b, 0x6f7b, 0x6f7b, 0x6f7b, 0x6f7b, 0x6f7b, 0x6f7b, 0x6f7b, 0x6f7b, 0x6f7b, 0x6f7b, 0x6f7b, 0x6f7b,
    0x6f7b, 0x6f7b, 0x6f7b, 0x6f7b, 0x6f7b, 0x6f7b, 0x6f7b, 0x6f7b, 0x6f7b, 0x6f7b, 0x6f7b, 0x6f7b, 0x6f7b, 0x6f7b, 0x6f7b, 0x6f7b,
    0x6f7b, 0x6f7b, 0x6f7b, 0x6f7b, 0x6f7b, 0x6f7b, 0x6f7b, 0x6f7b, 0x6f7b, 0x6f7b, 0x6f7b, 0x6f7b, 0x6f7b, 0x6f7b, 0x6f7b, 0x6f7b,
    0x6f7b, 0x6f7b, 0x6f7b, 0x6f7b, 0x6f7b, 0x6f7b, 0x6f7b, 0x6f7b, 0x6f7b, 0x6f7b, 0x6f7b, 0x6f7b, 0x6f7b, 0x6f7b, 0x6f7b, 0x6f7b,
    0x6f7b, 0x6f7b, 0x6f7b, 0x6f7b, 0x6f7b, 0x6f7b, 0x6f7b, 0x6f7b, 0x6f7b, 0x6f7b, 0x6f7b, 0x6f7b, 0x6f7b, 0x6f7b, 0x6f7b, 0x6f7b,
    0x6739, 0x6739, 0x6739, 0x6739, 0x6739, 0x6739, 0x6f7b, 0x6f7b, 0x6f7b, 0x0001, 0x0001, 0x0001, 0x0001, 0x0001, 0x0001, 0x0001,
    0x0001, 0x0001, 0x0001, 0x0001, 0x6f7b, 0x6739, 0x6739, 0x6739, 0x6739, 0x6739, 0x6739, 0x6739, 0x6739, 0x6f7b, 0x6f7b, 0x6f7b,
    0x6f7b, 0x6f7b, 0x6f7b, 0x6f7b, 0x6f7b, 0x6f7b, 0x6f7b, 0x6f7b, 0x6f7b, 0x6f7b, 0x6f7b, 0x6f7b, 0x6f7b, 0x6f7b, 0x6f7b, 0x6f7b,
    0x6f7b, 0x6f7b, 0x6f7b, 0x6f7b, 0x6f7b, 0x6f7b, 0x6f7b, 0x6f7b, 0x6f7b, 0x6f7b, 0x6f7b, 0x6f7b, 0x6f7b, 0x6f7b, 0x6f7b, 0x6f7b,
    0x6f7b, 0x6f7b, 0x6f7b, 0x6f7b, 0x6f7b, 0x6f7b, 0x6f7b, 0x6f7b, 0x6f7b, 0x6f7b, 0x6f7b, 0x6f7b, 0x6f7b, 0x6f7b, 0x6f7b, 0x6f7b,
    0x6f7b, 0x6f7b, 0x6f7b, 0x6f7b, 0x6f7b, 0x6f7b, 0x6f7b, 0x6f7b, 0x6f7b, 0x6f7b, 0x6f7b, 0x6f7b, 0x6f7b, 0x6f7b, 0x6f7b, 0x6f7b,
    0x6f7b, 0x6f7b, 0x6f7b, 0x6f7b, 0x6f7b, 0x6f7b, 0x6f7b, 0x6f7b, 0x6f7b, 0x6f7b, 0x6f7b, 0x6f7b, 0x6f7b, 0x6f7b, 0x6f7b, 0x6f7b,
    0x6f7b, 0x6f7b, 0x6f7b, 0x6f7b, 0x6f7b, 0x6f7b, 0x6f7b, 0x6f7b, 0x6f7b, 0x6f7b, 0x6f7b, 0x6f7b, 0x6f7b, 0x6f7b, 0x6f7b, 0x6f7b,
    0x6f7b, 0x6f7b, 0x6739, 0x6739, 0x6f7b, 0x6f7b, 0x6f7b, 0x6f7b, 0x6f7b, 0x0001, 0x0001, 0x0001, 0x0001, 0x0001, 0x0001, 0x0001,
    0x0001, 0x0001, 0x0001, 0x0001, 0x6f7b, 0x6739, 0x6739, 0x6739, 0x6739, 0x6739, 0x6739, 0x6739, 0x6739, 0x6f7b, 0x6f7b, 0x6f7b,
    0x6f7b, 0x6f7b, 0x6f7b, 0x6f7b, 0x6f7b, 0x6f7b, 0x6f7b, 0x6f7b, 0x6f7b, 0x6f7b, 0x6f7b, 0x6f7b, 0x6f7b, 0x6f7b, 0x6f7b, 0x6f7b,
    0x6f7b, 0x6f7b, 0x6f7b, 0x6f7b, 0x6f7b, 0x6f7b, 0x6f7b, 0x6f7b, 0x6f7b, 0x6f7b, 0x6f7b, 0x6f7b, 0x6f7b, 0x6f7b, 0x6f7b, 0x6f7b,
    0x6f7b, 0x6f7b, 0x6f7b, 0x6f7b, 0x6f7b, 0x6f7b, 0x6f7b, 0x6f7b, 0x6f7b, 0x6f7b, 0x6f7b, 0x6f7b, 0x6f7b, 0x6f7b, 0x6f7b, 0x6f7b,
    0x6f7b, 0x6f7b, 0x6f7b, 0x6f7b, 0x6f7b, 0x6f7b, 0x6f7b, 0x6f7b, 0x6f7b, 0x6f7b, 0x6f7b, 0x6f7b, 0x6f7b, 0x6f7b, 0x6f7b, 0x6f7b,
    0x6f7b, 0x6f7b, 0x6f7b, 0x6f7b, 0x6f7b, 0x6f7b, 0x6f7b, 0x6f7b, 0x6f7b, 0x6f7b, 0x6f7b, 0x6f7b, 0x6f7b, 0x6f7b, 0x6f7b, 0x6f7b,
    0x6f7b, 0x6f7b, 0x6f7b, 0x6f7b, 0x6f7b, 0x6f7b, 0x6f7b, 0x6f7b, 0x6f7b, 0x6f7b, 0x6f7b, 0x6f7b, 0x6f7b, 0x6f7b, 0x6f7b, 0x6f7b,
    0x6f7b, 0x6f7b, 0x6f7b, 0x6f7b, 0x6f7b, 0x6f7b, 0x6f7b, 0x6f7b, 0x6f7b, 0x6f7b, 0x6f7b, 0x6f7b, 0x6f7b, 0x6f7b, 0x6f7b, 0x6f7b,
    0x6f7b, 0x6f7b, 0x6f7b, 0x6f7b, 0x6f7b, 0x6739, 0x6739, 0x6739, 0x6739, 0x6739, 0x6739, 0x6739, 0x6739, 0x6f7b, 0x6f7b, 0x6f7b,
    0x6f7b, 0x6f7b, 0x6f7b, 0x6f7b, 0x6f7b, 0x6f7b, 0x6f7b, 0x6f7b, 0x6f7b, 0x6f7b, 0x6f7b, 0x6f7b, 0x6f7b, 0x6f7b, 0x6f7b, 0x6f7b,
    0x6f7b, 0x6f7b, 0x6f7b, 0x6f7b, 0x6f7b, 0x6f7b, 0x6f7b, 0x6f7b, 0x6f7b, 0x6f7b, 0x6f7b, 0x6f7b, 0x6f7b, 0x6f7b, 0x6f7b, 0x6f7b,
    0x6f7b, 0x6f7b, 0x6f7b, 0x6f7b, 0x6f7b, 0x6f7b, 0x6f7b, 0x6f7b, 0x6f7b, 0x6f7b, 0x6f7b, 0x6f7b, 0x6f7b, 0x6f7b, 0x6f7b, 0x6f7b,
    0x6f7b, 0x6f7b, 0x6f7b, 0x6f7b, 0x6f7b, 0x6f7b, 0x6f7b, 0x6f7b, 0x6f7b, 0x6f7b, 0x6f7b, 0x6f7b, 0x6f7b, 0x6f7b, 0x6f7b, 0x6f7b,
    0x6f7b, 0x6f7b, 0x6f7b, 0x6f7b, 0x6f7b, 0x6f7b, 0x6f7b, 0x6f7b, 0x6f7b, 0x6f7b, 0x6f7b, 0x6f7b, 0x6f7b, 0x6f7b, 0x6f7b, 0x6f7b,
    0x6f7b, 0x6f7b, 0x6f7b, 0x6f7b, 0x6f7b, 0x6f7b, 0x6f7b, 0x6f7b, 0x6f7b, 0x6f7b, 0x6f7b, 0x6f7b, 0x6f7b, 0x6f7b, 0x6f7b, 0x6f7b,
    0x6f7b, 0x6f7b, 0x6f7b, 0x6f7b, 0x6f7b, 0x6f7b, 0x6f7b, 0x6f7b, 0x6f7b, 0x6f7b, 0x6f7b, 0x6f7b, 0x6f7b, 0x6f7b, 0x6f7b, 0x6f7b,
    0x6f7b, 0x6f7b, 0x6f7b, 0x6f7b, 0x6f7b, 0x6739, 0x6739, 0x6739, 0x6739, 0x6739, 0x6739, 0x6739, 0x6739, 0x6f7b, 0x6f7b, 0x6f7b,
    0x6f7b, 0x6f7b, 0x6f7b, 0x6f7b, 0x6f7b, 0x6f7b, 0x6f7b, 0x6f7b, 0x6f7b, 0x6f7b, 0x6f7b, 0x6f7b, 0x6f7b, 0x6f7b, 0x6f7b, 0x6f7b,
    0x6f7b, 0x6f7b, 0x6f7b, 0x6f7b, 0x6f7b, 0x6f7b, 0x6f7b, 0x6f7b, 0x6f7b, 0x6f7b, 0x6f7b, 0x6f7b, 0x6f7b, 0x6f7b, 0x6f7b, 0x6f7b,
    0x6f7b, 0x6f7b, 0x6f7b, 0x6f7b, 0x6f7b, 0x6f7b, 0x6f7b, 0x6f7b, 0x6f7b, 0x6f7b, 0x6f7b, 0x6f7b, 0x6f7b, 0x6f7b, 0x6f7b, 0x6f7b,
    0x6f7b, 0x6f7b, 0x6f7b, 0x6f7b, 0x6f7b, 0x6f7b, 0x6f7b, 0x6f7b, 0x6f7b, 0x6f7b, 0x6f7b, 0x6f7b, 0x6f7b, 0x6f7b, 0x6f7b, 0x6f7b,
    0x6f7b, 0x6f7b, 0x6f7b, 0x6f7b, 0x6f7b, 0x6f7b, 0x6f7b, 0x6f7b, 0x6f7b, 0x6f7b, 0x6f7b, 0x6f7b, 0x6f7b, 0x6f7b, 0x6f7b, 0x6f7b,
    0x6f7b, 0x6f7b, 0x6f7b, 0x6f7b, 0x6f7b, 0x6f7b, 0x6f7b, 0x6f7b, 0x6f7b, 0x6f7b, 0x6f7b, 0x6f7b, 0x6f7b, 0x6f7b, 0x6f7b, 0x6f7b,
    0x6f7b, 0x6f7b, 0x0001, 0x0001, 0x0001, 0x0001, 0x0001, 0x0001, 0x0001, 0x0001, 0x0001, 0x0001, 0x0001, 0x0001, 0x0001, 0x0001,
    0x0001, 0x0001, 0x0001, 0x0001, 0x6f7b, 0x6739, 0x6739, 0x6739, 0x6739, 0x6739, 0x6739, 0x6739, 0x6739, 0x6f7b, 0x6f7b, 0x6f7b,
    0x6f7b, 0x6f7b, 0x6f7b, 0x6f7b, 0x6f7b, 0x6f7b, 0x6f7b, 0x6f7b, 0x6f7b, 0x6f7b, 0x6f7b, 0x6f7b, 0x6f7b, 0x6f7b, 0x6f7b, 0x6f7b,
    0x6f7b, 0x6f7b, 0x6f7b, 0x6f7b, 0x6f7b, 0x6f7b, 0x6f7b, 0x6f7b, 0x6f7b, 0x6f7b, 0x6f7b, 0x6f7b, 0x6f7b, 0x6f7b, 0x6f7b, 0x6f7b,
    0x6f7b, 0x6f7b, 0x6f7b, 0x6f7b, 0x6f7b, 0x6f7b, 0x6f7b, 0x6f7b, 0x6f7b, 0x6f7b, 0x6f7b, 0x6f7b, 0x6f7b, 0x6f7b, 0x6f7b, 0x6f7b,
    0x6f7b, 0x6f7b, 0x6f7b, 0x6f7b, 0x6f7b, 0x6f7b, 0x6f7b, 0x6f7b, 0x6f7b, 0x6f7b, 0x6f7b, 0x6f7b, 0x6f7b, 0x6f7b, 0x6f7b, 0x6f7b,
    0x6f7b, 0x6f7b, 0x6f7b, 0x6f7b, 0x6f7b, 0x6f7b, 0x6f7b, 0x6f7b, 0x6f7b, 0x6f7b, 0x6f7b, 0x6f7b, 0x6f7b, 0x6f7b, 0x6f7b, 0x6f7b,
    0x6f7b, 0x6f7b, 0x6f7b, 0x6f7b, 0x6f7b, 0x6f7b, 0x6f7b, 0x6f7b, 0x6f7b, 0x6f7b, 0x6f7b, 0x6f7b, 0x6f7b, 0x6f7b, 0x6f7b, 0x6f7b,
    0x6f7b, 0x6f7b, 0x0001, 0x0001, 0x0001, 0x0001, 0x0001, 0x0001, 0x0001, 0x0001, 0x0001, 0x0001, 0x0001, 0x0001, 0x0001, 0x0001,
    0x0001, 0x0001, 0x0001, 0x0001, 0x6f7b, 0x6739, 0x6739, 0x6739, 0x6739, 0x6739, 0x6739, 0x6739, 0x6739, 0x6f7b, 0x6f7b, 0x6f7b,
    0x6f7b, 0x6f7b, 0x6f7b, 0x6f7b, 0x6f7b, 0x6f7b, 0x6f7b, 0x6f7b, 0x6f7b, 0x6f7b, 0x6f7b, 0x6f7b, 0x6f7b, 0x6f7b, 0x6f7b, 0x6f7b,
    0x6f7b, 0x6f7b, 0x6f7b, 0x6f7b, 0x6f7b, 0x6f7b, 0x6f7b, 0x6f7b, 0x6f7b, 0x6f7b, 0x6f7b, 0x6f7b, 0x6f7b, 0x6f7b, 0x6f7b, 0x6f7b,
    0x6f7b, 0x6f7b, 0x6f7b, 0x6f7b, 0x6f7b, 0x6f7b, 0x6f7b, 0x6f7b, 0x6f7b, 0x6f7b, 0x6f7b, 0x6f7b, 0x6f7b, 0x6f7b, 0x6f7b, 0x6f7b,
    0x6f7b, 0x6f7b, 0x6f7b, 0x6f7b, 0x6f7b, 0x6f7b, 0x6f7b, 0x6f7b, 0x6f7b, 0x6f7b, 0x6f7b, 0x6f7b, 0x6f7b, 0x6f7b, 0x6f7b, 0x6f7b,
    0x6f7b, 0x6f7b, 0x6f7b, 0x6f7b, 0x6f7b, 0x6f7b, 0x6f7b, 0x6f7b, 0x6f7b, 0x6f7b, 0x6f7b, 0x6f7b, 0x6f7b, 0x6f7b, 0x6f7b, 0x6f7b,
    0x6f7b, 0x6f7b, 0x6f7b, 0x6f7b, 0x6f7b, 0x6f7b, 0x6f7b, 0x6f7b, 0x6f7b, 0x6f7b, 0x6f7b, 0x6f7b, 0x6f7b, 0x6f7b, 0x6f7b, 0x6f7b,
    0x6f7b, 0x6f7b, 0x0001, 0x0001, 0x0001, 0x0001, 0x0001, 0x0001, 0x0001, 0x0001, 0x0001, 0x0001, 0x0001, 0x0001, 0x0001, 0x0001,
    0x0001, 0x0001, 0x0001, 0x0001, 0x6f7b, 0x6739, 0x6739, 0x6739, 0x6739, 0x6739, 0x6739, 0x6739, 0x6739, 0x6f7b, 0x6f7b, 0x6f7b,
    0x6f7b, 0x6f7b, 0x6f7b, 0x6f7b, 0x6f7b, 0x6f7b, 0x6f7b, 0x6f7b, 0x6f7b, 0x6f7b, 0x6f7b, 0x6f7b, 0x6f7b, 0x6f7b, 0x6f7b, 0x6f7b,
    0x6f7b, 0x6f7b, 0x6f7b, 0x6f7b, 0x6f7b, 0x6f7b, 0x6f7b, 0x6f7b, 0x6f7b, 0x6f7b, 0x6f7b, 0x6f7b, 0x6f7b, 0x6f7b, 0x6f7b, 0x6f7b,
    0x6f7b, 0x6f7b, 0x6f7b, 0x6f7b, 0x6f7b, 0x6f7b, 0x6f7b, 0x6f7b, 0x6f7b, 0x6f7b, 0x6f7b, 0x6f7b, 0x6f7b, 0x6f7b, 0x6f7b, 0x6f7b,
    0x6f7b, 0x6f7b, 0x6f7b, 0x6f7b, 0x6f7b, 0x6f7b, 0x6f7b, 0x6f7b, 0x6f7b, 0x6f7b, 0x6f7b, 0x6f7b, 0x6f7b, 0x6f7b, 0x6f7b, 0x6f7b,
    0x6f7b, 0x6f7b, 0x6f7b, 0x6f7b, 0x6f7b, 0x6f7b, 0x6f7b, 0x6f7b, 0x6f7b, 0x6f7b, 0x6f7b, 0x6f7b, 0x6f7b, 0x6f7b, 0x6f7b, 0x6f7b,
    0x6f7b, 0x6f7b, 0x6f7b, 0x6f7b, 0x6f7b, 0x6f7b, 0x6f7b, 0x6f7b, 0x6f7b, 0x6f7b, 0x6f7b, 0x6f7b, 0x6f7b, 0x6f7b, 0x6f7b, 0x6f7b,
    0x6f7b, 0x6f7b, 0x0001, 0x0001, 0x0001, 0x0001, 0x0001, 0x0001, 0x0001, 0x0001, 0x0001, 0x0001, 0x0001, 0x0001, 0x0001, 0x0001,
    0x0001, 0x0001, 0x0001, 0x0001, 0x6f7b, 0x6739, 0x6739, 0x6739, 0x6739, 0x6739, 0x6739, 0x6739, 0x6739, 0x6f7b, 0x6f7b, 0x6f7b,
    0x6f7b, 0x6f7b, 0x6f7b, 0x6f7b, 0x6f7b, 0x6f7b, 0x6f7b, 0x6f7b, 0x6f7b, 0x6f7b, 0x6f7b, 0x6f7b, 0x6f7b, 0x6f7b, 0x6f7b, 0x6f7b,
    0x6f7b, 0x6f7b, 0x6f7b, 0x6f7b, 0x6f7b, 0x6f7b, 0x6f7b, 0x6f7b, 0x6f7b, 0x6f7b, 0x6f7b, 0x6f7b, 0x6f7b, 0x6f7b, 0x6f7b, 0x6f7b,
    0x6f7b, 0x6f7b, 0x6f7b, 0x6f7b, 0x6f7b, 0x6f7b, 0x6f7b, 0x6f7b, 0x6f7b, 0x6f7b, 0x6f7b, 0x6f7b, 0x6f7b, 0x6f7b, 0x6f7b, 0x6f7b,
    0x6f7b, 0x6f7b, 0x6f7b, 0x6f7b, 0x6f7b, 0x6f7b, 0x6f7b, 0x6f7b, 0x6f7b, 0x6f7b, 0x6f7b, 0x6f7b, 0x6f7b, 0x6f7b, 0x6f7b, 0x6f7b,
    0x6f7b, 0x6f7b, 0x6f7b, 0x6f7b, 0x6f7b, 0x6f7b, 0x6f7b, 0x6f7b, 0x6f7b, 0x6f7b, 0x6f7b, 0x6f7b, 0x6f7b, 0x6f7b, 0x6f7b, 0x6f7b,
    0x6f7b, 0x6f7b, 0x6f7b, 0x6f7b, 0x6f7b, 0x6f7b, 0x6f7b, 0x6f7b, 0x6f7b, 0x6f7b, 0x6f7b, 0x6f7b, 0x6f7b, 0x6f7b, 0x6f7b, 0x6f7b,
    0x6f7b, 0x6f7b, 0x6f7b, 0x6f7b, 0x6f7b, 0x6f7b, 0x6f7b, 0x6f7b, 0x6f7b, 0x6f7b, 0x6f7b, 0x6f7b, 0x6f7b, 0x6f7b, 0x6f7b, 0x6f7b,
    0x6f7b, 0x6f7b, 0x6f7b, 0x6f7b, 0x6f7b, 0x6f7b, 0x6f7b, 0x6f7b, 0x6f7b, 0x6f7b, 0x6f7b, 0x6f7b, 0x6f7b, 0x6f7b, 0x6f7b, 0x6f7b,
    0x6f7b, 0x6f7b, 0x6f7b, 0x6f7b, 0x6f7b, 0x6f7b, 0x6f7b, 0x6f7b, 0x6f7b, 0x6f7b, 0x6f7b, 0x6f7b, 0x6f7b, 0x6f7b, 0x6f7b, 0x6f7b,
    0x6f7b, 0x6f7b, 0x6f7b, 0x6f7b, 0x6f7b, 0x6f7b, 0x6f7b, 0x6f7b, 0x6f7b, 0x6f7b, 0x6f7b, 0x6f7b, 0x6f7b, 0x6f7b, 0x6f7b, 0x6f7b,
    0x6f7b, 0x6f7b, 0x6f7b, 0x6f7b, 0x6f7b, 0x6f7b, 0x6f7b, 0x6f7b, 0x6f7b, 0x6f7b, 0x6f7b, 0x6f7b, 0x6f7b, 0x6f7b, 0x6f7b, 0x6f7b,
    0x6f7b, 0x6f7b, 0x6f7b, 0x6f7b, 0x6f7b, 0x6f7b, 0x6f7b, 0x6f7b, 0x6f7b, 0x6f7b, 0x6f7b, 0x6f7b, 0x6f7b, 0x6f7b, 0x6f7b, 0x6f7b,
    0x6f7b, 0x6f7b, 0x6f7b, 0x6f7b, 0x6f7b, 0x6f7b, 0x6f7b, 0x6f7b, 0x6f7b, 0x6f7b, 0x6f7b, 0x6f7b, 0x6f7b, 0x6f7b, 0x6f7b, 0x6f7b,
    0x6f7b, 0x6f7b, 0x6f7b, 0x6f7b, 0x6f7b, 0x6f7b, 0x6f7b, 0x6f7b, 0x6f7b, 0x6f7b, 0x6f7b, 0x6f7b, 0x6f7b, 0x6f7b, 0x6f7b, 0x6f7b,
    0x6f7b, 0x6f7b, 0x6f7b, 0x6f7b, 0x6f7b, 0x6f7b, 0x6f7b, 0x6f7b, 0x6f7b, 0x6f7b, 0x6f7b, 0x6f7b, 0x6f7b, 0x6f7b, 0x6f7b, 0x6f7b,
    0x6f7b, 0x6f7b, 0x6f7b, 0x6f7b, 0x6f7b, 0x6f7b, 0x6f7b, 0x6f7b, 0x6f7b, 0x6f7b, 0x6f7b, 0x6f7b, 0x6f7b, 0x6f7b, 0x6f7b, 0x6f7b,
    0x6f7b, 0x6f7b, 0x6f7b, 0x6f7b, 0x6f7b, 0x6f7b, 0x6f7b, 0x6f7b, 0x6f7b, 0x6f7b, 0x6f7b, 0x6f7b, 0x6f7b, 0x6f7b, 0x6f7b, 0x6f7b,
    0x6f7b, 0x6f7b, 0x6f7b, 0x6f7b, 0x6f7b, 0x6f7b, 0x6f7b, 0x6f7b, 0x6f7b, 0x6f7b, 0x6f7b, 0x6f7b, 0x6f7b, 0x6f7b, 0x6f7b, 0x6f7b,
    0x6f7b, 0x6f7b, 0x6f7b, 0x6f7b, 0x6f7b, 0x6f7b, 0x6f7b, 0x6f7b, 0x6f7b, 0x6f7b, 0x6f7b, 0x6f7b, 0x6f7b, 0x6f7b, 0x6f7b, 0x6f7b,
    0x6f7b, 0x6f7b, 0x6f7b, 0x6f7b, 0x6f7b, 0x6f7b, 0x6f7b, 0x6f7b, 0x6f7b, 0x6f7b, 0x6f7b, 0x6f7b, 0x6f7b, 0x6f7b, 0x6f7b, 0x6f7b,
    0x6f7b, 0x6f7b, 0x6f7b, 0x6f7b, 0x6f7b, 0x6f7b, 0x6f7b, 0x6f7b, 0x6f7b, 0x6f7b, 0x6f7b, 0x6f7b, 0x6f7b, 0x6f7b, 0x6f7b, 0x6f7b,
    0x6f7b, 0x6f7b, 0x6f7b, 0x6f7b, 0x6f7b, 0x6f7b, 0x6f7b, 0x6f7b, 0x6f7b, 0x6f7b, 0x6f7b, 0x6f7b, 0x6f7b, 0x6f7b, 0x6f7b, 0x6f7b,
    0x6f7b, 0x6f7b, 0x6f7b, 0x6f7b, 0x6f7b, 0x6f7b, 0x6f7b, 0x6f7b, 0x6f7b, 0x6f7b, 0x6f7b, 0x6f7b, 0x6f7b, 0x6f7b, 0x6f7b, 0x6f7b,
    0x6f7b, 0x6f7b, 0x6f7b, 0x6f7b, 0x6f7b, 0x6f7b, 0x6f7b, 0x6f7b, 0x6f7b, 0x6f7b, 0x6f7b, 0x6f7b, 0x6f7b, 0x6f7b, 0x6f7b, 0x6f7b,
    0x6f7b, 0x6f7b, 0x6f7b, 0x6f7b, 0x6f7b, 0x6f7b, 0x6f7b, 0x6f7b, 0x6f7b, 0x6f7b, 0x6f7b, 0x6f7b, 0x6f7b, 0x6f7b, 0x6f7b, 0x6f7b,
    0x6f7b, 0x6f7b, 0x6f7b, 0x6f7b, 0x6f7b, 0x6f7b, 0x6f7b, 0x6f7b, 0x6f7b, 0x6f7b, 0x6f7b, 0x6f7b, 0x6f7b, 0x6f7b, 0x6f7b, 0x6f7b,
    0x6f7b, 0x6f7b, 0x6f7b, 0x6f7b, 0x6f7b, 0x6f7b, 0x6f7b, 0x6f7b, 0x6f7b, 0x6f7b, 0x6f7b, 0x6f7b, 0x6f7b, 0x6f7b, 0x6f7b, 0x6f7b,
    0x6f7b, 0x6f7b, 0x6f7b, 0x6f7b, 0x6f7b, 0x6f7b, 0x6f7b, 0x6f7b, 0x6f7b, 0x6f7b, 0x6f7b, 0x6f7b, 0x6f7b, 0x6f7b, 0x6f7b, 0x6f7b,
    0x6f7b, 0x6f7b, 0x6f7b, 0x6f7b, 0x6f7b, 0x6f7b, 0x6f7b, 0x6f7b, 0x6f7b, 0x6f7b, 0x6f7b, 0x6f7b, 0x6f7b, 0x6f7b, 0x6f7b, 0x6f7b,
    0x6f7b, 0x6f7b, 0x6f7b, 0x6f7b, 0x6f7b, 0x6f7b, 0x6f7b, 0x6f7b, 0x6f7b, 0x6f7b, 0x6f7b, 0x6f7b, 0x6f7b, 0x6f7b, 0x6f7b, 0x6f7b,
    0x6f7b, 0x6f7b, 0x6f7b, 0x6f7b, 0x6f7b, 0x6f7b, 0x6f7b, 0x6f7b, 0x6f7b, 0x6f7b, 0x6f7b, 0x6739, 0x6739, 0x6739, 0x6739, 0x6739,
    0x6739, 0x6739, 0x6739, 0x6739, 0x6f7b, 0x6f7b, 0x6f7b, 0x6f7b, 0x6f7b, 0x6f7b, 0x6f7b, 0x6f7b, 0x6f7b, 0x6f7b, 0x6f7b, 0x6f7b,
    0x6f7b, 0x6f7b, 0x6f7b, 0x6f7b, 0x6f7b, 0x6f7b, 0x6f7b, 0x6f7b, 0x6f7b, 0x6f7b, 0x6f7b, 0x6f7b, 0x6f7b, 0x6f7b, 0x6f7b, 0x6f7b,
    0x6f7b, 0x6f7b, 0x6f7b, 0x6f7b, 0x6f7b, 0x6f7b, 0x6f7b, 0x6f7b, 0x6f7b, 0x6f7b, 0x6f7b, 0x6f7b, 0x6f7b, 0x6f7b, 0x6f7b, 0x6f7b,
    0x6f7b, 0x6f7b, 0x6f7b, 0x6f7b, 0x6f7b, 0x6f7b, 0x6f7b, 0x6f7b, 0x6f7b, 0x6f7b, 0x6f7b, 0x6f7b, 0x6f7b, 0x6f7b, 0x6f7b, 0x6f7b,
    0x6f7b, 0x6f7b, 0x6f7b, 0x6f7b, 0x6f7b, 0x6f7b, 0x6f7b, 0x6f7b, 0x6f7b, 0x6f7b, 0x6f7b, 0x6f7b, 0x6f7b, 0x6f7b, 0x6f7b, 0x6f7b,
    0x6f7b, 0x6f7b, 0x6f7b, 0x6f7b, 0x6f7b, 0x6f7b, 0x6f7b, 0x6f7b, 0x6f7b, 0x6f7b, 0x6f7b, 0x6f7b, 0x6f7b, 0x6f7b, 0x6f7b, 0x6f7b,
    0x6f7b, 0x6f7b, 0x6f7b, 0x6f7b, 0x6f7b, 0x6f7b, 0x6f7b, 0x6f7b, 0x6f7b, 0x6f7b, 0x6f7b, 0x6f7b, 0x6f7b, 0x6f7b, 0x6f7b, 0x6f7b,
    0x6f7b, 0x6f7b, 0x6f7b, 0x6f7b, 0x6f7b, 0x6f7b, 0x6f7b, 0x6f7b, 0x6f7b, 0x6f7b, 0x6f7b, 0x6739, 0x6739, 0x6739, 0x6739, 0x6739,
    0x6739, 0x4210, 0x6739, 0x6739, 0x6f7b, 0x6f7b, 0x6f7b, 0x6f7b, 0x6f7b, 0x6f7b, 0x6f7b, 0x6f7b, 0x6f7b, 0x6f7b, 0x6f7b, 0x6f7b,
    0x6f7b, 0x6f7b, 0x6f7b, 0x6f7b, 0x6f7b, 0x6f7b, 0x6f7b, 0x6f7b, 0x6f7b, 0x6f7b, 0x6f7b, 0x6f7b, 0x6f7b, 0x6f7b, 0x6f7b, 0x6f7b,
    0x6f7b, 0x6f7b, 0x6f7b, 0x6f7b, 0x6f7b, 0x6f7b, 0x6f7b, 0x6f7b, 0x6f7b, 0x6f7b, 0x6f7b, 0x6f7b, 0x6f7b, 0x6f7b, 0x6f7b, 0x6f7b,
    0x6f7b, 0x6f7b, 0x6f7b, 0x6f7b, 0x6f7b, 0x6f7b, 0x6f7b, 0x6f7b, 0x6f7b, 0x6f7b, 0x6f7b, 0x6f7b, 0x6f7b, 0x6f7b, 0x6f7b, 0x6f7b,
    0x6f7b, 0x6f7b, 0x6f7b, 0x6f7b, 0x6f7b, 0x6f7b, 0x6f7b, 0x6f7b, 0x6f7b, 0x6f7b, 0x6f7b, 0x6f7b, 0x6f7b, 0x6f7b, 0x6f7b, 0x6f7b,
    0x6f7b, 0x6f7b, 0x6f7b, 0x6f7b, 0x6f7b, 0x6f7b, 0x6f7b, 0x6f7b, 0x6f7b, 0x6f7b, 0x6f7b, 0x6f7b, 0x6f7b, 0x6f7b, 0x6f7b, 0x6f7b,
    0x6f7b, 0x6f7b, 0x6f7b, 0x6f7b, 0x6f7b, 0x6f7b, 0x6f7b, 0x6f7b, 0x6f7b, 0x6f7b, 0x6f7b, 0x6f7b, 0x6f7b, 0x6f7b, 0x6f7b, 0x6f7b,
    0x6f7b, 0x6f7b, 0x6f7b, 0x6f7b, 0x6f7b, 0x6f7b, 0x6f7b, 0x6f7b, 0x6f7b, 0x6f7b, 0x6f7b, 0x6739, 0x6739, 0x6739, 0x6739, 0x6739,
    0x6739, 0x6739, 0x6739, 0x6739, 0x6f7b, 0x6f7b, 0x6f7b, 0x6f7b, 0x6f7b, 0x6f7b, 0x6f7b, 0x6f7b, 0x6f7b, 0x6f7b, 0x6f7b, 0x6f7b,
    0x6f7b, 0x6f7b, 0x6f7b, 0x6f7b, 0x6f7b, 0x6f7b, 0x6f7b, 0x6f7b, 0x6f7b, 0x6f7b, 0x6f7b, 0x6f7b, 0x6f7b, 0x6f7b, 0x6f7b, 0x6f7b,
    0x6f7b, 0x6f7b, 0x6f7b, 0x6f7b, 0x6f7b, 0x6f7b, 0x6f7b, 0x6f7b, 0x6f7b, 0x6f7b, 0x6f7b, 0x6f7b, 0x6f7b, 0x6f7b, 0x6f7b, 0x6f7b,
    0x6f7b, 0x6f7b, 0x6f7b, 0x6f7b, 0x6f7b, 0x6f7b, 0x6f7b, 0x6f7b, 0x6f7b, 0x6f7b, 0x6f7b, 0x6f7b, 0x6f7b, 0x6f7b, 0x6f7b, 0x6f7b,
    0x6f7b, 0x6f7b, 0x6f7b, 0x6f7b, 0x6f7b, 0x6f7b, 0x6f7b, 0x6f7b, 0x6f7b, 0x6f7b, 0x6f7b, 0x6f7b, 0x6f7b, 0x6f7b, 0x6f7b, 0x6f7b,
    0x6f7b, 0x6f7b, 0x6f7b, 0x6f7b, 0x6f7b, 0x6f7b, 0x6f7b, 0x6f7b, 0x6f7b, 0x6f7b, 0x6f7b, 0x6f7b, 0x6f7b, 0x6f7b, 0x6f7b, 0x6f7b,
    0x6f7b, 0x6f7b, 0x6f7b, 0x6f7b, 0x6f7b, 0x6f7b, 0x6f7b, 0x6f7b, 0x6f7b, 0x6f7b, 0x6f7b, 0x6f7b, 0x6f7b, 0x6f7b, 0x6f7b, 0x6f7b,
    0x6f7b, 0x6f7b, 0x6f7b, 0x6f7b, 0x6f7b, 0x6f7b, 0x6f7b, 0x6f7b, 0x6f7b, 0x6f7b, 0x6f7b, 0x6739, 0x6739, 0x6739, 0x6739, 0x6739,
    0x6739, 0x6739, 0x6739, 0x6739, 0x6f7b, 0x6f7b, 0x6f7b, 0x6f7b, 0x6f7b, 0x6f7b, 0x6f7b, 0x6f7b, 0x6f7b, 0x6f7b, 0x6f7b, 0x6f7b,
    0x6f7b, 0x6f7b, 0x6f7b, 0x6f7b, 0x6f7b, 0x6f7b, 0x6f7b, 0x6f7b, 0x6f7b, 0x6f7b, 0x6f7b, 0x6f7b, 0x6f7b, 0x6f7b, 0x6f7b, 0x6f7b,
    0x6f7b, 0x6f7b, 0x6f7b, 0x6f7b, 0x6f7b, 0x6f7b, 0x6f7b, 0x6f7b, 0x6f7b, 0x6f7b, 0x6f7b, 0x6f7b, 0x6f7b, 0x6f7b, 0x6f7b, 0x6f7b,
    0x6f7b, 0x6f7b, 0x6f7b, 0x6f7b, 0x6f7b, 0x6f7b, 0x6f7b, 0x6f7b, 0x6f7b, 0x6f7b, 0x6f7b, 0x6f7b, 0x6f7b, 0x6f7b, 0x6f7b, 0x6f7b,
    0x6f7b, 0x6f7b, 0x6f7b, 0x6f7b, 0x6f7b, 0x6f7b, 0x6f7b, 0x6f7b, 0x6f7b, 0x6f7b, 0x6f7b, 0x6f7b, 0x6f7b, 0x6f7b, 0x6f7b, 0x6f7b,
    0x6f7b, 0x6f7b, 0x6f7b, 0x6f7b, 0x6f7b, 0x6f7b, 0x6f7b, 0x6f7b, 0x6f7b, 0x6f7b, 0x6f7b, 0x6f7b, 0x6f7b, 0x6f7b, 0x6f7b, 0x6f7b,
    0x6f7b, 0x6f7b, 0x6f7b, 0x6f7b, 0x6f7b, 0x6f7b, 0x6f7b, 0x6f7b, 0x6f7b, 0x6f7b, 0x6f7b, 0x6f7b, 0x6f7b, 0x6f7b, 0x6f7b, 0x6f7b,
    0x6f7b, 0x6f7b, 0x6f7b, 0x6f7b, 0x6f7b, 0x6f7b, 0x6f7b, 0x6f7b, 0x6f7b, 0x6f7b, 0x6f7b, 0x4210, 0x6739, 0x6739, 0x6739, 0x6739,
    0x6739, 0x6739, 0x6739, 0x6739, 0x6f7b, 0x6f7b, 0x6f7b, 0x6f7b, 0x6f7b, 0x6f7b, 0x6f7b, 0x6f7b, 0x6f7b, 0x6f7b, 0x6f7b, 0x6f7b,
    0x6f7b, 0x6f7b, 0x6f7b, 0x6f7b, 0x6f7b, 0x6f7b, 0x6f7b, 0x6f7b, 0x6f7b, 0x6f7b, 0x6f7b, 0x6f7b, 0x6f7b, 0x6f7b, 0x6f7b, 0x6f7b,
    0x6f7b, 0x6f7b, 0x6f7b, 0x6f7b, 0x6f7b, 0x6f7b, 0x6f7b, 0x6f7b, 0x6f7b, 0x6f7b, 0x6f7b, 0x6f7b, 0x6f7b, 0x6f7b, 0x6f7b, 0x6f7b,
    0x6f7b, 0x6f7b, 0x6f7b, 0x6f7b, 0x6f7b, 0x6f7b, 0x6f7b, 0x6f7b, 0x6f7b, 0x6f7b, 0x6f7b, 0x6f7b, 0x6f7b, 0x6f7b, 0x6f7b, 0x6f7b,
    0x6f7b, 0x6f7b, 0x6f7b, 0x6f7b, 0x6f7b, 0x6f7b, 0x6f7b, 0x6f7b, 0x6f7b, 0x6f7b, 0x6f7b, 0x6f7b, 0x6f7b, 0x6f7b, 0x6f7b, 0x6f7b,
    0x6f7b, 0x6f7b, 0x6f7b, 0x6f7b, 0x6f7b, 0x6f7b, 0x6f7b, 0x6f7b, 0x6f7b, 0x6f7b, 0x6f7b, 0x6f7b, 0x6f7b, 0x6f7b, 0x6f7b, 0x6f7b,
    0x6f7b, 0x6f7b, 0x6f7b, 0x6f7b, 0x6f7b, 0x6f7b, 0x6f7b, 0x6f7b, 0x6f7b, 0x6f7b, 0x6f7b, 0x6f7b, 0x6f7b, 0x6f7b, 0x6f7b, 0x6f7b,
    0x6f7b, 0x6f7b, 0x6f7b, 0x6f7b, 0x6f7b, 0x6f7b, 0x6f7b, 0x6f7b, 0x6f7b, 0x6f7b, 0x6f7b, 0x4210, 0x4210, 0x6739, 0x6739, 0x6739,
    0x6739, 0x6739, 0x6739, 0x6739, 0x6f7b, 0x6f7b, 0x6f7b, 0x6f7b, 0x6f7b, 0x6f7b, 0x6f7b, 0x6f7b, 0x6f7b, 0x6f7b, 0x6f7b, 0x6f7b,
    0x6f7b, 0x6f7b, 0x6f7b, 0x6f7b, 0x6f7b, 0x6f7b, 0x6f7b, 0x6f7b, 0x6f7b, 0x6f7b, 0x6f7b, 0x6f7b, 0x6f7b, 0x6f7b, 0x6f7b, 0x6f7b,
    0x6f7b, 0x6f7b, 0x6f7b, 0x6f7b, 0x6f7b, 0x6f7b, 0x6f7b, 0x6f7b, 0x6f7b, 0x6f7b, 0x6f7b, 0x6f7b, 0x6f7b, 0x6f7b, 0x6f7b, 0x6f7b,
    0x6f7b, 0x6f7b, 0x6f7b, 0x6f7b, 0x6f7b, 0x6f7b, 0x6f7b, 0x6f7b, 0x6f7b, 0x6f7b, 0x6f7b, 0x6f7b, 0x6f7b, 0x6f7b, 0x6f7b, 0x6f7b,
    0x6f7b, 0x6f7b, 0x6f7b, 0x6f7b, 0x6f7b, 0x6f7b, 0x6f7b, 0x6f7b, 0x6f7b, 0x6f7b, 0x6f7b, 0x6f7b, 0x6f7b, 0x6f7b, 0x6f7b, 0x6f7b,
    0x6f7b, 0x6f7b, 0x6f7b, 0x6f7b, 0x6f7b, 0x6f7b, 0x6f7b, 0x6f7b, 0x6f7b, 0x6f7b, 0x6f7b, 0x6f7b, 0x6f7b, 0x6f7b, 0x6f7b, 0x6f7b,
    0x6f7b, 0x6f7b, 0x6f7b, 0x6f7b, 0x6f7b, 0x6f7b, 0x6f7b, 0x6f7b, 0x6f7b, 0x6f7b, 0x6f7b, 0x6f7b, 0x6f7b, 0x6f7b, 0x6f7b, 0x6f7b,
    0x6f7b, 0x6f7b, 0x6f7b, 0x6f7b, 0x6f7b, 0x6f7b, 0x6f7b, 0x6f7b, 0x6f7b, 0x6f7b, 0x6f7b, 0x6739, 0x6739, 0x6739, 0x6739, 0x6739,
    0x6739, 0x6739, 0x6739, 0x6739, 0x6f7b, 0x6f7b, 0x6f7b, 0x6f7b, 0x6f7b, 0x6f7b, 0x6f7b, 0x6f7b, 0x6f7b, 0x6f7b, 0x6f7b, 0x6f7b,
    0x6f7b, 0x6f7b, 0x6f7b, 0x6f7b, 0x6f7b, 0x6f7b, 0x6f7b, 0x6f7b, 0x6f7b, 0x6f7b, 0x6f7b, 0x6f7b, 0x6f7b, 0x6f7b, 0x6f7b, 0x6f7b,
    0x6f7b, 0x6f7b, 0x6f7b, 0x6f7b, 0x6f7b, 0x6f7b, 0x6f7b, 0x6f7b, 0x6f7b, 0x6f7b, 0x6f7b, 0x6f7b, 0x6f7b, 0x6f7b, 0x6f7b, 0x6f7b,
    0x6f7b, 0x6f7b, 0x6f7b, 0x6f7b, 0x6f7b, 0x6f7b, 0x6f7b, 0x6f7b, 0x6f7b, 0x6f7b, 0x6f7b, 0x6f7b, 0x6f7b, 0x6f7b, 0x6f7b, 0x6f7b,
    0x6f7b, 0x6f7b, 0x6f7b, 0x6f7b, 0x6f7b, 0x6f7b, 0x6f7b, 0x6f7b, 0x6f7b, 0x6f7b, 0x6f7b, 0x6f7b, 0x6f7b, 0x6f7b, 0x6f7b, 0x6f7b,
    0x6f7b, 0x6f7b, 0x6f7b, 0x6f7b, 0x6f7b, 0x6f7b, 0x6f7b, 0x6f7b, 0x6f7b, 0x6f7b, 0x6f7b, 0x6f7b, 0x6f7b, 0x6f7b, 0x6f7b, 0x6f7b,
    0x6f7b, 0x6f7b, 0x6f7b, 0x6f7b, 0x6f7b, 0x6f7b, 0x6f7b, 0x6f7b, 0x6f7b, 0x6f7b, 0x6f7b, 0x6f7b, 0x6f7b, 0x6f7b, 0x6f7b, 0x0001,
    0x0001, 0x6f7b, 0x6f7b, 0x6f7b, 0x6f7b, 0x6f7b, 0x6f7b, 0x6f7b, 0x6f7b, 0x6f7b, 0x6f7b, 0x6739, 0x6739, 0x6739, 0x6739, 0x6739,
    0x6739, 0x6739, 0x6739, 0x6739, 0x6f7b, 0x6f7b, 0x6f7b, 0x6f7b, 0x6f7b, 0x6f7b, 0x6f7b, 0x6f7b, 0x6f7b, 0x6f7b, 0x6f7b, 0x6f7b,
    0x6f7b, 0x6f7b, 0x6f7b, 0x6f7b, 0x6f7b, 0x6f7b, 0x6f7b, 0x0001, 0x0001, 0x6f7b, 0x6f7b, 0x6f7b, 0x6f7b, 0x6f7b, 0x6f7b, 0x6f7b,
    0x6f7b, 0x6f7b, 0x6f7b, 0x6f7b, 0x6f7b, 0x6f7b, 0x6f7b, 0x6f7b, 0x6f7b, 0x6f7b, 0x6f7b, 0x6f7b, 0x6f7b, 0x6f7b, 0x6f7b, 0x6f7b,
    0x6f7b, 0x6f7b, 0x6f7b, 0x6f7b, 0x6f7b, 0x6f7b, 0x6f7b, 0x6f7b, 0x6f7b, 0x6f7b, 0x6f7b, 0x6f7b, 0x6f7b, 0x6f7b, 0x6f7b, 0x6f7b,
    0x6f7b, 0x6f7b, 0x6f7b, 0x6f7b, 0x6f7b, 0x6f7b, 0x6f7b, 0x6f7b, 0x6f7b, 0x6f7b, 0x6f7b, 0x6f7b, 0x6f7b, 0x6f7b, 0x6f7b, 0x6f7b,
    0x6f7b, 0x6f7b, 0x6f7b, 0x6f7b, 0x6f7b, 0x6f7b, 0x6f7b, 0x6f7b, 0x6f7b, 0x6f7b, 0x6f7b, 0x6f7b, 0x6f7b, 0x6f7b, 0x6f7b, 0x6f7b,
    0x6f7b, 0x6f7b, 0x6f7b, 0x6f7b, 0x6f7b, 0x6f7b, 0x6f7b, 0x6f7b, 0x6f7b, 0x6f7b, 0x6f7b, 0x6f7b, 0x6f7b, 0x6f7b, 0x6f7b, 0x6f7b,
    0x6f7b, 0x6f7b, 0x6f7b, 0x6f7b, 0x6f7b, 0x6f7b, 0x6f7b, 0x6f7b, 0x6f7b, 0x6f7b, 0x6f7b, 0x6739, 0x6739, 0x6739, 0x6739, 0x6739,
    0x6739, 0x6739, 0x6739, 0x6739, 0x6f7b, 0x6f7b, 0x6f7b, 0x6f7b, 0x6f7b, 0x6f7b, 0x6f7b, 0x6f7b, 0x6f7b, 0x6f7b, 0x6f7b, 0x6f7b,
    0x6f7b, 0x6f7b, 0x6f7b, 0x6f7b, 0x6f7b, 0x6f7b, 0x6f7b, 0x6f7b, 0x6f7b, 0x6f7b, 0x6f7b, 0x6f7b, 0x6f7b, 0x6f7b, 0x6f7b, 0x6f7b,
    0x6f7b, 0x6f7b, 0x6f7b, 0x6f7b, 0x6f7b, 0x6f7b, 0x6f7b, 0x6f7b, 0x6f7b, 0x6f7b, 0x6f7b, 0x6f7b, 0x6f7b, 0x6f7b, 0x6f7b, 0x6f7b,
    0x6f7b, 0x6f7b, 0x6f7b, 0x6f7b, 0x6f7b, 0x6f7b, 0x6f7b, 0x6f7b, 0x6f7b, 0x6f7b, 0x6f7b, 0x6f7b, 0x6f7b, 0x6f7b, 0x6f7b, 0x6f7b,
    0x6f7b, 0x6f7b, 0x6f7b, 0x6f7b, 0x6f7b, 0x6f7b, 0x6f7b, 0x6f7b, 0x6f7b, 0x6f7b, 0x6f7b, 0x6f7b, 0x6f7b, 0x6f7b, 0x6f7b, 0x6f7b,
    0x6f7b, 0x6f7b, 0x6f7b, 0x6f7b, 0x6f7b, 0x6f7b, 0x6f7b, 0x6f7b, 0x6f7b, 0x6f7b, 0x6f7b, 0x6f7b, 0x6f7b, 0x6f7b, 0x6f7b, 0x6f7b,
    0x6f7b, 0x6f7b, 0x6f7b, 0x6f7b, 0x6f7b, 0x6f7b, 0x6f7b, 0x6f7b, 0x6f7b, 0x6f7b, 0x6f7b, 0x6f7b, 0x6f7b, 0x6f7b, 0x6f7b, 0x6f7b,
    0x6f7b, 0x6f7b, 0x6f7b, 0x6f7b, 0x6f7b, 0x6f7b, 0x6f7b, 0x6f7b, 0x6f7b, 0x6f7b, 0x6f7b, 0x4210, 0x6739, 0x6739, 0x6739, 0x6739,
    0x6739, 0x6739, 0x6739, 0x6739, 0x6f7b, 0x6f7b, 0x6f7b, 0x6f7b, 0x6f7b, 0x6f7b, 0x6f7b, 0x6f7b, 0x6f7b, 0x6f7b, 0x6f7b, 0x6f7b,
    0x6f7b, 0x6f7b, 0x6f7b, 0x6f7b, 0x6f7b, 0x6f7b, 0x6f7b, 0x6f7b, 0x6f7b, 0x6f7b, 0x6f7b, 0x6f7b, 0x6f7b, 0x6f7b, 0x6f7b, 0x6f7b,
    0x6f7b, 0x6f7b, 0x6f7b, 0x6f7b, 0x6f7b, 0x6f7b, 0x6f7b, 0x6f7b, 0x6f7b, 0x6f7b, 0x6f7b, 0x6f7b, 0x6f7b, 0x6f7b, 0x6f7b, 0x6f7b,
    0x6f7b, 0x6f7b, 0x6f7b, 0x6f7b, 0x6f7b, 0x6f7b, 0x6f7b, 0x6f7b, 0x6f7b, 0x6f7b, 0x6f7b, 0x6f7b, 0x6f7b, 0x6f7b, 0x6f7b, 0x6f7b,
    0x6f7b, 0x6f7b, 0x6f7b, 0x6f7b, 0x6f7b, 0x6f7b, 0x6f7b, 0x6f7b, 0x6f7b, 0x6f7b, 0x6f7b, 0x6f7b, 0x6f7b, 0x6f7b, 0x6f7b, 0x6f7b,
    0x6f7b, 0x6f7b, 0x6f7b, 0x6f7b, 0x6f7b, 0x6f7b, 0x6f7b, 0x6f7b, 0x6f7b, 0x6f7b, 0x6f7b, 0x6f7b, 0x6f7b, 0x6f7b, 0x6f7b, 0x6f7b,
    0x6f7b, 0x6f7b, 0x6f7b, 0x6f7b, 0x6f7b, 0x6f7b, 0x6f7b, 0x6f7b, 0x6f7b, 0x6f7b, 0x6f7b, 0x6f7b, 0x6f7b, 0x6f7b, 0x6f7b, 0x6f7b,
    0x6f7b, 0x6f7b, 0x6f7b, 0x6f7b, 0x6f7b, 0x6f7b, 0x6f7b, 0x6f7b, 0x6f7b, 0x6f7b, 0x6f7b, 0x4210, 0x6739, 0x6739, 0x6739, 0x6739,
    0x6739, 0x6739, 0x6739, 0x6739, 0x6f7b, 0x6f7b, 0x6f7b, 0x6f7b, 0x6f7b, 0x6f7b, 0x6f7b, 0x6f7b, 0x6f7b, 0x6f7b, 0x6f7b, 0x6f7b,
    0x6f7b, 0x6f7b, 0x6f7b, 0x6f7b, 0x6f7b, 0x6f7b, 0x6f7b, 0x6f7b, 0x6f7b, 0x6f7b, 0x6f7b, 0x6f7b, 0x6f7b, 0x6f7b, 0x6f7b, 0x6f7b,
    0x6f7b, 0x6f7b, 0x6f7b, 0x6f7b, 0x6f7b, 0x6f7b, 0x6f7b, 0x6f7b, 0x6f7b, 0x6f7b, 0x6f7b, 0x6f7b, 0x6f7b, 0x6f7b, 0x6f7b, 0x6f7b,
    0x6f7b, 0x6f7b, 0x6f7b, 0x6f7b, 0x6f7b, 0x6f7b, 0x6f7b, 0x6f7b, 0x6f7b, 0x6f7b, 0x6f7b, 0x6f7b, 0x6f7b, 0x6f7b, 0x6f7b, 0x6f7b,
    0x6f7b, 0x6f7b, 0x6f7b, 0x6f7b, 0x6f7b, 0x6f7b, 0x6f7b, 0x6f7b, 0x6f7b, 0x6f7b, 0x6f7b, 0x6f7b, 0x6f7b, 0x6f7b, 0x6f7b, 0x6f7b,
    0x6f7b, 0x6f7b, 0x6f7b, 0x6f7b, 0x6f7b, 0x6f7b, 0x6f7b, 0x6f7b, 0x6f7b, 0x6f7b, 0x6f7b, 0x6f7b, 0x6f7b, 0x6f7b, 0x6f7b, 0x6f7b,
    0x6f7b, 0x6f7b, 0x6f7b, 0x6f7b, 0x6f7b, 0x6f7b, 0x6f7b, 0x6f7b, 0x6f7b, 0x6f7b, 0x6f7b, 0x6f7b, 0x6f7b, 0x6f7b, 0x6f7b, 0x6f7b,
    0x6f7b, 0x6f7b, 0x6f7b, 0x6f7b, 0x6f7b, 0x6f7b, 0x6f7b, 0x6f7b, 0x6f7b, 0x6f7b, 0x6f7b, 0x6739, 0x6739, 0x6739, 0x6739, 0x6739,
    0x6739, 0x6739, 0x6739, 0x6739, 0x6f7b, 0x6f7b, 0x6f7b, 0x6f7b, 0x6f7b, 0x6f7b, 0x6f7b, 0x6f7b, 0x6f7b, 0x6f7b, 0x6f7b, 0x6f7b,
    0x6f7b, 0x6f7b, 0x6f7b, 0x6f7b, 0x6f7b, 0x6f7b, 0x6f7b, 0x6f7b, 0x6f7b, 0x6f7b, 0x6f7b, 0x6f7b, 0x6f7b, 0x6f7b, 0x6f7b, 0x6f7b,
    0x6f7b, 0x6f7b, 0x6f7b, 0x6f7b, 0x6f7b, 0x6f7b, 0x6f7b, 0x6f7b, 0x6f7b, 0x6f7b, 0x6f7b, 0x6f7b, 0x6f7b, 0x6f7b, 0x6f7b, 0x6f7b,
    0x6f7b, 0x6f7b, 0x6f7b, 0x6f7b, 0x6f7b, 0x6f7b, 0x6f7b, 0x6f7b, 0x6f7b, 0x6f7b, 0x6f7b, 0x6f7b, 0x6f7b, 0x6f7b, 0x6f7b, 0x6f7b,
    0x6f7b, 0x6f7b, 0x6f7b, 0x6f7b, 0x6f7b, 0x6f7b, 0x6f7b, 0x6f7b, 0x6f7b, 0x6f7b, 0x6f7b, 0x6f7b, 0x6f7b, 0x6f7b, 0x6f7b, 0x6f7b,
    0x6f7b, 0x6f7b, 0x6f7b, 0x6f7b, 0x6f7b, 0x6f7b, 0x6f7b, 0x6f7b, 0x6f7b, 0x6f7b, 0x6f7b, 0x6f7b, 0x6f7b, 0x6f7b, 0x6f7b, 0x6f7b,
    0x6f7b, 0x6f7b, 0x6f7b, 0x6f7b, 0x6f7b, 0x6f7b, 0x6f7b, 0x6f7b, 0x6f7b, 0x6f7b, 0x6f7b, 0x6f7b, 0x6f7b, 0x6f7b, 0x6f7b, 0x6f7b,
    0x6f7b, 0x6f7b, 0x6f7b, 0x6f7b, 0x6f7b, 0x6f7b, 0x6f7b, 0x6f7b, 0x6f7b, 0x6f7b, 0x6f7b, 0x4210, 0x6739, 0x6739, 0x6739, 0x6739,
    0x6739, 0x6739, 0x6739, 0x6739, 0x6f7b, 0x6f7b, 0x6f7b, 0x6f7b, 0x6f7b, 0x6f7b, 0x6f7b, 0x6f7b, 0x6f7b, 0x6f7b, 0x6f7b, 0x6f7b,
    0x6f7b, 0x6f7b, 0x6f7b, 0x6f7b, 0x6f7b, 0x6f7b, 0x6f7b, 0x6f7b, 0x6f7b, 0x6f7b, 0x6f7b, 0x6f7b, 0x6f7b, 0x6f7b, 0x6f7b, 0x6f7b,
    0x6f7b, 0x6f7b, 0x6f7b, 0x6f7b, 0x6f7b, 0x6f7b, 0x6f7b, 0x6f7b, 0x6f7b, 0x6f7b, 0x6f7b, 0x6f7b, 0x6f7b, 0x6f7b, 0x6f7b, 0x6f7b,
    0x6f7b, 0x6f7b, 0x6f7b, 0x6f7b, 0x6f7b, 0x6f7b, 0x6f7b, 0x6f7b, 0x6f7b, 0x6f7b, 0x6f7b, 0x6f7b, 0x6f7b, 0x6f7b, 0x6f7b, 0x6f7b,
    0x6f7b, 0x6f7b, 0x6f7b, 0x6f7b, 0x6f7b, 0x6f7b, 0x6f7b, 0x6f7b, 0x6f7b, 0x6f7b, 0x6f7b, 0x6f7b, 0x6f7b, 0x6f7b, 0x6f7b, 0x6f7b,
    0x6f7b, 0x6f7b, 0x6f7b, 0x6f7b, 0x6f7b, 0x6f7b, 0x6f7b, 0x6f7b, 0x6f7b, 0x6f7b, 0x6f7b, 0x6f7b, 0x6f7b, 0x6f7b, 0x6f7b, 0x6f7b,
    0x6f7b, 0x6f7b, 0x6f7b, 0x6f7b, 0x6f7b, 0x6f7b, 0x6f7b, 0x6f7b, 0x6f7b, 0x6f7b, 0x6f7b, 0x6f7b, 0x6f7b, 0x6f7b, 0x6f7b, 0x6f7b,
    0x6f7b, 0x6f7b, 0x6f7b, 0x6f7b, 0x6f7b, 0x6f7b, 0x6f7b, 0x6f7b, 0x6f7b, 0x6f7b, 0x6f7b, 0x4210, 0x6739, 0x6739, 0x6739, 0x6739,
    0x6739, 0x6739, 0x6739, 0x6739, 0x6f7b, 0x6f7b, 0x6f7b, 0x6f7b, 0x6f7b, 0x6f7b, 0x6f7b, 0x6f7b, 0x6f7b, 0x6f7b, 0x6f7b, 0x6f7b,
    0x6f7b, 0x6f7b, 0x6f7b, 0x6f7b, 0x6f7b, 0x6f7b, 0x6f7b, 0x6f7b, 0x6f7b, 0x6f7b, 0x6f7b, 0x6f7b, 0x6f7b, 0x6f7b, 0x6f7b, 0x6f7b,
    0x6f7b, 0x6f7b, 0x6f7b, 0x6f7b, 0x6f7b, 0x6f7b, 0x6f7b, 0x6f7b, 0x6f7b, 0x6f7b, 0x6f7b, 0x6f7b, 0x6f7b, 0x6f7b, 0x6f7b, 0x6f7b,
    0x6f7b, 0x6f7b, 0x6f7b, 0x6f7b, 0x6f7b, 0x6f7b, 0x6f7b, 0x6f7b, 0x6f7b, 0x6f7b, 0x6f7b, 0x6f7b, 0x6f7b, 0x6f7b, 0x6f7b, 0x6f7b,
    0x6f7b, 0x6f7b, 0x6f7b, 0x6f7b, 0x6f7b, 0x6f7b, 0x6f7b, 0x6f7b, 0x6f7b, 0x6f7b, 0x6f7b, 0x6f7b, 0x6f7b, 0x6f7b, 0x6f7b, 0x6f7b,
    0x6f7b, 0x6f7b, 0x6f7b, 0x6f7b, 0x6f7b, 0x6f7b, 0x6f7b, 0x6f7b, 0x6f7b, 0x6f7b, 0x6f7b, 0x6f7b, 0x6f7b, 0x6f7b, 0x6f7b, 0x6f7b,
    0x6f7b, 0x6f7b, 0x6f7b, 0x6f7b, 0x6f7b, 0x6f7b, 0x6f7b, 0x6f7b, 0x6f7b, 0x6f7b, 0x6f7b, 0x6f7b, 0x6f7b, 0x6f7b, 0x6f7b, 0x6f7b,
    0x6f7b, 0x6f7b, 0x6f7b, 0x6f7b, 0x6f7b, 0x6f7b, 0x6f7b, 0x6f7b, 0x6f7b, 0x6f7b, 0x6f7b, 0x6739, 0x6739, 0x6739, 0x6739, 0x6739,
    0x6739, 0x6739, 0x6739, 0x6739, 0x6f7b, 0x6f7b, 0x6f7b, 0x6f7b, 0x6f7b, 0x6f7b, 0x6f7b, 0x6f7b, 0x6f7b, 0x6f7b, 0x6f7b, 0x6f7b,
    0x6f7b, 0x6f7b, 0x6f7b, 0x6f7b, 0x6f7b, 0x6f7b, 0x6f7b, 0x6f7b, 0x6f7b, 0x6f7b, 0x6f7b, 0x6f7b, 0x6f7b, 0x6f7b, 0x6f7b, 0x6f7b,
    0x6f7b, 0x6f7b, 0x6f7b, 0x6f7b, 0x6f7b, 0x6f7b, 0x6f7b, 0x6f7b, 0x6f7b, 0x6f7b, 0x6f7b, 0x6f7b, 0x6f7b, 0x6f7b, 0x6f7b, 0x6f7b,
    0x6f7b, 0x6f7b, 0x6f7b, 0x6f7b, 0x6f7b, 0x6f7b, 0x6f7b, 0x6f7b, 0x6f7b, 0x6f7b, 0x6f7b, 0x6f7b, 0x6f7b, 0x6f7b, 0x6f7b, 0x6f7b,
    0x6f7b, 0x6f7b, 0x6f7b, 0x6f7b, 0x6f7b, 0x6f7b, 0x6f7b, 0x6f7b, 0x6f7b, 0x6f7b, 0x6f7b, 0x6f7b, 0x6f7b, 0x6f7b, 0x6f7b, 0x6f7b,
    0x6f7b, 0x6f7b, 0x6f7b, 0x6f7b, 0x6f7b, 0x6f7b, 0x6f7b, 0x6f7b, 0x6f7b, 0x6f7b, 0x6f7b, 0x6f7b, 0x6f7b, 0x6f7b, 0x6f7b, 0x6f7b,
    0x6f7b, 0x6f7b, 0x6f7b, 0x6f7b, 0x6f7b, 0x6f7b, 0x6f7b, 0x6f7b, 0x6f7b, 0x6f7b, 0x6f7b, 0x6f7b, 0x6f7b, 0x6f7b, 0x6f7b, 0x6f7b,
    0x6f7b, 0x6f7b, 0x6f7b, 0x6f7b, 0x6f7b, 0x6f7b, 0x6f7b, 0x6f7b, 0x6f7b, 0x6f7b, 0x6f7b, 0x6f7b, 0x6f7b, 0x6f7b, 0x6f7b, 0x6f7b,
    0x6f7b, 0x6f7b, 0x6f7b, 0x6f7b, 0x6f7b, 0x6f7b, 0x6f7b, 0x6f7b, 0x6f7b, 0x6f7b, 0x6f7b, 0x6f7b, 0x6f7b, 0x6f7b, 0x6f7b, 0x6f7b,
    0x6f7b, 0x6f7b, 0x6f7b, 0x6f7b, 0x6f7b, 0x6f7b, 0x6f7b, 0x6f7b, 0x6f7b, 0x6f7b, 0x6f7b, 0x6f7b, 0x6f7b, 0x6f7b, 0x6f7b, 0x6f7b,
    0x6f7b, 0x6f7b, 0x6f7b, 0x6f7b, 0x6f7b, 0x4b8c, 0x6f7b, 0x6f7b, 0x6f7b, 0x6f7b, 0x6f7b, 0x6f7b, 0x6f7b, 0x6f7b, 0x6f7b, 0x6f7b,
    0x6f7b, 0x6f7b, 0x6f7b, 0x6f7b, 0x6f7b, 0x6f7b, 0x6f7b, 0x6f7b, 0x6f7b, 0x6f7b, 0x6f7b, 0x6f7b, 0x6f7b, 0x6f7b, 0x6f7b, 0x6f7b,
    0x6f7b, 0x6f7b, 0x6f7b, 0x6f7b, 0x6f7b, 0x6f7b, 0x6f7b, 0x6f7b, 0x6f7b, 0x6f7b, 0x6f7b, 0x6f7b, 0x6f7b, 0x6f7b, 0x6f7b, 0x6f7b,
    0x6f7b, 0x6f7b, 0x6f7b, 0x6f7b, 0x6f7b, 0x6f7b, 0x6f7b, 0x6f7b, 0x6f7b, 0x6f7b, 0x6f7b, 0x6f7b, 0x6f7b, 0x6f7b, 0x6f7b, 0x6f7b,
    0x6f7b, 0x6f7b, 0x6f7b, 0x6f7b, 0x6f7b, 0x6f7b, 0x6f7b, 0x6f7b, 0x6f7b, 0x6f7b, 0x6f7b, 0x6f7b, 0x6f7b, 0x6f7b, 0x6f7b, 0x6f7b,
    0x6f7b, 0x6f7b, 0x6f7b, 0x6f7b, 0x6f7b, 0x6f7b, 0x6f7b, 0x6f7b, 0x6f7b, 0x6f7b, 0x6f7b, 0x6f7b, 0x6f7b, 0x6f7b, 0x6f7b, 0x6f7b,
    0x6f7b, 0x6f7b, 0x6f7b, 0x6f7b, 0x6f7b, 0x6f7b, 0x6f7b, 0x6f7b, 0x6f7b, 0x6f7b, 0x6f7b, 0x6f7b, 0x6f7b, 0x6f7b, 0x6f7b, 0x6f7b,
    0x6f7b, 0x6f7b, 0x6f7b, 0x6f7b, 0x6f7b, 0x6f7b, 0x6f7b, 0x6f7b, 0x6f7b, 0x6f7b, 0x6f7b, 0x6f7b, 0x6f7b, 0x6f7b, 0x6f7b, 0x6f7b,
    0x6f7b, 0x6f7b, 0x6f7b, 0x6f7b, 0x6f7b, 0x4b8c, 0x6f7b, 0x6f7b, 0x6f7b, 0x6f7b, 0x6f7b, 0x6f7b, 0x6f7b, 0x6f7b, 0x6f7b, 0x6f7b,
    0x6f7b, 0x6f7b, 0x6f7b, 0x6f7b, 0x6f7b, 0x6f7b, 0x6f7b, 0x6f7b, 0x6f7b, 0x6f7b, 0x6f7b, 0x6f7b, 0x6f7b, 0x6f7b, 0x6f7b, 0x6f7b,
    0x6f7b, 0x6f7b, 0x6f7b, 0x6f7b, 0x6f7b, 0x6f7b, 0x6f7b, 0x6f7b, 0x6f7b, 0x6f7b, 0x6f7b, 0x6f7b, 0x6f7b, 0x6f7b, 0x6f7b, 0x6f7b,
    0x6f7b, 0x6f7b, 0x6f7b, 0x6f7b, 0x6f7b, 0x6f7b, 0x6f7b, 0x6f7b, 0x6f7b, 0x6f7b, 0x6f7b, 0x6f7b, 0x6f7b, 0x6f7b, 0x6f7b, 0x6f7b,
    0x6f7b, 0x6f7b, 0x6f7b, 0x6f7b, 0x6f7b, 0x6f7b, 0x6f7b, 0x6f7b, 0x6f7b, 0x6f7b, 0x6f7b, 0x6f7b, 0x6f7b, 0x6f7b, 0x6f7b, 0x6f7b,
    0x6f7b, 0x6f7b, 0x0001, 0x0001, 0x0001, 0x0001, 0x0001, 0x0001, 0x0001, 0x0001, 0x0001, 0x0001, 0x0001, 0x0001, 0x0001, 0x0001,
    0x0001, 0x0001, 0x0001, 0x0001, 0x6f7b, 0x6f7b, 0x6f7b, 0x6f7b, 0x6f7b, 0x6f7b, 0x6f7b, 0x6f7b, 0x6f7b, 0x6f7b, 0x6f7b, 0x6f7b,
    0x6f7b, 0x6f7b, 0x6f7b, 0x6f7b, 0x6f7b, 0x6f7b, 0x6f7b, 0x6f7b, 0x6f7b, 0x6f7b, 0x6f7b, 0x6f7b, 0x6f7b, 0x6f7b, 0x6f7b, 0x6f7b,
    0x6f7b, 0x6f7b, 0x6f7b, 0x6f7b, 0x6f7b, 0x6f7b, 0x6f7b, 0x6f7b, 0x6f7b, 0x6f7b, 0x6f7b, 0x6f7b, 0x6f7b, 0x6f7b, 0x6f7b, 0x6f7b,
    0x6f7b, 0x6f7b, 0x6f7b, 0x6f7b, 0x6f7b, 0x6f7b, 0x6f7b, 0x6f7b, 0x6f7b, 0x6f7b, 0x6f7b, 0x6f7b, 0x6f7b, 0x6f7b, 0x6f7b, 0x6f7b,
    0x6f7b, 0x6f7b, 0x6f7b, 0x6f7b, 0x6f7b, 0x6f7b, 0x6f7b, 0x6f7b, 0x6f7b, 0x6f7b, 0x6f7b, 0x6f7b, 0x6f7b, 0x6f7b, 0x6f7b, 0x6f7b,
    0x6f7b, 0x6f7b, 0x6f7b, 0x6f7b, 0x6f7b, 0x6f7b, 0x6f7b, 0x6f7b, 0x6f7b, 0x6f7b, 0x6f7b, 0x6f7b, 0x6f7b, 0x6f7b, 0x6f7b, 0x6f7b,
    0x6f7b, 0x6f7b, 0x6f7b, 0x6f7b, 0x6f7b, 0x6f7b, 0x6f7b, 0x6f7b, 0x6f7b, 0x6f7b, 0x6f7b, 0x6f7b, 0x6f7b, 0x6f7b, 0x6f7b, 0x6f7b,
    0x6f7b, 0x6f7b, 0x0001, 0x0001, 0x0001, 0x0001, 0x0001, 0x0001, 0x0001, 0x0001, 0x0001, 0x0001, 0x0001, 0x0001, 0x0001, 0x0001,
    0x0001, 0x0001, 0x0001, 0x0001, 0x6f7b, 0x6f7b, 0x6f7b, 0x6f7b, 0x6f7b, 0x6f7b, 0x6f7b, 0x6f7b, 0x6f7b, 0x6f7b, 0x6f7b, 0x6f7b,
    0x6f7b, 0x6f7b, 0x6f7b, 0x6f7b, 0x6f7b, 0x6f7b, 0x6f7b, 0x6f7b, 0x6f7b, 0x6f7b, 0x6f7b, 0x6f7b, 0x6f7b, 0x6f7b, 0x6f7b, 0x6f7b,
    0x6f7b, 0x6f7b, 0x6f7b, 0x6f7b, 0x6f7b, 0x6f7b, 0x6f7b, 0x6f7b, 0x6f7b, 0x6f7b, 0x6f7b, 0x6f7b, 0x6f7b, 0x5ad6, 0x5ad6, 0x5ad6,
    0x5ad6, 0x5ad6, 0x5ad6, 0x5ad6, 0x5ad6, 0x5ad6, 0x5ad6, 0x5ad6, 0x5ad6, 0x5ad6, 0x5ad6, 0x5ad6, 0x6f7b, 0x6f7b, 0x6f7b, 0x6f7b,
    0x6f7b, 0x6f7b, 0x6f7b, 0x6f7b, 0x6f7b, 0x5ad6, 0x5ad6, 0x5ad6, 0x5ad6, 0x5ad6, 0x5ad6, 0x5ad6, 0x5ad6, 0x5ad6, 0x5ad6, 0x5ad6,
    0x5ad6, 0x5ad6, 0x5ad6, 0x5ad6, 0x6f7b, 0x6f7b, 0x6f7b, 0x6f7b, 0x6f7b, 0x6f7b, 0x6f7b, 0x6f7b, 0x6f7b, 0x6f7b, 0x6f7b, 0x6f7b,
    0x6f7b, 0x6f7b, 0x6f7b, 0x6f7b, 0x6f7b, 0x6f7b, 0x6f7b, 0x6f7b, 0x6f7b, 0x6f7b, 0x6f7b, 0x6f7b, 0x6f7b, 0x6f7b, 0x6f7b, 0x6f7b,
    0x6f7b, 0x6f7b, 0x0001, 0x0001, 0x0001, 0x0001, 0x0001, 0x0001, 0x0001, 0x0001, 0x0001, 0x0001, 0x0001, 0x0001, 0x0001, 0x0001,
    0x0001, 0x0001, 0x0001, 0x0001, 0x6f7b, 0x6f7b, 0x6f7b, 0x6f7b, 0x6f7b, 0x6f7b, 0x6f7b, 0x6f7b, 0x6f7b, 0x6f7b, 0x6f7b, 0x6f7b,
    0x6f7b, 0x6f7b, 0x6f7b, 0x6f7b, 0x6f7b, 0x6f7b, 0x6f7b, 0x6f7b, 0x6f7b, 0x6f7b, 0x6f7b, 0x6f7b, 0x6f7b, 0x6f7b, 0x6f7b, 0x6f7b,
    0x6f7b, 0x6f7b, 0x6f7b, 0x6f7b, 0x6f7b, 0x6f7b, 0x6f7b, 0x6f7b, 0x6f7b, 0x6f7b, 0x6f7b, 0x6f7b, 0x6739, 0x6f7b, 0x6f7b, 0x6f7b,
    0x6f7b, 0x4210, 0x4210, 0x4210, 0x4210, 0x6f7b, 0x4210, 0x4210, 0x6f7b, 0x6f7b, 0x6f7b, 0x5ad6, 0x6739, 0x6f7b, 0x6f7b, 0x6f7b,
    0x6f7b, 0x6f7b, 0x6f7b, 0x6f7b, 0x6739, 0x5ad6, 0x6f7b, 0x6f7b, 0x6f7b, 0x4210, 0x4210, 0x4210, 0x4210, 0x4210, 0x4210, 0x4210,
    0x6f7b, 0x6f7b, 0x6f7b, 0x6f7b, 0x6739, 0x6f7b, 0x6f7b, 0x6f7b, 0x6f7b, 0x6f7b, 0x6f7b, 0x6f7b, 0x6f7b, 0x6f7b, 0x6f7b, 0x6f7b,
    0x6f7b, 0x6f7b, 0x6f7b, 0x6f7b, 0x6f7b, 0x6f7b, 0x6f7b, 0x6f7b, 0x6f7b, 0x6f7b, 0x6f7b, 0x6f7b, 0x6f7b, 0x6f7b, 0x6f7b, 0x6f7b,
    0x6f7b, 0x6f7b, 0x0001, 0x0001, 0x0001, 0x0001, 0x0001, 0x0001, 0x0001, 0x0001, 0x0001, 0x0001, 0x0001, 0x0001, 0x0001, 0x0001,
    0x0001, 0x0001, 0x0001, 0x0001, 0x6f7b, 0x6f7b, 0x6f7b, 0x6f7b, 0x6f7b, 0x6f7b, 0x6f7b, 0x6f7b, 0x6f7b, 0x6f7b, 0x6f7b, 0x6f7b,
    0x6f7b, 0x6f7b, 0x6f7b, 0x6f7b, 0x6f7b, 0x6f7b, 0x6f7b, 0x6f7b, 0x6f7b, 0x6f7b, 0x6f7b, 0x6f7b, 0x6f7b, 0x6f7b, 0x6f7b, 0x6f7b,
    0x6f7b, 0x6f7b, 0x6f7b, 0x6f7b, 0x6f7b, 0x6f7b, 0x6f7b, 0x6f7b, 0x6f7b, 0x6f7b, 0x6f7b, 0x6f7b, 0x6739, 0x6739, 0x6739, 0x6739,
    0x6739, 0x6739, 0x6739, 0x6739, 0x6739, 0x6739, 0x6739, 0x6739, 0x6739, 0x6739, 0x6739, 0x5ad6, 0x6f7b, 0x6f7b, 0x6f7b, 0x6f7b,
    0x6f7b, 0x6f7b, 0x6f7b, 0x6f7b, 0x6f7b, 0x5ad6, 0x6739, 0x6739, 0x6739, 0x6739, 0x6739, 0x6739, 0x6739, 0x6739, 0x6739, 0x6739,
    0x6739, 0x6739, 0x6739, 0x6739, 0x6739, 0x6f7b, 0x6f7b, 0x6f7b, 0x6f7b, 0x6f7b, 0x6f7b, 0x6f7b, 0x6f7b, 0x6f7b, 0x6f7b, 0x6f7b,
    0x6f7b, 0x6f7b, 0x6f7b, 0x6f7b, 0x6f7b, 0x6f7b, 0x6f7b, 0x6f7b, 0x6f7b, 0x6f7b, 0x6f7b, 0x6f7b, 0x6f7b, 0x6f7b, 0x6f7b, 0x6f7b,
    0x6f7b, 0x6f7b, 0x6f7b, 0x6f7b, 0x6f7b, 0x6f7b, 0x6f7b, 0x6f7b, 0x6f7b, 0x6f7b, 0x6f7b, 0x6f7b, 0x6f7b, 0x6f7b, 0x6f7b, 0x6f7b,
    0x6f7b, 0x6f7b, 0x6f7b, 0x6f7b, 0x6f7b, 0x6f7b, 0x6f7b, 0x6f7b, 0x6f7b, 0x6f7b, 0x6f7b, 0x6f7b, 0x6f7b, 0x6f7b, 0x6f7b, 0x6f7b,
    0x6f7b, 0x6f7b, 0x6f7b, 0x6f7b, 0x6f7b, 0x6f7b, 0x6f7b, 0x6f7b, 0x6f7b, 0x6f7b, 0x6f7b, 0x6f7b, 0x6f7b, 0x6f7b, 0x6f7b, 0x6f7b,
    0x6f7b, 0x6f7b, 0x6f7b, 0x6f7b, 0x6f7b, 0x6f7b, 0x6f7b, 0x6f7b, 0x6f7b, 0x6f7b, 0x6f7b, 0x6f7b, 0x6f7b, 0x4210, 0x4210, 0x4210,
    0x4210, 0x4210, 0x4210, 0x4210, 0x4210, 0x4210, 0x4210, 0x4210, 0x4210, 0x4210, 0x4210, 0x4210, 0x6f7b, 0x6f7b, 0x6f7b, 0x6f7b,
    0x6f7b, 0x6f7b, 0x6f7b, 0x6f7b, 0x6f7b, 0x4210, 0x4210, 0x4210, 0x4210, 0x4210, 0x4210, 0x4210, 0x4210, 0x4210, 0x4210, 0x4210,
    0x4210, 0x4210, 0x4210, 0x4210, 0x6f7b, 0x6f7b, 0x6f7b, 0x6f7b, 0x6f7b, 0x6f7b, 0x6f7b, 0x6f7b, 0x6f7b, 0x6f7b, 0x6f7b, 0x6f7b,
    0x6f7b, 0x6f7b, 0x6f7b, 0x6f7b, 0x6f7b, 0x6f7b, 0x6f7b, 0x6f7b, 0x6f7b, 0x6f7b, 0x6f7b, 0x6f7b, 0x6f7b, 0x6f7b, 0x6f7b, 0x6f7b,
    0x6f7b, 0x6f7b, 0x6f7b, 0x6f7b, 0x6f7b, 0x6f7b, 0x6f7b, 0x6f7b, 0x6f7b, 0x6f7b, 0x6f7b, 0x6f7b, 0x6f7b, 0x6f7b, 0x6f7b, 0x6f7b,
    0x6f7b, 0x6f7b, 0x6f7b, 0x6f7b, 0x6f7b, 0x6f7b, 0x6f7b, 0x6f7b, 0x6f7b, 0x6f7b, 0x6f7b, 0x6f7b, 0x6f7b, 0x6f7b, 0x6f7b, 0x6f7b,
    0x6f7b, 0x6f7b, 0x6f7b, 0x6f7b, 0x6f7b, 0x6f7b, 0x6f7b, 0x6f7b, 0x6f7b, 0x6f7b, 0x6f7b, 0x6f7b, 0x6f7b, 0x6f7b, 0x6f7b, 0x6f7b,
    0x6f7b, 0x6f7b, 0x6f7b, 0x6f7b, 0x6f7b, 0x6f7b, 0x6f7b, 0x6f7b, 0x6f7b, 0x6f7b, 0x6f7b, 0x6f7b, 0x6f7b, 0x4210, 0x6f7b, 0x6f7b,
    0x6f7b, 0x6f7b, 0x6f7b, 0x6f7b, 0x6f7b, 0x6f7b, 0x4210, 0x6f7b, 0x6f7b, 0x6f7b, 0x6f7b, 0x4210, 0x6f7b, 0x6f7b, 0x6f7b, 0x6f7b,
    0x6f7b, 0x6f7b, 0x6f7b, 0x6f7b, 0x6f7b, 0x4210, 0x6f7b, 0x6f7b, 0x6f7b, 0x6f7b, 0x4210, 0x6f7b, 0x6f7b, 0x6f7b, 0x6f7b, 0x6f7b,
    0x6f7b, 0x6f7b, 0x6f7b, 0x4210, 0x6f7b, 0x6f7b, 0x6f7b, 0x6f7b, 0x6f7b, 0x6f7b, 0x6f7b, 0x6f7b, 0x6f7b, 0x6f7b, 0x6f7b, 0x6f7b,
    0x6f7b, 0x6f7b, 0x6f7b, 0x6f7b, 0x6f7b, 0x6f7b, 0x6f7b, 0x6f7b, 0x6f7b, 0x6f7b, 0x6f7b, 0x6f7b, 0x6f7b, 0x6f7b, 0x6f7b, 0x6f7b,
    0x6f7b, 0x6f7b, 0x6f7b, 0x6f7b, 0x6f7b, 0x6f7b, 0x6f7b, 0x6f7b, 0x6f7b, 0x6f7b, 0x6f7b, 0x6f7b, 0x6f7b, 0x6f7b, 0x6f7b, 0x6f7b,
    0x6f7b, 0x6f7b, 0x6f7b, 0x6f7b, 0x6f7b, 0x6f7b, 0x6f7b, 0x6f7b, 0x6f7b, 0x6f7b, 0x6f7b, 0x6f7b, 0x6f7b, 0x6f7b, 0x6f7b, 0x6f7b,
    0x6f7b, 0x6f7b, 0x6f7b, 0x6f7b, 0x6f7b, 0x6f7b, 0x6f7b, 0x6f7b, 0x6f7b, 0x6f7b, 0x6f7b, 0x6f7b, 0x6f7b, 0x6f7b, 0x6f7b, 0x6f7b,
    0x6f7b, 0x6f7b, 0x6f7b, 0x6f7b, 0x6f7b, 0x6f7b, 0x6f7b, 0x6f7b, 0x6f7b, 0x6f7b, 0x6f7b, 0x6f7b, 0x6f7b, 0x4210, 0x4210, 0x4210,
    0x4210, 0x4210, 0x4210, 0x4210, 0x4210, 0x4210, 0x4210, 0x4210, 0x4210, 0x4210, 0x4210, 0x6f7b, 0x6f7b, 0x6f7b, 0x6f7b, 0x6f7b,
    0x6f7b, 0x6f7b, 0x6f7b, 0x6f7b, 0x6f7b, 0x6f7b, 0x4210, 0x4210, 0x4210, 0x4210, 0x4210, 0x4210, 0x4210, 0x4210, 0x4210, 0x4210,
    0x4210, 0x4210, 0x4210, 0x4210, 0x6f7b, 0x6f7b, 0x6f7b, 0x6f7b, 0x6f7b, 0x6f7b, 0x6f7b, 0x6f7b, 0x6f7b, 0x6f7b, 0x6f7b, 0x6f7b,
    0x6f7b, 0x6f7b, 0x6f7b, 0x6f7b, 0x6f7b, 0x6f7b, 0x6f7b, 0x6f7b, 0x6f7b, 0x6f7b, 0x6f7b, 0x6f7b, 0x6f7b, 0x6f7b, 0x6f7b, 0x6f7b,
    0x6f7b, 0x6739, 0x6739, 0x6739, 0x6739, 0x6f7b, 0x6f7b, 0x6f7b, 0x6f7b, 0x0001, 0x0001, 0x0001, 0x0001, 0x0001, 0x0001, 0x0001,
    0x0001, 0x0001, 0x0001, 0x0001, 0x6f7b, 0x6f7b, 0x6f7b, 0x6f7b, 0x6f7b, 0x6f7b, 0x6f7b, 0x6f7b, 0x6f7b, 0x6f7b, 0x6f7b, 0x6f7b,
    0x6f7b, 0x6f7b, 0x6f7b, 0x6f7b, 0x6f7b, 0x6f7b, 0x6f7b, 0x6f7b, 0x6f7b, 0x6f7b, 0x6f7b, 0x6f7b, 0x6f7b, 0x6f7b, 0x6f7b, 0x6f7b,
    0x6f7b, 0x6f7b, 0x6f7b, 0x6f7b, 0x6f7b, 0x6f7b, 0x6f7b, 0x6f7b, 0x6f7b, 0x6f7b, 0x6f7b, 0x6f7b, 0x6f7b, 0x6f7b, 0x6f7b, 0x6f7b,
    0x6f7b, 0x6f7b, 0x6f7b, 0x6f7b, 0x6f7b, 0x6f7b, 0x6f7b, 0x6f7b, 0x6f7b, 0x6f7b, 0x6f7b, 0x6f7b, 0x6f7b, 0x6f7b, 0x6f7b, 0x6f7b,
    0x6f7b, 0x6f7b, 0x6f7b, 0x6f7b, 0x6f7b, 0x6f7b, 0x6f7b, 0x6f7b, 0x6f7b, 0x6f7b, 0x6f7b, 0x6f7b, 0x6f7b, 0x6f7b, 0x6f7b, 0x6f7b,
    0x6f7b, 0x6f7b, 0x6f7b, 0x6f7b, 0x6f7b, 0x6f7b, 0x6f7b, 0x6f7b, 0x6f7b, 0x6f7b, 0x6f7b, 0x6f7b, 0x6f7b, 0x6f7b, 0x6f7b, 0x6f7b,
    0x6f7b, 0x6f7b, 0x6f7b, 0x6f7b, 0x6f7b, 0x6f7b, 0x6f7b, 0x6f7b, 0x6f7b, 0x6f7b, 0x6f7b, 0x6f7b, 0x6f7b, 0x6f7b, 0x6f7b, 0x6f7b,
    0x6739, 0x6739, 0x4210, 0x4210, 0x6739, 0x6739, 0x6f7b, 0x6f7b, 0x6f7b, 0x0001, 0x0001, 0x0001, 0x0001, 0x0001, 0x0001, 0x0001,
    0x0001, 0x0001, 0x0001, 0x0001, 0x6f7b, 0x6f7b, 0x6f7b, 0x6f7b, 0x6f7b, 0x6f7b, 0x6f7b, 0x6f7b, 0x6f7b, 0x6f7b, 0x6f7b, 0x6f7b,
    0x6f7b, 0x6f7b, 0x6f7b, 0x6f7b, 0x6f7b, 0x6f7b, 0x6f7b, 0x6f7b, 0x6f7b, 0x6f7b, 0x6f7b, 0x6f7b, 0x6f7b, 0x6f7b, 0x6f7b, 0x6f7b,
    0x6f7b, 0x6f7b, 0x6f7b, 0x6f7b, 0x6f7b, 0x6f7b, 0x6f7b, 0x6f7b, 0x6f7b, 0x6f7b, 0x6f7b, 0x6f7b, 0x6f7b, 0x6f7b, 0x6f7b, 0x6f7b,
    0x6f7b, 0x6f7b, 0x6f7b, 0x6f7b, 0x6f7b, 0x6f7b, 0x6f7b, 0x6f7b, 0x6f7b, 0x6f7b, 0x6f7b, 0x6f7b, 0x6f7b, 0x6f7b, 0x6f7b, 0x6f7b,
    0x6f7b, 0x6f7b, 0x6f7b, 0x6f7b, 0x6f7b, 0x6f7b, 0x6f7b, 0x6f7b, 0x6f7b, 0x6f7b, 0x6f7b, 0x6f7b, 0x6f7b, 0x6f7b, 0x6f7b, 0x6f7b,
    0x6f7b, 0x6f7b, 0x6f7b, 0x6f7b, 0x6f7b, 0x6f7b, 0x6f7b, 0x6f7b, 0x6f7b, 0x6f7b, 0x6f7b, 0x6f7b, 0x6f7b, 0x6f7b, 0x6f7b, 0x6f7b,
    0x6f7b, 0x6f7b, 0x6f7b, 0x6f7b, 0x6f7b, 0x6f7b, 0x6f7b, 0x6f7b, 0x6f7b, 0x6f7b, 0x6f7b, 0x6f7b, 0x6f7b, 0x6f7b, 0x6f7b, 0x6739,
    0x6739, 0x4210, 0x4210, 0x4210, 0x4210, 0x6739, 0x6739, 0x6f7b, 0x6f7b, 0x0001, 0x0001, 0x0001, 0x0001, 0x0001, 0x0001, 0x0001,
    0x0001, 0x0001, 0x0001, 0x0001, 0x6f7b, 0x6f7b, 0x6f7b, 0x6f7b, 0x6f7b, 0x6f7b, 0x6f7b, 0x6f7b, 0x6f7b, 0x6f7b, 0x6f7b, 0x6f7b,
    0x6f7b, 0x6f7b, 0x6f7b, 0x6f7b, 0x6f7b, 0x6f7b, 0x6f7b, 0x6f7b, 0x6f7b, 0x6f7b, 0x6f7b, 0x6f7b, 0x6f7b, 0x6f7b, 0x6f7b, 0x6f7b,
    0x6f7b, 0x6f7b, 0x6f7b, 0x6f7b, 0x6f7b, 0x6f7b, 0x6f7b, 0x6f7b, 0x6f7b, 0x6f7b, 0x6f7b, 0x6f7b, 0x6f7b, 0x6f7b, 0x6f7b, 0x6f7b,
    0x6f7b, 0x6318, 0x6318, 0x6318, 0x6318, 0x6318, 0x6318, 0x6318, 0x6318, 0x6318, 0x6318, 0x6318, 0x6318, 0x6318, 0x6318, 0x6318,
    0x6318, 0x6318, 0x6318, 0x6318, 0x6318, 0x6318, 0x6318, 0x6318, 0x6318, 0x6318, 0x6318, 0x6318, 0x6318, 0x6318, 0x6318, 0x6318,
    0x6f7b, 0x6f7b, 0x6f7b, 0x6f7b, 0x6f7b, 0x6f7b, 0x6f7b, 0x6f7b, 0x6f7b, 0x6f7b, 0x6f7b, 0x6f7b, 0x6f7b, 0x6f7b, 0x6f7b, 0x6f7b,
    0x6f7b, 0x6f7b, 0x6f7b, 0x6f7b, 0x6f7b, 0x6f7b, 0x6f7b, 0x6f7b, 0x6f7b, 0x6f7b, 0x6f7b, 0x6f7b, 0x6f7b, 0x6f7b, 0x6f7b, 0x6739,
    0x4210, 0x4210, 0x4210, 0x4210, 0x4210, 0x4210, 0x6739, 0x6f7b, 0x6f7b, 0x0001, 0x0001, 0x0001, 0x0001, 0x0001, 0x0001, 0x0001,
    0x0001, 0x0001, 0x0001, 0x0001, 0x6f7b, 0x6f7b, 0x6f7b, 0x6f7b, 0x6f7b, 0x6f7b, 0x6f7b, 0x6f7b, 0x6f7b, 0x6f7b, 0x6f7b, 0x6f7b,
    0x6f7b, 0x6f7b, 0x6f7b, 0x6f7b, 0x6f7b, 0x6f7b, 0x6f7b, 0x6f7b, 0x6f7b, 0x6f7b, 0x6f7b, 0x6f7b, 0x6f7b, 0x6f7b, 0x6f7b, 0x6f7b,
    0x6f7b, 0x6f7b, 0x6f7b, 0x6f7b, 0x6f7b, 0x6f7b, 0x6f7b, 0x6f7b, 0x6f7b, 0x6f7b, 0x6f7b, 0x6f7b, 0x6f7b, 0x6f7b, 0x6f7b, 0x6f7b,
    0x6f7b, 0x6f7b, 0x6f7b, 0x6f7b, 0x6f7b, 0x6f7b, 0x6f7b, 0x6f7b, 0x6f7b, 0x6f7b, 0x6f7b, 0x6f7b, 0x6f7b, 0x6f7b, 0x6f7b, 0x6f7b,
    0x6f7b, 0x6f7b, 0x6f7b, 0x6f7b, 0x6f7b, 0x6f7b, 0x6f7b, 0x6f7b, 0x6f7b, 0x6f7b, 0x6f7b, 0x6f7b, 0x6f7b, 0x6f7b, 0x6f7b, 0x6f7b,
    0x6f7b, 0x6f7b, 0x6f7b, 0x6f7b, 0x6f7b, 0x6f7b, 0x6f7b, 0x6f7b, 0x6f7b, 0x6f7b, 0x6f7b, 0x6f7b, 0x6f7b, 0x6f7b, 0x6f7b, 0x6f7b,
    0x6f7b, 0x6f7b, 0x6f7b, 0x6f7b, 0x6f7b, 0x6f7b, 0x6f7b, 0x6f7b, 0x6f7b, 0x6f7b, 0x6f7b, 0x6f7b, 0x6f7b, 0x6f7b, 0x6739, 0x6739,
    0x4210, 0x4210, 0x4210, 0x4210, 0x4210, 0x4210, 0x6739, 0x6739, 0x6f7b, 0x6f7b, 0x6f7b, 0x6f7b, 0x6f7b, 0x6f7b, 0x6f7b, 0x6f7b,
    0x6f7b, 0x6f7b, 0x6f7b, 0x6f7b, 0x6f7b, 0x6f7b, 0x6f7b, 0x6f7b, 0x6f7b, 0x6f7b, 0x6f7b, 0x6f7b, 0x6f7b, 0x6f7b, 0x6f7b, 0x6f7b,
    0x6f7b, 0x6f7b, 0x6f7b, 0x6f7b, 0x6f7b, 0x6f7b, 0x6f7b, 0x6f7b, 0x6f7b, 0x6f7b, 0x6f7b, 0x6f7b, 0x6f7b, 0x6f7b, 0x6f7b, 0x6f7b,
    0x6f7b, 0x6f7b, 0x6f7b, 0x6f7b, 0x6f7b, 0x6f7b, 0x6f7b, 0x6f7b, 0x6f7b, 0x6f7b, 0x6f7b, 0x6f7b, 0x6f7b, 0x6f7b, 0x6f7b, 0x6f7b,
    0x6f7b, 0x6f7b, 0x6f7b, 0x6f7b, 0x6f7b, 0x6f7b, 0x6f7b, 0x6f7b, 0x6f7b, 0x6f7b, 0x6f7b, 0x6f7b, 0x6f7b, 0x6f7b, 0x6f7b, 0x6f7b,
    0x6f7b, 0x6f7b, 0x6f7b, 0x6f7b, 0x6f7b, 0x6f7b, 0x6f7b, 0x6f7b, 0x6f7b, 0x6f7b, 0x6f7b, 0x6f7b, 0x6f7b, 0x6f7b, 0x6f7b, 0x6f7b,
    0x6f7b, 0x6f7b, 0x6f7b, 0x6f7b, 0x6f7b, 0x6f7b, 0x6f7b, 0x6f7b, 0x6f7b, 0x6f7b, 0x6f7b, 0x6f7b, 0x6f7b, 0x6f7b, 0x6f7b, 0x6f7b,
    0x6f7b, 0x6f7b, 0x6f7b, 0x6f7b, 0x6f7b, 0x6f7b, 0x6f7b, 0x6f7b, 0x6f7b, 0x6f7b, 0x6f7b, 0x6f7b, 0x6f7b, 0x6f7b, 0x6f7b, 0x6739,
    0x4210, 0x4210, 0x4210, 0x4210, 0x4210, 0x4210, 0x6739, 0x6f7b, 0x6f7b, 0x6f7b, 0x6f7b, 0x6f7b, 0x6f7b, 0x6f7b, 0x6f7b, 0x6f7b,
    0x6f7b, 0x6f7b, 0x6f7b, 0x6f7b, 0x6f7b, 0x6f7b, 0x6f7b, 0x6f7b, 0x6f7b, 0x6f7b, 0x6f7b, 0x6f7b, 0x6f7b, 0x6f7b, 0x6f7b, 0x6f7b,
    0x6f7b, 0x6f7b, 0x6f7b, 0x6739, 0x6739, 0x6739, 0x6739, 0x6f7b, 0x6f7b, 0x6f7b, 0x6f7b, 0x6f7b, 0x6f7b, 0x6f7b, 0x6f7b, 0x6f7b,
    0x5ad6, 0x5ad6, 0x5ad6, 0x5ad6, 0x5ad6, 0x5ad6, 0x5ad6, 0x5ad6, 0x5ad6, 0x5ad6, 0x5ad6, 0x5ad6, 0x5ad6, 0x5ad6, 0x5ad6, 0x5ad6,
    0x5ad6, 0x5ad6, 0x5ad6, 0x5ad6, 0x5ad6, 0x5ad6, 0x5ad6, 0x5ad6, 0x5ad6, 0x5ad6, 0x5ad6, 0x5ad6, 0x5ad6, 0x5ad6, 0x5ad6, 0x5ad6,
    0x5ad6, 0x5ad6, 0x5ad6, 0x5ad6, 0x5ad6, 0x5ad6, 0x5ad6, 0x5ad6, 0x5ad6, 0x5ad6, 0x5ad6, 0x5ad6, 0x5ad6, 0x5ad6, 0x5ad6, 0x5ad6,
    0x5ad6, 0x5ad6, 0x5ad6, 0x5ad6, 0x5ad6, 0x5ad6, 0x5ad6, 0x5ad6, 0x5ad6, 0x5ad6, 0x5ad6, 0x5ad6, 0x5ad6, 0x5ad6, 0x5ad6, 0x5ad6,
    0x5ad6, 0x5ad6, 0x5ad6, 0x5ad6, 0x5ad6, 0x5ad6, 0x5ad6, 0x5ad6, 0x5ad6, 0x6f7b, 0x6f7b, 0x6f7b, 0x6f7b, 0x6f7b, 0x6f7b, 0x6739,
    0x6739, 0x4210, 0x4210, 0x4210, 0x4210, 0x6739, 0x6739, 0x6f7b, 0x6f7b, 0x6f7b, 0x6f7b, 0x6f7b, 0x6f7b, 0x6f7b, 0x6f7b, 0x6f7b,
    0x6f7b, 0x6f7b, 0x6f7b, 0x6f7b, 0x6f7b, 0x6f7b, 0x6f7b, 0x6f7b, 0x6f7b, 0x6f7b, 0x6f7b, 0x6f7b, 0x6f7b, 0x6f7b, 0x6f7b, 0x6f7b,
    0x6f7b, 0x6f7b, 0x6739, 0x6739, 0x4210, 0x4210, 0x6739, 0x6739, 0x6f7b, 0x6f7b, 0x6f7b, 0x6f7b, 0x6f7b, 0x6f7b, 0x6f7b, 0x6f7b,
    0x6f7b, 0x6f7b, 0x6f7b, 0x6f7b, 0x6f7b, 0x6f7b, 0x6f7b, 0x6f7b, 0x6f7b, 0x6f7b, 0x6f7b, 0x6f7b, 0x6f7b, 0x6f7b, 0x6f7b, 0x6f7b,
    0x6f7b, 0x6f7b, 0x6f7b, 0x6f7b, 0x6f7b, 0x6f7b, 0x6f7b, 0x5ad6, 0x0001, 0x0001, 0x0001, 0x0001, 0x0001, 0x5ad6, 0x6f7b, 0x6f7b,
    0x6f7b, 0x6f7b, 0x6f7b, 0x6f7b, 0x6f7b, 0x6f7b, 0x6f7b, 0x6f7b, 0x07df, 0x0001, 0x5ad6, 0x6f7b, 0x6f7b, 0x6f7b, 0x6f7b, 0x6f7b,
    0x6f7b, 0x6f7b, 0x6f7b, 0x6f7b, 0x6f7b, 0x6f7b, 0x6f7b, 0x6f7b, 0x6f7b, 0x6f7b, 0x6f7b, 0x6f7b, 0x6f7b, 0x6f7b, 0x6f7b, 0x6f7b,
    0x6f7b, 0x6f7b, 0x6f7b, 0x6f7b, 0x6f7b, 0x6f7b, 0x6f7b, 0x6f7b, 0x6f7b, 0x6f7b, 0x6f7b, 0x6f7b, 0x6f7b, 0x6f7b, 0x6f7b, 0x6f7b,
    0x6739, 0x6739, 0x4210, 0x4210, 0x6739, 0x6739, 0x6f7b, 0x6f7b, 0x6f7b, 0x6f7b, 0x6f7b, 0x6f7b, 0x6f7b, 0x6f7b, 0x6f7b, 0x6f7b,
    0x6f7b, 0x6f7b, 0x6f7b, 0x6f7b, 0x6f7b, 0x6f7b, 0x6f7b, 0x6f7b, 0x6f7b, 0x6f7b, 0x6f7b, 0x6f7b, 0x6f7b, 0x6f7b, 0x6f7b, 0x6f7b,
    0x6f7b, 0x6739, 0x6739, 0x4210, 0x4210, 0x4210, 0x4210, 0x6739, 0x6739, 0x6f7b, 0x6f7b, 0x6f7b, 0x6f7b, 0x6f7b, 0x6f7b, 0x6f7b,
    0x6f7b, 0x6f7b, 0x6f7b, 0x6f7b, 0x6f7b, 0x6f7b, 0x6f7b, 0x6f7b, 0x6f7b, 0x6f7b, 0x6f7b, 0x6f7b, 0x6f7b, 0x6f7b, 0x6f7b, 0x6f7b,
    0x6f7b, 0x6f7b, 0x6f7b, 0x6f7b, 0x6f7b, 0x6f7b, 0x6f7b, 0x5ad6, 0x6739, 0x6739, 0x6739, 0x6739, 0x6739, 0x5ad6, 0x6f7b, 0x6f7b,
    0x6f7b, 0x6f7b, 0x6f7b, 0x6f7b, 0x6f7b, 0x6f7b, 0x6f7b, 0x6f7b, 0x5ad6, 0x07df, 0x5ad6, 0x6f7b, 0x6f7b, 0x6f7b, 0x6f7b, 0x6f7b,
    0x6f7b, 0x6f7b, 0x6f7b, 0x6f7b, 0x6f7b, 0x6f7b, 0x6f7b, 0x6f7b, 0x6f7b, 0x6f7b, 0x6f7b, 0x6f7b, 0x6f7b, 0x6f7b, 0x6f7b, 0x6f7b,
    0x6f7b, 0x6f7b, 0x6f7b, 0x6f7b, 0x6f7b, 0x6f7b, 0x6f7b, 0x6f7b, 0x6f7b, 0x6f7b, 0x6f7b, 0x6f7b, 0x6f7b, 0x6f7b, 0x6f7b, 0x6f7b,
    0x6f7b, 0x6739, 0x6739, 0x6739, 0x6739, 0x6f7b, 0x6f7b, 0x6f7b, 0x6f7b, 0x6f7b, 0x6f7b, 0x6f7b, 0x6f7b, 0x6f7b, 0x6f7b, 0x6f7b,
    0x6f7b, 0x6f7b, 0x6f7b, 0x6f7b, 0x6f7b, 0x6f7b, 0x6f7b, 0x6f7b, 0x6f7b, 0x6f7b, 0x6f7b, 0x6f7b, 0x6f7b, 0x6f7b, 0x6f7b, 0x6f7b,
    0x6f7b, 0x6739, 0x4210, 0x4210, 0x4210, 0x4210, 0x4210, 0x4210, 0x6739, 0x6f7b, 0x6f7b, 0x6f7b, 0x6f7b, 0x6f7b, 0x6f7b, 0x6f7b,
    0x6f7b, 0x6f7b, 0x6f7b, 0x6f7b, 0x6f7b, 0x6f7b, 0x6f7b, 0x6f7b, 0x6f7b, 0x6f7b, 0x6f7b, 0x6f7b, 0x6f7b, 0x6f7b, 0x6f7b, 0x6f7b,
    0x6f7b, 0x6f7b, 0x6f7b, 0x6f7b, 0x6f7b, 0x6f7b, 0x6f7b, 0x6f7b, 0x6f7b, 0x6f7b, 0x6f7b, 0x6f7b, 0x6f7b, 0x6f7b, 0x6f7b, 0x6f7b,
    0x6f7b, 0x6f7b, 0x6f7b, 0x6f7b, 0x6f7b, 0x6f7b, 0x6f7b, 0x6f7b, 0x6f7b, 0x6f7b, 0x6f7b, 0x6f7b, 0x6f7b, 0x6f7b, 0x6f7b, 0x6f7b,
    0x6f7b, 0x6f7b, 0x6f7b, 0x6f7b, 0x6f7b, 0x6f7b, 0x6f7b, 0x6f7b, 0x6f7b, 0x6f7b, 0x6f7b, 0x6f7b, 0x6f7b, 0x6f7b, 0x6f7b, 0x6f7b,
    0x6f7b, 0x6f7b, 0x6f7b, 0x6f7b, 0x6f7b, 0x6f7b, 0x6f7b, 0x6f7b, 0x6f7b, 0x6f7b, 0x6f7b, 0x6f7b, 0x6f7b, 0x6f7b, 0x6f7b, 0x6f7b,
    0x6f7b, 0x6f7b, 0x6f7b, 0x6f7b, 0x6f7b, 0x6f7b, 0x6f7b, 0x6f7b, 0x6f7b, 0x6f7b, 0x6f7b, 0x6f7b, 0x6f7b, 0x6f7b, 0x6f7b, 0x6f7b,
    0x6f7b, 0x6f7b, 0x6f7b, 0x6f7b, 0x6f7b, 0x6f7b, 0x6f7b, 0x6f7b, 0x6f7b, 0x6f7b, 0x6f7b, 0x6f7b, 0x6f7b, 0x6f7b, 0x6f7b, 0x6f7b,
    0x6739, 0x6739, 0x4210, 0x4210, 0x4210, 0x4210, 0x4210, 0x4210, 0x6739, 0x6739, 0x6f7b, 0x6f7b, 0x6f7b, 0x6f7b, 0x6f7b, 0x6f7b,
    0x6f7b, 0x6f7b, 0x6f7b, 0x6f7b, 0x6f7b, 0x6f7b, 0x6f7b, 0x6f7b, 0x6f7b, 0x6f7b, 0x6f7b, 0x6f7b, 0x6f7b, 0x6f7b, 0x6f7b, 0x6f7b,
    0x6f7b, 0x6f7b, 0x6f7b, 0x6f7b, 0x6f7b, 0x6f7b, 0x6f7b, 0x6f7b, 0x6f7b, 0x6f7b, 0x6f7b, 0x6f7b, 0x6f7b, 0x6f7b, 0x6f7b, 0x6f7b,
    0x6f7b, 0x6f7b, 0x6f7b, 0x6f7b, 0x6f7b, 0x6f7b, 0x6f7b, 0x6f7b, 0x6f7b, 0x6f7b, 0x6f7b, 0x6f7b, 0x6f7b, 0x6f7b, 0x6f7b, 0x6f7b,
    0x6f7b, 0x6f7b, 0x6f7b, 0x6f7b, 0x6f7b, 0x6f7b, 0x6f7b, 0x6f7b, 0x6f7b, 0x6f7b, 0x6f7b, 0x6f7b, 0x6f7b, 0x6f7b, 0x6f7b, 0x6f7b,
    0x6f7b, 0x6f7b, 0x6f7b, 0x6f7b, 0x6f7b, 0x6f7b, 0x6f7b, 0x6f7b, 0x6f7b, 0x6f7b, 0x6f7b, 0x6f7b, 0x6f7b, 0x6f7b, 0x6f7b, 0x6f7b,
    0x6f7b, 0x6f7b, 0x6f7b, 0x6f7b, 0x6f7b, 0x6f7b, 0x6f7b, 0x6f7b, 0x6f7b, 0x6f7b, 0x6f7b, 0x6f7b, 0x6f7b, 0x6f7b, 0x6f7b, 0x6f7b,
    0x6f7b, 0x6f7b, 0x6f7b, 0x6f7b, 0x6f7b, 0x6f7b, 0x6f7b, 0x6f7b, 0x6f7b, 0x6f7b, 0x6f7b, 0x6f7b, 0x6f7b, 0x6f7b, 0x6f7b, 0x6f7b,
    0x6f7b, 0x6739, 0x4210, 0x4210, 0x4210, 0x4210, 0x4210, 0x4210, 0x6739, 0x6f7b, 0x6f7b, 0x6f7b, 0x6f7b, 0x6f7b, 0x6f7b, 0x6f7b,
    0x6f7b, 0x6f7b, 0x6f7b, 0x6f7b, 0x6f7b, 0x6f7b, 0x6f7b, 0x6f7b, 0x6f7b, 0x6f7b, 0x6f7b, 0x6f7b, 0x6f7b, 0x6f7b, 0x6f7b, 0x6f7b,
    0x6f7b, 0x6f7b, 0x6f7b, 0x6f7b, 0x6f7b, 0x6f7b, 0x6f7b, 0x6f7b, 0x6f7b, 0x6f7b, 0x6f7b, 0x6f7b, 0x6f7b, 0x6f7b, 0x6f7b, 0x6f7b,
    0x6f7b, 0x6f7b, 0x6f7b, 0x6f7b, 0x6f7b, 0x6f7b, 0x6f7b, 0x6f7b, 0x6f7b, 0x6f7b, 0x6f7b, 0x6f7b, 0x6f7b, 0x6f7b, 0x6f7b, 0x6f7b,
    0x6f7b, 0x6f7b, 0x6f7b, 0x6f7b, 0x6f7b, 0x6f7b, 0x6f7b, 0x6f7b, 0x6f7b, 0x6f7b, 0x6f7b, 0x6f7b, 0x6f7b, 0x6f7b, 0x6f7b, 0x6f7b,
    0x6f7b, 0x6f7b, 0x6f7b, 0x6f7b, 0x6f7b, 0x6f7b, 0x6f7b, 0x6f7b, 0x6f7b, 0x6f7b, 0x6f7b, 0x6f7b, 0x6f7b, 0x6f7b, 0x6f7b, 0x6f7b,
    0x6f7b, 0x6f7b, 0x6f7b, 0x6f7b, 0x6f7b, 0x6f7b, 0x6f7b, 0x6f7b, 0x6f7b, 0x6f7b, 0x6f7b, 0x6f7b, 0x6f7b, 0x6f7b, 0x6f7b, 0x6f7b,
    0x6f7b, 0x6f7b, 0x6f7b, 0x6f7b, 0x6f7b, 0x6f7b, 0x6f7b, 0x6f7b, 0x6f7b, 0x6f7b, 0x6f7b, 0x6f7b, 0x6f7b, 0x6f7b, 0x6f7b, 0x6f7b,
    0x6f7b, 0x6739, 0x6739, 0x4210, 0x4210, 0x4210, 0x4210, 0x6739, 0x6739, 0x6f7b, 0x6f7b, 0x6f7b, 0x6f7b, 0x6f7b, 0x6f7b, 0x6f7b,
    0x6f7b, 0x6f7b, 0x6f7b, 0x6f7b, 0x6f7b, 0x6f7b, 0x6f7b, 0x6f7b, 0x6f7b, 0x6f7b, 0x6f7b, 0x6f7b, 0x6f7b, 0x6f7b, 0x6f7b, 0x6f7b,
    0x6f7b, 0x6f7b, 0x6f7b, 0x6f7b, 0x6f7b, 0x6f7b, 0x6f7b, 0x6f7b, 0x6f7b, 0x6f7b, 0x6f7b, 0x6f7b, 0x6f7b, 0x6f7b, 0x6f7b, 0x6f7b,
    0x6f7b, 0x6f7b, 0x6f7b, 0x6f7b, 0x6f7b, 0x6f7b, 0x6f7b, 0x6f7b, 0x6f7b, 0x6f7b, 0x6f7b, 0x6f7b, 0x6f7b, 0x6f7b, 0x6f7b, 0x6f7b,
    0x6f7b, 0x6f7b, 0x6f7b, 0x6f7b, 0x6f7b, 0x6f7b, 0x6f7b, 0x6f7b, 0x6f7b, 0x6f7b, 0x6f7b, 0x6f7b, 0x6f7b, 0x6f7b, 0x6f7b, 0x6f7b,
    0x6f7b, 0x6f7b, 0x6f7b, 0x6f7b, 0x6f7b, 0x6f7b, 0x6f7b, 0x6f7b, 0x6f7b, 0x6f7b, 0x6f7b, 0x6f7b, 0x6f7b, 0x6f7b, 0x6f7b, 0x6f7b,
    0x6f7b, 0x6f7b, 0x6f7b, 0x6f7b, 0x6f7b, 0x6f7b, 0x6f7b, 0x6f7b, 0x6f7b, 0x6f7b, 0x6f7b, 0x6f7b, 0x6f7b, 0x6f7b, 0x6f7b, 0x6f7b,
    0x6f7b, 0x6f7b, 0x6f7b, 0x6f7b, 0x6f7b, 0x6f7b, 0x6f7b, 0x6f7b, 0x6f7b, 0x6f7b, 0x6f7b, 0x6f7b, 0x6f7b, 0x6f7b, 0x6f7b, 0x6f7b,
    0x6f7b, 0x6f7b, 0x6739, 0x6739, 0x4210, 0x4210, 0x6739, 0x6739, 0x6f7b, 0x6f7b, 0x6f7b, 0x6f7b, 0x6f7b, 0x6f7b, 0x6f7b, 0x6f7b,
    0x6f7b, 0x6f7b, 0x6f7b, 0x6f7b, 0x6f7b, 0x6f7b, 0x6f7b, 0x6f7b, 0x6f7b, 0x6f7b, 0x6f7b, 0x6f7b, 0x6f7b, 0x6f7b, 0x6f7b, 0x6f7b,
    0x6f7b, 0x6f7b, 0x6f7b, 0x6f7b, 0x6f7b, 0x6f7b, 0x6f7b, 0x6f7b, 0x6f7b, 0x6f7b, 0x6f7b, 0x6f7b, 0x6f7b, 0x6f7b, 0x6f7b, 0x6f7b,
    0x6f7b, 0x6f7b, 0x6f7b, 0x6f7b, 0x6f7b, 0x6f7b, 0x6f7b, 0x6f7b, 0x6f7b, 0x6f7b, 0x6f7b, 0x6f7b, 0x6f7b, 0x6f7b, 0x6f7b, 0x6f7b,
    0x6f7b, 0x6f7b, 0x6f7b, 0x6f7b, 0x6f7b, 0x6f7b, 0x6f7b, 0x6f7b, 0x6f7b, 0x6f7b, 0x6f7b, 0x6f7b, 0x6f7b, 0x6f7b, 0x6f7b, 0x6f7b,
    0x6f7b, 0x6f7b, 0x6f7b, 0x6f7b, 0x6f7b, 0x6f7b, 0x6f7b, 0x6f7b, 0x6f7b, 0x6f7b, 0x6f7b, 0x6f7b, 0x6f7b, 0x6f7b, 0x6f7b, 0x6f7b,
    0x6f7b, 0x6f7b, 0x6f7b, 0x6f7b, 0x6f7b, 0x6f7b, 0x6f7b, 0x6f7b, 0x6f7b, 0x6f7b, 0x6f7b, 0x6f7b, 0x6f7b, 0x6f7b, 0x6f7b, 0x6f7b,
    0x6f7b, 0x6f7b, 0x6f7b, 0x6f7b, 0x6f7b, 0x6f7b, 0x6f7b, 0x6f7b, 0x6f7b, 0x6f7b, 0x6f7b, 0x6f7b, 0x6f7b, 0x6f7b, 0x6f7b, 0x6f7b,
    0x6f7b, 0x6f7b, 0x6f7b, 0x6739, 0x6739, 0x6739, 0x6739, 0x6f7b, 0x6f7b, 0x6f7b, 0x6f7b, 0x6f7b, 0x6f7b, 0x6f7b, 0x6f7b, 0x6f7b,
    0x6f7b, 0x6f7b, 0x6f7b, 0x6f7b, 0x6f7b, 0x6f7b, 0x6f7b, 0x6f7b, 0x6f7b, 0x6f7b, 0x6f7b, 0x6f7b, 0x6f7b, 0x6f7b, 0x6f7b, 0x6f7b,
    0x6f7b, 0x6f7b, 0x6f7b, 0x6f7b, 0x6f7b, 0x6f7b, 0x6f7b, 0x6f7b, 0x6f7b, 0x6f7b, 0x6f7b, 0x6f7b, 0x6f7b, 0x6f7b, 0x6f7b, 0x6f7b,
    0x6f7b, 0x6f7b, 0x6f7b, 0x6f7b, 0x6f7b, 0x6f7b, 0x6f7b, 0x6f7b, 0x6f7b, 0x6f7b, 0x6f7b, 0x6f7b, 0x6f7b, 0x6f7b, 0x6f7b, 0x6f7b,
    0x6f7b, 0x6f7b, 0x6f7b, 0x6f7b, 0x6f7b, 0x6f7b, 0x6f7b, 0x6f7b, 0x6f7b, 0x6f7b, 0x6f7b, 0x6f7b, 0x6f7b, 0x6f7b, 0x6f7b, 0x6f7b,
    0x6f7b, 0x6f7b, 0x6f7b, 0x6f7b, 0x6f7b, 0x6f7b, 0x6f7b, 0x6f7b, 0x6f7b, 0x6f7b, 0x6f7b, 0x6f7b, 0x6f7b, 0x6f7b, 0x6f7b, 0x6f7b,
    0x6f7b, 0x6f7b, 0x6f7b, 0x6f7b, 0x6f7b, 0x6f7b, 0x6f7b, 0x6f7b, 0x6f7b, 0x6f7b, 0x6f7b, 0x6f7b, 0x6f7b, 0x6f7b, 0x6f7b, 0x6f7b,
    0x6f7b, 0x6f7b, 0x6f7b, 0x6f7b, 0x6f7b, 0x6f7b, 0x6f7b, 0x6f7b, 0x6f7b, 0x6f7b, 0x6f7b, 0x6f7b, 0x6f7b, 0x6f7b, 0x6f7b, 0x6f7b,
    0x6f7b, 0x6f7b, 0x6f7b, 0x6f7b, 0x6f7b, 0x6f7b, 0x6f7b, 0x6f7b, 0x6f7b, 0x6f7b, 0x6f7b, 0x6f7b, 0x6f7b, 0x6f7b, 0x6f7b, 0x6f7b,
    0x6f7b, 0x6f7b, 0x6f7b, 0x6f7b, 0x6f7b, 0x6f7b, 0x6f7b, 0x6f7b, 0x6f7b, 0x6f7b, 0x6f7b, 0x6f7b, 0x6f7b, 0x6f7b, 0x6f7b, 0x6f7b,
    0x6f7b, 0x6f7b, 0x6f7b, 0x6f7b, 0x6f7b, 0x6f7b, 0x6f7b, 0x6f7b, 0x6f7b, 0x6f7b, 0x6f7b, 0x6f7b, 0x6f7b, 0x6f7b, 0x6f7b, 0x6f7b,
    0x6f7b, 0x6f7b, 0x6f7b, 0x6f7b, 0x6f7b, 0x6f7b, 0x6f7b, 0x6f7b, 0x6f7b, 0x6f7b, 0x6f7b, 0x6f7b, 0x6f7b, 0x6f7b, 0x6f7b, 0x6f7b,
    0x6f7b, 0x6f7b, 0x6f7b, 0x6f7b, 0x6f7b, 0x6f7b, 0x6f7b, 0x6f7b, 0x6f7b, 0x6f7b, 0x6f7b, 0x6f7b, 0x6f7b, 0x6f7b, 0x6f7b, 0x6f7b,
    0x6f7b, 0x6f7b, 0x6f7b, 0x6f7b, 0x6f7b, 0x6f7b, 0x6f7b, 0x6f7b, 0x6f7b, 0x6f7b, 0x6f7b, 0x6f7b, 0x6f7b, 0x6f7b, 0x6f7b, 0x6f7b,
    0x6f7b, 0x6f7b, 0x6f7b, 0x6f7b, 0x6f7b, 0x6f7b, 0x6f7b, 0x6f7b, 0x6f7b, 0x6f7b, 0x6f7b, 0x6f7b, 0x6f7b, 0x6f7b, 0x6f7b, 0x6f7b,
    0x6f7b, 0x6f7b, 0x6f7b, 0x6f7b, 0x6f7b, 0x6f7b, 0x6f7b, 0x6f7b, 0x6f7b, 0x6f7b, 0x6f7b, 0x6f7b, 0x6f7b, 0x6f7b, 0x6f7b, 0x6f7b,
    0x6f7b, 0x6f7b, 0x6f7b, 0x6f7b, 0x6f7b, 0x6f7b, 0x6f7b, 0x6f7b, 0x6f7b, 0x6f7b, 0x6f7b, 0x6f7b, 0x6f7b, 0x6f7b, 0x6f7b, 0x6f7b,
    0x6f7b, 0x6f7b, 0x6f7b, 0x6f7b, 0x6f7b, 0x6f7b, 0x6f7b, 0x6f7b, 0x6f7b, 0x6f7b, 0x6f7b, 0x6f7b, 0x6f7b, 0x6f7b, 0x6f7b, 0x6f7b,
    0x6f7b, 0x6f7b, 0x6f7b, 0x6f7b, 0x6f7b, 0x6f7b, 0x6f7b, 0x6f7b, 0x6f7b, 0x6f7b, 0x6f7b, 0x6f7b, 0x6f7b, 0x6f7b, 0x6f7b, 0x6f7b,
    0x6f7b, 0x6f7b, 0x6f7b, 0x6f7b, 0x6f7b, 0x6f7b, 0x6f7b, 0x6f7b, 0x6f7b, 0x6f7b, 0x6f7b, 0x6f7b, 0x6f7b, 0x6f7b, 0x6f7b, 0x6f7b,
    0x6f7b, 0x6f7b, 0x6f7b, 0x6f7b, 0x6f7b, 0x6f7b, 0x6f7b, 0x6f7b, 0x6f7b, 0x6f7b, 0x6f7b, 0x6f7b, 0x6f7b, 0x6f7b, 0x6f7b, 0x6f7b,
    0x6f7b, 0x6f7b, 0x6f7b, 0x6f7b, 0x6f7b, 0x6f7b, 0x6f7b, 0x6f7b, 0x6f7b, 0x6f7b, 0x6f7b, 0x6f7b, 0x6f7b, 0x6f7b, 0x6f7b, 0x6f7b,
    0x6f7b, 0x6f7b, 0x6f7b, 0x6f7b, 0x6f7b, 0x6f7b, 0x6f7b, 0x6f7b, 0x6f7b, 0x6f7b, 0x6f7b, 0x6f7b, 0x6f7b, 0x6f7b, 0x6f7b, 0x6f7b,
    0x6f7b, 0x6f7b, 0x6f7b, 0x6f7b, 0x6f7b, 0x6f7b, 0x6f7b, 0x6f7b, 0x6f7b, 0x6f7b, 0x6f7b, 0x6f7b, 0x6f7b, 0x6f7b, 0x6f7b, 0x6f7b,
    0x6f7b, 0x6f7b, 0x6f7b, 0x6f7b, 0x6f7b, 0x6f7b, 0x6f7b, 0x6f7b, 0x6f7b, 0x6f7b, 0x6f7b, 0x6f7b, 0x6f7b, 0x6f7b, 0x6f7b, 0x6f7b,
    0x6f7b, 0x6f7b, 0x6f7b, 0x6f7b, 0x6f7b, 0x6f7b, 0x6f7b, 0x6f7b, 0x6f7b, 0x6f7b, 0x6f7b, 0x6f7b, 0x6f7b, 0x6f7b, 0x6f7b, 0x6f7b,
    0x6f7b, 0x6f7b, 0x6f7b, 0x6f7b, 0x6f7b, 0x6f7b, 0x6f7b, 0x6f7b, 0x6f7b, 0x6f7b, 0x6f7b, 0x6f7b, 0x6f7b, 0x6f7b, 0x6f7b, 0x6f7b,
    0x6f7b, 0x6f7b, 0x6f7b, 0x6f7b, 0x6f7b, 0x6f7b, 0x6f7b, 0x6f7b, 0x6f7b, 0x6f7b, 0x6f7b, 0x6f7b, 0x6f7b, 0x6f7b, 0x6f7b, 0x6f7b,
    0x6f7b, 0x6f7b, 0x6f7b, 0x6f7b, 0x6f7b, 0x6f7b, 0x6f7b, 0x6f7b, 0x6f7b, 0x6f7b, 0x6f7b, 0x6f7b, 0x6f7b, 0x6f7b, 0x6f7b, 0x6f7b,
    0x6f7b, 0x6f7b, 0x6f7b, 0x6f7b, 0x6f7b, 0x6f7b, 0x6f7b, 0x6f7b, 0x6f7b, 0x6f7b, 0x6f7b, 0x6f7b, 0x6f7b, 0x6f7b, 0x6f7b, 0x6f7b,
    0x6f7b, 0x6f7b, 0x6f7b, 0x6f7b, 0x6f7b, 0x6f7b, 0x6f7b, 0x6f7b, 0x6f7b, 0x6f7b, 0x6f7b, 0x6f7b, 0x6f7b, 0x6f7b, 0x6f7b, 0x6f7b,
    0x6f7b, 0x6f7b, 0x6f7b, 0x6f7b, 0x6f7b, 0x6f7b, 0x6f7b, 0x6f7b, 0x6f7b, 0x6f7b, 0x6f7b, 0x6f7b, 0x6f7b, 0x6f7b, 0x6f7b, 0x6f7b,
    0x6f7b, 0x6f7b, 0x6f7b, 0x6f7b, 0x6f7b, 0x6f7b, 0x6f7b, 0x6f7b, 0x6f7b, 0x6f7b, 0x6f7b, 0x6f7b, 0x6f7b, 0x6f7b, 0x6f7b, 0x6f7b,
    0x6f7b, 0x6f7b, 0x6f7b, 0x6f7b, 0x6f7b, 0x6f7b, 0x6f7b, 0x6f7b, 0x6f7b, 0x6f7b, 0x6f7b, 0x6f7b, 0x6f7b, 0x6f7b, 0x6f7b, 0x6f7b,
    0x6f7b, 0x6f7b, 0x6f7b, 0x6f7b, 0x6f7b, 0x6f7b, 0x6f7b, 0x6f7b, 0x6f7b, 0x6f7b, 0x6f7b, 0x6f7b, 0x6f7b, 0x6f7b, 0x6f7b, 0x6f7b,
    0x6f7b, 0x6f7b, 0x6f7b, 0x6f7b, 0x6f7b, 0x6f7b, 0x6f7b, 0x6f7b, 0x6f7b, 0x6f7b, 0x6f7b, 0x6f7b, 0x6f7b, 0x6f7b, 0x6f7b, 0x6f7b,
    0x6f7b, 0x6f7b, 0x6f7b, 0x6f7b, 0x6f7b, 0x6f7b, 0x6f7b, 0x6f7b, 0x6f7b, 0x6f7b, 0x6f7b, 0x6f7b, 0x6f7b, 0x6f7b, 0x6f7b, 0x6f7b,
    0x6f7b, 0x6f7b, 0x6f7b, 0x6f7b, 0x6f7b, 0x6f7b, 0x6f7b, 0x6f7b, 0x6f7b, 0x6f7b, 0x6f7b, 0x6f7b, 0x6f7b, 0x6f7b, 0x6f7b, 0x6f7b,
    0x6f7b, 0x6f7b, 0x6f7b, 0x6f7b, 0x6f7b, 0x6f7b, 0x6f7b, 0x6f7b, 0x6f7b, 0x6f7b, 0x6f7b, 0x6f7b, 0x6f7b, 0x6f7b, 0x6f7b, 0x6f7b,
    0x6f7b, 0x6f7b, 0x6f7b, 0x6f7b, 0x6f7b, 0x6f7b, 0x6f7b, 0x6f7b, 0x6f7b, 0x6f7b, 0x6f7b, 0x6f7b, 0x6f7b, 0x6f7b, 0x6f7b, 0x6f7b,
    0x6f7b, 0x6f7b, 0x6f7b, 0x6f7b, 0x6f7b, 0x6f7b, 0x6f7b, 0x6f7b, 0x6f7b, 0x6f7b, 0x6f7b, 0x6f7b, 0x6f7b, 0x6f7b, 0x6f7b, 0x6f7b,
};

#endif // MODELTEX_DATA_H
